{
"type": "FeatureCollection",
"name": "gcnvi_blockgroups",
"crs": { "type": "name", "properties": { "name": "urn:ogc:def:crs:OGC:1.3:CRS84" } },
"features": [
{ "type": "Feature", "properties": { "GEOID": "370810154023", "tract": "154.02", "bg": "3", "score": -0.488, "cat": "Low Vitality", "pop": 1459, "pri": 0, "c0": 31.4, "c1": 35.9, "c2": 195700, "c3": 7.7, "c4": 26.9, "c5": 10.3, "c6": 1.0, "c7": 174, "c8": 64.2, "c9": 88 }, "geometry": { "type": "Polygon", "coordinates": [ [ [ -79.75721900029103, 36.112819000071276 ], [ -79.749073999864422, 36.112642999662022 ], [ -79.749247999941701, 36.111400999787286 ], [ -79.751440999552642, 36.108332999779343 ], [ -79.754866999773114, 36.107013999985213 ], [ -79.755619999983608, 36.106270999773123 ], [ -79.754726000206105, 36.105950999834562 ], [ -79.752341999901134, 36.106702000308601 ], [ -79.750602000026717, 36.105987999819249 ], [ -79.750222999910051, 36.106371000166988 ], [ -79.75021600023733, 36.108308999860412 ], [ -79.748941999619944, 36.109418999867493 ], [ -79.746913999865441, 36.108646000318458 ], [ -79.746395999831577, 36.108876000248834 ], [ -79.746625999985355, 36.109496999744934 ], [ -79.745618000405045, 36.110760999763528 ], [ -79.743957999998244, 36.110448999729776 ], [ -79.74191500017514, 36.111325999770784 ], [ -79.741435999601023, 36.111078000270631 ], [ -79.74156899967042, 36.110234000271589 ], [ -79.740929000336138, 36.109535999654625 ], [ -79.738695999643909, 36.110248999763428 ], [ -79.738177999610045, 36.109815000341797 ], [ -79.736405000123668, 36.110883000002552 ], [ -79.735273999621398, 36.109868999657998 ], [ -79.732861999727348, 36.111145000113311 ], [ -79.732228000240852, 36.113078000174788 ], [ -79.729878000271057, 36.113852999680859 ], [ -79.729078000204893, 36.113757000176712 ], [ -79.728406000185259, 36.114325999719604 ], [ -79.727289999751591, 36.114282999965724 ], [ -79.727082000237459, 36.115582999705282 ], [ -79.728386000093764, 36.11752099995892 ], [ -79.729632000223774, 36.11746600012777 ], [ -79.730789999591906, 36.116629999692705 ], [ -79.733065999941843, 36.118119000175298 ], [ -79.734814000212168, 36.11818399989285 ], [ -79.736595999919373, 36.119975000214474 ], [ -79.738776999834769, 36.120951999787586 ], [ -79.739699999924582, 36.122567000162618 ], [ -79.739539000266078, 36.124293000224981 ], [ -79.740489000120078, 36.125121999770691 ], [ -79.743046999604005, 36.123511000013352 ], [ -79.744876000065204, 36.124505000005335 ], [ -79.749097000328959, 36.124111000093642 ], [ -79.75721900029103, 36.112819000071276 ] ] ] } },
{ "type": "Feature", "properties": { "GEOID": "370810157032", "tract": "157.03", "bg": "2", "score": 0.488, "cat": "High Vitality", "pop": 1632, "pri": 0, "c0": 8.3, "c1": 53.2, "c2": 244800, "c3": 3.1, "c4": 20.6, "c5": 4.0, "c6": 0.0, "c7": 90, "c8": 76.3, "c9": 62 }, "geometry": { "type": "Polygon", "coordinates": [ [ [ -79.817736000072401, 36.127911999638144 ], [ -79.816869000059086, 36.127257999930698 ], [ -79.814093000116955, 36.127350000236646 ], [ -79.813000999972758, 36.124510000137029 ], [ -79.811008000378351, 36.125072000280696 ], [ -79.808552000103347, 36.127014000079768 ], [ -79.800482999844732, 36.13075599992716 ], [ -79.794145999962922, 36.132183999668975 ], [ -79.789656000085643, 36.134119999802742 ], [ -79.790324999732249, 36.137980999998675 ], [ -79.790000000042241, 36.141396000316178 ], [ -79.790314999686501, 36.142509999804354 ], [ -79.797371000341926, 36.144695999770974 ], [ -79.798892999758152, 36.144635000194917 ], [ -79.799960999612921, 36.143966999902077 ], [ -79.802338000245186, 36.144674999684419 ], [ -79.803197999687498, 36.143692000155042 ], [ -79.803887000323911, 36.140307999906334 ], [ -79.806192000087833, 36.138660999792414 ], [ -79.808387000246924, 36.138386000308188 ], [ -79.813312000317353, 36.135495999689681 ], [ -79.816177999772862, 36.130879000098346 ], [ -79.816448000109617, 36.128983999882045 ], [ -79.817736000072401, 36.127911999638144 ] ] ] } },
{ "type": "Feature", "properties": { "GEOID": "370810157033", "tract": "157.03", "bg": "3", "score": 0.568, "cat": "High Vitality", "pop": 2545, "pri": 0, "c0": 3.7, "c1": 48.4, "c2": 301900, "c3": 2.4, "c4": 20.6, "c5": 4.0, "c6": 0.0, "c7": 90, "c8": 76.3, "c9": 62 }, "geometry": { "type": "Polygon", "coordinates": [ [ [ -79.831729999585875, 36.125389000339013 ], [ -79.829802000288794, 36.118954999996099 ], [ -79.829589999678376, 36.117068999794881 ], [ -79.823920999618252, 36.119346999766698 ], [ -79.817083000319329, 36.120526000193308 ], [ -79.816295999773644, 36.121185999654365 ], [ -79.81507200028328, 36.123574999727609 ], [ -79.813000999972758, 36.124510000137029 ], [ -79.814093000116955, 36.127350000236646 ], [ -79.816869000059086, 36.127257999930698 ], [ -79.817941000111816, 36.127942999684279 ], [ -79.817058000204966, 36.129557000081768 ], [ -79.817633999965139, 36.130335000330156 ], [ -79.818634999872756, 36.130642999771041 ], [ -79.824118999984961, 36.129101000266502 ], [ -79.827873000268482, 36.129155999928088 ], [ -79.829069999994687, 36.129604999984608 ], [ -79.829569999586866, 36.128143000296085 ], [ -79.831729999585875, 36.125389000339013 ] ] ] } },
{ "type": "Feature", "properties": { "GEOID": "370810157041", "tract": "157.04", "bg": "1", "score": 0.532, "cat": "High Vitality", "pop": 4212, "pri": 0, "c0": 13.1, "c1": 54.0, "c2": 482000, "c3": 2.3, "c4": 20.1, "c5": 11.9, "c6": 0.0, "c7": 52, "c8": 74.7, "c9": 76 }, "geometry": { "type": "Polygon", "coordinates": [ [ [ -79.88132699972175, 36.173751999891465 ], [ -79.87810700026391, 36.164517000018641 ], [ -79.874979999794192, 36.158873000095724 ], [ -79.872998999895358, 36.156119999656937 ], [ -79.868972999625271, 36.14622499973958 ], [ -79.86748700019406, 36.146183999984629 ], [ -79.857775000145409, 36.143288000036527 ], [ -79.854174999847672, 36.141218000069252 ], [ -79.850815999574365, 36.140429000258209 ], [ -79.848130999868829, 36.139068000336195 ], [ -79.846565999896612, 36.14036200001447 ], [ -79.835955000047591, 36.153215000293734 ], [ -79.835467000150956, 36.15325400024485 ], [ -79.833073999625157, 36.157645999756227 ], [ -79.832785999745084, 36.159665999959856 ], [ -79.83379199967554, 36.164936000210268 ], [ -79.836694000014376, 36.167610999947868 ], [ -79.837908000357316, 36.173208000131424 ], [ -79.839993000013251, 36.17256700014903 ], [ -79.844994000251674, 36.172646000350937 ], [ -79.854819000278226, 36.174035999870654 ], [ -79.861947999830278, 36.172518999702895 ], [ -79.866044000420573, 36.172310999847035 ], [ -79.870352999649569, 36.173056999969617 ], [ -79.870335000106223, 36.173629000232161 ], [ -79.871741999894695, 36.173145000281799 ], [ -79.872059000087106, 36.172417000198152 ], [ -79.87481699958758, 36.172217000058779 ], [ -79.877324999741091, 36.172442000089077 ], [ -79.88132699972175, 36.173751999891465 ] ] ] } },
{ "type": "Feature", "properties": { "GEOID": "370810157051", "tract": "157.05", "bg": "1", "score": 0.054, "cat": "Moderate Vitality", "pop": 341, "pri": 0, "c0": 2.1, "c1": 65.4, "c2": 216100, "c3": 0.6, "c4": 20.8, "c5": 11.3, "c6": 1.0, "c7": 98, "c8": 64.3, "c9": 38 }, "geometry": { "type": "Polygon", "coordinates": [ [ [ -79.847468999894929, 36.138202999776986 ], [ -79.860037000251651, 36.135903999700332 ], [ -79.854947000324742, 36.130707000200495 ], [ -79.852942000136466, 36.131652999690068 ], [ -79.846134000076475, 36.133626999650936 ], [ -79.847468999894929, 36.138202999776986 ] ] ] } },
{ "type": "Feature", "properties": { "GEOID": "370810144122", "tract": "144.12", "bg": "2", "score": 0.18, "cat": "Moderate Vitality", "pop": 1295, "pri": 0, "c0": 7.9, "c1": 63.7, "c2": 219100, "c3": 2.4, "c4": 23.0, "c5": 11.8, "c6": 0.0, "c7": 116, "c8": 77.9, "c9": 26 }, "geometry": { "type": "Polygon", "coordinates": [ [ [ -79.977083999902391, 35.993037000181808 ], [ -79.977406999942573, 35.987331000159685 ], [ -79.974887000093474, 35.985227999639008 ], [ -79.973979999897196, 35.982674999657725 ], [ -79.969308000445039, 35.986841000209516 ], [ -79.964204000274449, 35.987737999994245 ], [ -79.958078000279826, 35.990633999955769 ], [ -79.955211999926007, 35.996903000090263 ], [ -79.955210000276182, 35.999354999986139 ], [ -79.956248999818641, 35.999132999730392 ], [ -79.956193999567049, 35.99709900029233 ], [ -79.957802999920204, 35.99630400028429 ], [ -79.960294000355304, 35.996411999941181 ], [ -79.9600759998971, 35.997038000248317 ], [ -79.95867300030659, 35.997455999901995 ], [ -79.959158999655074, 35.999436000061358 ], [ -79.96042200040182, 36.000660999955805 ], [ -79.961103999568891, 36.000666999972516 ], [ -79.961626999625636, 35.999189000227041 ], [ -79.962728999815596, 35.998942999643759 ], [ -79.963513999813131, 35.99824599975922 ], [ -79.967320999800108, 35.998100999863155 ], [ -79.967734000251966, 35.999171999859868 ], [ -79.972407000427367, 36.000032000030423 ], [ -79.973379999847566, 36.001010000169678 ], [ -79.974913000032743, 35.997864999903364 ], [ -79.975164999927813, 35.995761000313415 ], [ -79.977083999902391, 35.993037000181808 ] ] ] } },
{ "type": "Feature", "properties": { "GEOID": "370810144061", "tract": "144.06", "bg": "1", "score": -0.093, "cat": "Moderate Vitality", "pop": 2924, "pri": 0, "c0": 2.4, "c1": 84.4, "c2": 212200, "c3": 4.5, "c4": 30.9, "c5": 8.4, "c6": 1.0, "c7": 180, "c8": 69.7, "c9": 49 }, "geometry": { "type": "Polygon", "coordinates": [ [ [ -79.973682999796267, 35.980342999653573 ], [ -79.974579000121906, 35.966836999786587 ], [ -79.968869999878819, 35.967042000018367 ], [ -79.965773000444628, 35.968045000033641 ], [ -79.949690000178975, 35.981849000187722 ], [ -79.945068999882153, 35.988456000101685 ], [ -79.938876999765284, 35.991849000227617 ], [ -79.93856299994593, 35.99247800000137 ], [ -79.952832999643917, 35.993002000325781 ], [ -79.963932000287883, 35.987836000276509 ], [ -79.969308000445039, 35.986841000209516 ], [ -79.973979999897196, 35.982674999657725 ], [ -79.973682999796267, 35.980342999653573 ] ] ] } },
{ "type": "Feature", "properties": { "GEOID": "370810144081", "tract": "144.08", "bg": "1", "score": -0.649, "cat": "Low Vitality", "pop": 1146, "pri": 0, "c0": 0.0, "c1": 21.1, "c2": 103700, "c3": 9.1, "c4": 29.0, "c5": 4.0, "c6": 1.0, "c7": 280, "c8": 56.9, "c9": 14 }, "geometry": { "type": "Polygon", "coordinates": [ [ [ -80.046620999621283, 35.930763000033508 ], [ -80.046869000216702, 35.920692999860513 ], [ -80.041581999748004, 35.920469999971004 ], [ -80.034268000248019, 35.929878000201271 ], [ -80.033842000275669, 35.930470999744756 ], [ -80.034762999817346, 35.931303000057753 ], [ -80.03526300030785, 35.932686999912121 ], [ -80.034744000449081, 35.937353999791554 ], [ -80.036670000096336, 35.938116000030412 ], [ -80.040344999838851, 35.938810999892176 ], [ -80.041061000239424, 35.930178999832322 ], [ -80.046620999621283, 35.930763000033508 ] ] ] } },
{ "type": "Feature", "properties": { "GEOID": "370810145011", "tract": "145.01", "bg": "1", "score": -0.622, "cat": "Low Vitality", "pop": 756, "pri": 0, "c0": 14.7, "c1": 56.3, "c2": 119600, "c3": 6.0, "c4": 28.8, "c5": 9.6, "c6": 1.0, "c7": 298, "c8": 54.8, "c9": 49 }, "geometry": { "type": "Polygon", "coordinates": [ [ [ -80.026339999556399, 35.919848999989448 ], [ -80.016334999604808, 35.919402000337548 ], [ -79.975133999965678, 35.917796000192922 ], [ -79.980829999789975, 35.923314999741137 ], [ -79.987796999858659, 35.928113000160344 ], [ -79.98930999995234, 35.932329000344033 ], [ -79.991655999724145, 35.934955000333154 ], [ -80.001339000358797, 35.930222999957913 ], [ -80.002751999995084, 35.931480000245095 ], [ -80.004722999848155, 35.93498000012049 ], [ -80.007096000282473, 35.934733000041774 ], [ -80.01428599993389, 35.931721000138381 ], [ -80.022490999736632, 35.930769000272214 ], [ -80.022378999583651, 35.934574999828179 ], [ -80.023125999946359, 35.934587999839245 ], [ -80.022740000156986, 35.924652000200304 ], [ -80.023468000253132, 35.923005000019373 ], [ -80.026339999556399, 35.919848999989448 ] ] ] } },
{ "type": "Feature", "properties": { "GEOID": "370810145021", "tract": "145.02", "bg": "1", "score": -0.247, "cat": "Moderate Vitality", "pop": 2935, "pri": 0, "c0": 3.0, "c1": 65.6, "c2": 188350, "c3": 5.3, "c4": 29.9, "c5": 7.0, "c6": 1.0, "c7": 194, "c8": 59.3, "c9": 51 }, "geometry": { "type": "Polygon", "coordinates": [ [ [ -79.978844999693194, 35.941312000112525 ], [ -79.97818500026743, 35.936456999941626 ], [ -79.978379000436178, 35.931562999723866 ], [ -79.975503000036611, 35.933299999879985 ], [ -79.971926000203425, 35.933937000182034 ], [ -79.970479000231975, 35.933636999708618 ], [ -79.971860000081165, 35.929484999903096 ], [ -79.97285500014101, 35.924203000290483 ], [ -79.973354999733203, 35.917725000361138 ], [ -79.962302000018312, 35.917264999671353 ], [ -79.960362000127361, 35.918057999809655 ], [ -79.961233000338638, 35.919526000201266 ], [ -79.961061999736103, 35.920642999972557 ], [ -79.961474000363069, 35.922499999912041 ], [ -79.962292999797484, 35.922482000221827 ], [ -79.962049000298336, 35.923787000245675 ], [ -79.953872000084687, 35.925046000020316 ], [ -79.953801999764465, 35.926272000210353 ], [ -79.953306000370247, 35.927125000323201 ], [ -79.95035100032797, 35.930412000185669 ], [ -79.949788000088276, 35.931898000117229 ], [ -79.946941999825938, 35.934506000013293 ], [ -79.947760000333759, 35.938851000069761 ], [ -79.947556999944183, 35.939991999937654 ], [ -79.952109999570652, 35.94082699978653 ], [ -79.955949000242981, 35.939967000280895 ], [ -79.959644000076963, 35.941666000360854 ], [ -79.958587999917768, 35.942416000320328 ], [ -79.957535000131614, 35.94451700029083 ], [ -79.95506299996309, 35.946347999708308 ], [ -79.953132000292968, 35.948728999979913 ], [ -79.953176999600501, 35.949454000244295 ], [ -79.954946999612147, 35.951656999682584 ], [ -79.959204999685824, 35.949800000291241 ], [ -79.965807999706414, 35.94924700031779 ], [ -79.968289000095766, 35.948506999834429 ], [ -79.970297999583678, 35.947354999813811 ], [ -79.975667000068157, 35.942914999725701 ], [ -79.978844999693194, 35.941312000112525 ] ] ] } },
{ "type": "Feature", "properties": { "GEOID": "370810145022", "tract": "145.02", "bg": "2", "score": -0.432, "cat": "Low Vitality", "pop": 2239, "pri": 0, "c0": 5.4, "c1": 33.9, "c2": 179500, "c3": 7.3, "c4": 29.9, "c5": 7.0, "c6": 1.0, "c7": 194, "c8": 59.3, "c9": 51 }, "geometry": { "type": "Polygon", "coordinates": [ [ [ -79.991655999724145, 35.934955000333154 ], [ -79.98930999995234, 35.932329000344033 ], [ -79.987574000275885, 35.927902999754139 ], [ -79.980829999789975, 35.923314999741137 ], [ -79.975133999965678, 35.917796000192922 ], [ -79.973354999733203, 35.917725000361138 ], [ -79.97285500014101, 35.924203000290483 ], [ -79.971860000081165, 35.929484999903096 ], [ -79.970479000231975, 35.933636999708618 ], [ -79.971926000203425, 35.933937000182034 ], [ -79.975503000036611, 35.933299999879985 ], [ -79.978379000436178, 35.931562999723866 ], [ -79.97818500026743, 35.936456999941626 ], [ -79.978844999693194, 35.941312000112525 ], [ -79.991655999724145, 35.934955000333154 ] ] ] } },
{ "type": "Feature", "properties": { "GEOID": "370810145031", "tract": "145.03", "bg": "1", "score": -0.875, "cat": "Low Vitality", "pop": 2150, "pri": 0, "c0": 19.1, "c1": 38.3, "c2": 165100, "c3": 6.3, "c4": 32.1, "c5": 16.3, "c6": 1.0, "c7": 229, "c8": 60.2, "c9": 28 }, "geometry": { "type": "Polygon", "coordinates": [ [ [ -79.975443999587071, 35.953342000320937 ], [ -79.974646000069058, 35.94954699971855 ], [ -79.972296000099277, 35.945678999958623 ], [ -79.969873000334573, 35.947649000169186 ], [ -79.967421000257531, 35.948834000224572 ], [ -79.959204999685824, 35.949800000291241 ], [ -79.954946999612147, 35.951656999682584 ], [ -79.956863000111952, 35.953535999897653 ], [ -79.954702000288066, 35.954294000265939 ], [ -79.953523000105207, 35.956170000047472 ], [ -79.949855999860333, 35.958012999884048 ], [ -79.948415999561561, 35.961625000263069 ], [ -79.953586999679317, 35.964274999836626 ], [ -79.954235000307847, 35.973505999929685 ], [ -79.954038999590935, 35.974827999847257 ], [ -79.953021999789797, 35.976899999859597 ], [ -79.953189000194385, 35.978793999785438 ], [ -79.965773000444628, 35.968045000033641 ], [ -79.968869999878819, 35.967042000018367 ], [ -79.974579000121906, 35.966836999786587 ], [ -79.974579000121906, 35.966439999767836 ], [ -79.966396000060485, 35.965301000299611 ], [ -79.960209999791402, 35.964892000171673 ], [ -79.960316999921517, 35.962082000216462 ], [ -79.959054000073081, 35.962024999792256 ], [ -79.958351000091298, 35.960568000189298 ], [ -79.958835999614877, 35.959205999951621 ], [ -79.966345999831759, 35.959559000217602 ], [ -79.967343000439726, 35.952567999928881 ], [ -79.973873999591987, 35.95264999992181 ], [ -79.974328999876647, 35.952709000334075 ], [ -79.974318000005994, 35.95332399965384 ], [ -79.975443999587071, 35.953342000320937 ] ] ] } },
{ "type": "Feature", "properties": { "GEOID": "370810137005", "tract": "137", "bg": "5", "score": 0.434, "cat": "High Vitality", "pop": 725, "pri": 0, "c0": 2.9, "c1": 72.8, "c2": 251750, "c3": 5.6, "c4": 19.1, "c5": 11.0, "c6": 0.0, "c7": 132, "c8": 70.6, "c9": 96 }, "geometry": { "type": "Polygon", "coordinates": [ [ [ -80.025342999846757, 35.963931999886853 ], [ -80.02544599977891, 35.958267999873712 ], [ -80.014188999849523, 35.958043999998047 ], [ -80.013048000199817, 35.958552000062305 ], [ -80.013499000286515, 35.959032000189644 ], [ -80.009071000333535, 35.961657999953687 ], [ -80.012490999807909, 35.965639000066965 ], [ -80.015271999772892, 35.965079000194393 ], [ -80.019236999943615, 35.965288000251675 ], [ -80.019291000370302, 35.963759999845081 ], [ -80.025342999846757, 35.963931999886853 ] ] ] } },
{ "type": "Feature", "properties": { "GEOID": "370810157031", "tract": "157.03", "bg": "1", "score": 0.661, "cat": "High Vitality", "pop": 2046, "pri": 0, "c0": 0.0, "c1": 64.1, "c2": 318800, "c3": 2.7, "c4": 20.6, "c5": 4.0, "c6": 0.0, "c7": 90, "c8": 76.3, "c9": 62 }, "geometry": { "type": "Polygon", "coordinates": [ [ [ -79.829008000070402, 36.129739999735271 ], [ -79.827873000268482, 36.129155999928088 ], [ -79.824118999984961, 36.129101000266502 ], [ -79.818345000342873, 36.130629000350353 ], [ -79.817058000204966, 36.129557000081768 ], [ -79.817775000430458, 36.127873000147865 ], [ -79.816448000109617, 36.128983999882045 ], [ -79.816177999772862, 36.130879000098346 ], [ -79.813312000317353, 36.135495999689681 ], [ -79.808387000246924, 36.138386000308188 ], [ -79.806192000087833, 36.138660999792414 ], [ -79.803887000323911, 36.140307999906334 ], [ -79.803197999687498, 36.143692000155042 ], [ -79.802338000245186, 36.144674999684419 ], [ -79.810008000295625, 36.146231000268109 ], [ -79.812845000337134, 36.14417100027341 ], [ -79.815247000185451, 36.141183000062824 ], [ -79.821716000311739, 36.135393999899705 ], [ -79.823674999570954, 36.132707999794746 ], [ -79.828034999751878, 36.131002000076812 ], [ -79.829008000070402, 36.129739999735271 ] ] ] } },
{ "type": "Feature", "properties": { "GEOID": "370810158002", "tract": "158", "bg": "2", "score": 1.44, "cat": "Very High Vitality", "pop": 3375, "pri": 0, "c0": 0.0, "c1": 92.6, "c2": 552200, "c3": 4.0, "c4": 18.3, "c5": 3.2, "c6": 0.0, "c7": 10, "c8": 81.1, "c9": 178 }, "geometry": { "type": "Polygon", "coordinates": [ [ [ -79.888898000037983, 36.194646000056245 ], [ -79.894885000115437, 36.194077000163496 ], [ -79.893501999718083, 36.192779999681157 ], [ -79.892402999901179, 36.190143999783103 ], [ -79.892643000100676, 36.187124000290815 ], [ -79.892038000028194, 36.185636999665668 ], [ -79.890335999788618, 36.184225999675505 ], [ -79.888015000131148, 36.183162999806676 ], [ -79.882855999708966, 36.176805000290521 ], [ -79.88132699972175, 36.173751999891465 ], [ -79.878800000199959, 36.172817999661461 ], [ -79.87588799981539, 36.17227699993667 ], [ -79.872547999808646, 36.172359999691949 ], [ -79.872059000087106, 36.172417000198152 ], [ -79.871079999920809, 36.173600000072106 ], [ -79.870335000106223, 36.173629000232161 ], [ -79.870352999649569, 36.173056999969617 ], [ -79.868331999567744, 36.172551000245306 ], [ -79.863002000339662, 36.172418000193957 ], [ -79.854819000278226, 36.174035999870654 ], [ -79.844994000251674, 36.172646000350937 ], [ -79.839993000013251, 36.17256700014903 ], [ -79.837908000357316, 36.173208000131424 ], [ -79.838484999942409, 36.176254000344755 ], [ -79.837260999553735, 36.180915000360734 ], [ -79.837967999733479, 36.185639000044866 ], [ -79.838699000202652, 36.188407000216301 ], [ -79.840892999638527, 36.19368300029052 ], [ -79.844107999971783, 36.200077000085479 ], [ -79.844793000410235, 36.203051000267216 ], [ -79.843190999729757, 36.210808000199087 ], [ -79.843481000157979, 36.213482999838902 ], [ -79.845763000355703, 36.217824000152866 ], [ -79.847256000357916, 36.219227000285429 ], [ -79.85204099978796, 36.22106700031523 ], [ -79.858263999866949, 36.222152999908992 ], [ -79.863880000223617, 36.226288999712693 ], [ -79.865235999958486, 36.225511000224365 ], [ -79.867574000232707, 36.223245000072922 ], [ -79.870537999597488, 36.222908999973839 ], [ -79.874532999905455, 36.220954999981295 ], [ -79.879909999887516, 36.219675999801659 ], [ -79.879781000016095, 36.215544999782942 ], [ -79.875958000135597, 36.208974000330763 ], [ -79.875982000425026, 36.20737400028716 ], [ -79.876933000103946, 36.205363999980079 ], [ -79.876518999827155, 36.203665999770848 ], [ -79.874775999579697, 36.202294000073707 ], [ -79.874369999698828, 36.19804900031717 ], [ -79.878276000318323, 36.196746999784686 ], [ -79.884090000143402, 36.196526999855827 ], [ -79.888898000037983, 36.194646000056245 ] ] ] } },
{ "type": "Feature", "properties": { "GEOID": "370810125082", "tract": "125.08", "bg": "2", "score": 0.887, "cat": "High Vitality", "pop": 1061, "pri": 0, "c0": 4.3, "c1": 84.4, "c2": 285200, "c3": 1.0, "c4": 19.3, "c5": 3.3, "c6": 0.0, "c7": 127, "c8": 80.5, "c9": 104 }, "geometry": { "type": "Polygon", "coordinates": [ [ [ -79.849957999781878, 36.115394999718646 ], [ -79.850820999597232, 36.113290999782386 ], [ -79.846649999562189, 36.112061999786839 ], [ -79.842906000222712, 36.109688000271561 ], [ -79.836063000002625, 36.101143999859502 ], [ -79.832902000096013, 36.098507999890202 ], [ -79.831346000344624, 36.096306999794976 ], [ -79.832014000166311, 36.098234000044741 ], [ -79.832055999999085, 36.10057399971847 ], [ -79.831043000395908, 36.103221999703209 ], [ -79.829290000102716, 36.106167000244511 ], [ -79.83281400023246, 36.1056279996792 ], [ -79.833291000258441, 36.107403999652732 ], [ -79.83544700005946, 36.10961600028336 ], [ -79.841876999827704, 36.113797000165789 ], [ -79.843980999750187, 36.113238999965581 ], [ -79.844779999991445, 36.11608899983424 ], [ -79.846294999734951, 36.117293999866185 ], [ -79.847695999675636, 36.116271999680379 ], [ -79.849957999781878, 36.115394999718646 ] ] ] } },
{ "type": "Feature", "properties": { "GEOID": "370810127042", "tract": "127.04", "bg": "2", "score": -0.7, "cat": "Low Vitality", "pop": 1336, "pri": 0, "c0": 26.1, "c1": 38.2, "c2": 206800, "c3": 9.9, "c4": 31.6, "c5": 11.7, "c6": 1.0, "c7": 133, "c8": 67.9, "c9": 34 }, "geometry": { "type": "Polygon", "coordinates": [ [ [ -79.774373999711088, 36.118553000149923 ], [ -79.775408999953882, 36.113243000064323 ], [ -79.771793999587544, 36.113706999980295 ], [ -79.76153500009103, 36.113169999680963 ], [ -79.762132999592495, 36.11594199994633 ], [ -79.764327999751586, 36.115439000311689 ], [ -79.765732999890261, 36.115552999853378 ], [ -79.765066999718371, 36.118215000152254 ], [ -79.774373999711088, 36.118553000149923 ] ] ] } },
{ "type": "Feature", "properties": { "GEOID": "370810127043", "tract": "127.04", "bg": "3", "score": -0.797, "cat": "Low Vitality", "pop": 1487, "pri": 0, "c0": 30.5, "c1": 25.2, "c2": 238100, "c3": 11.6, "c4": 31.6, "c5": 11.7, "c6": 1.0, "c7": 133, "c8": 67.9, "c9": 34 }, "geometry": { "type": "Polygon", "coordinates": [ [ [ -79.778816999732683, 36.11956700012076 ], [ -79.778677999815514, 36.117363000155606 ], [ -79.777380999631887, 36.112651999952277 ], [ -79.775408999953882, 36.113243000064323 ], [ -79.775085000088779, 36.116499999808077 ], [ -79.774373999711088, 36.118553000149923 ], [ -79.765066999718371, 36.118215000152254 ], [ -79.765732999890261, 36.115552999853378 ], [ -79.764610999608792, 36.115457000250338 ], [ -79.762407999952103, 36.11934599981975 ], [ -79.762777000023064, 36.125171000081565 ], [ -79.772826000355607, 36.125323000185183 ], [ -79.77332099992492, 36.126112000237512 ], [ -79.775398000083229, 36.124890999654966 ], [ -79.777526000295168, 36.122912000328149 ], [ -79.778816999732683, 36.11956700012076 ] ] ] } },
{ "type": "Feature", "properties": { "GEOID": "370810127051", "tract": "127.05", "bg": "1", "score": -0.772, "cat": "Low Vitality", "pop": 2572, "pri": 0, "c0": 13.7, "c1": 49.8, "c2": 160600, "c3": 9.2, "c4": 31.3, "c5": 15.2, "c6": 1.0, "c7": 306, "c8": 71.5, "c9": 30 }, "geometry": { "type": "Polygon", "coordinates": [ [ [ -79.764624000027595, 36.099868999725935 ], [ -79.753813999986946, 36.097225000156804 ], [ -79.749859999686876, 36.097360999916667 ], [ -79.745199999930293, 36.095082000037614 ], [ -79.744633000390934, 36.100957999786623 ], [ -79.744859000346764, 36.102523999922191 ], [ -79.74511500043981, 36.10275800026529 ], [ -79.74684699991829, 36.101805999972328 ], [ -79.749319999911705, 36.102205000127753 ], [ -79.748113000139767, 36.105413000088951 ], [ -79.747024000368611, 36.106094999931962 ], [ -79.745241999763095, 36.105986000310907 ], [ -79.745168000143238, 36.106683999814905 ], [ -79.743658000422599, 36.106728000208037 ], [ -79.742874000249969, 36.108965000085341 ], [ -79.741341999889698, 36.109887000147566 ], [ -79.741435999601023, 36.111078000270631 ], [ -79.742747000028345, 36.111218000201767 ], [ -79.743957999998244, 36.110448999729776 ], [ -79.745618000405045, 36.110760999763528 ], [ -79.746625999985355, 36.109496999744934 ], [ -79.746395999831577, 36.108876000248834 ], [ -79.746913999865441, 36.108646000318458 ], [ -79.748941999619944, 36.109418999867493 ], [ -79.750242000176613, 36.108253000021087 ], [ -79.750447000216028, 36.106019999929295 ], [ -79.752659999918464, 36.106708000230341 ], [ -79.754807000396951, 36.105945999972604 ], [ -79.755619999983608, 36.106270999773123 ], [ -79.754866999773114, 36.107013999985213 ], [ -79.751440999552642, 36.108332999779343 ], [ -79.749247999941701, 36.111400999787286 ], [ -79.749073999864422, 36.112642999662022 ], [ -79.75721900029103, 36.112819000071276 ], [ -79.764624000027595, 36.099868999725935 ] ] ] } },
{ "type": "Feature", "properties": { "GEOID": "370810127052", "tract": "127.05", "bg": "2", "score": -0.489, "cat": "Low Vitality", "pop": 2040, "pri": 0, "c0": 2.7, "c1": 81.2, "c2": 182900, "c3": 6.6, "c4": 31.3, "c5": 15.2, "c6": 1.0, "c7": 306, "c8": 71.5, "c9": 30 }, "geometry": { "type": "Polygon", "coordinates": [ [ [ -79.749315999713758, 36.10221999970117 ], [ -79.74684699991829, 36.101805999972328 ], [ -79.74511500043981, 36.10275800026529 ], [ -79.744859000346764, 36.102523999922191 ], [ -79.744633000390934, 36.100957999786623 ], [ -79.745199999930293, 36.095082000037614 ], [ -79.744435999849131, 36.094636000065918 ], [ -79.735265000298881, 36.093951999657733 ], [ -79.727769000325708, 36.096571999872936 ], [ -79.730414999673187, 36.099894999709285 ], [ -79.731255999747233, 36.10165800003432 ], [ -79.734659000401479, 36.104021999856762 ], [ -79.736764000148881, 36.10631499967181 ], [ -79.737010000196179, 36.107431000144217 ], [ -79.743227000427396, 36.107372000106494 ], [ -79.743956000348433, 36.106557999872408 ], [ -79.7452700002505, 36.106640000122908 ], [ -79.745241999763095, 36.105986000310907 ], [ -79.747205999943489, 36.106034000109382 ], [ -79.748355999814024, 36.105116000331776 ], [ -79.749315999713758, 36.10221999970117 ] ] ] } },
{ "type": "Feature", "properties": { "GEOID": "370810127061", "tract": "127.06", "bg": "1", "score": -0.771, "cat": "Low Vitality", "pop": 2684, "pri": 0, "c0": 11.5, "c1": 25.2, "c2": 159600, "c3": 8.0, "c4": 33.6, "c5": 7.1, "c6": 1.0, "c7": 309, "c8": 62.0, "c9": 26 }, "geometry": { "type": "Polygon", "coordinates": [ [ [ -79.756599000149905, 36.087598000014808 ], [ -79.743690000209654, 36.08766799988021 ], [ -79.743993000158341, 36.094567999672073 ], [ -79.749859999686876, 36.097360999916667 ], [ -79.75319600039397, 36.097185999942106 ], [ -79.755763999923644, 36.097702999820335 ], [ -79.755902999840828, 36.094578999654374 ], [ -79.75644599998904, 36.093571000293565 ], [ -79.756599000149905, 36.087598000014808 ] ] ] } },
{ "type": "Feature", "properties": { "GEOID": "370810127062", "tract": "127.06", "bg": "2", "score": -0.636, "cat": "Low Vitality", "pop": 1276, "pri": 0, "c0": 0.0, "c1": 64.8, "c2": 127850, "c3": 11.5, "c4": 33.6, "c5": 7.1, "c6": 1.0, "c7": 309, "c8": 62.0, "c9": 26 }, "geometry": { "type": "Polygon", "coordinates": [ [ [ -79.743993000158341, 36.094567999672073 ], [ -79.743690000209654, 36.08766799988021 ], [ -79.733122000018341, 36.087814999684987 ], [ -79.724994000208497, 36.087450999804176 ], [ -79.724872000009768, 36.090496999683545 ], [ -79.72575999993947, 36.097064000206252 ], [ -79.732090000148588, 36.095286999961559 ], [ -79.735265000298881, 36.093951999657733 ], [ -79.743993000158341, 36.094567999672073 ] ] ] } },
{ "type": "Feature", "properties": { "GEOID": "370810164081", "tract": "164.08", "bg": "1", "score": 0.913, "cat": "High Vitality", "pop": 1907, "pri": 0, "c0": 1.7, "c1": 98.0, "c2": 402100, "c3": 0.0, "c4": 17.1, "c5": 8.7, "c6": 0.0, "c7": 9, "c8": 88.7, "c9": 23 }, "geometry": { "type": "Polygon", "coordinates": [ [ [ -79.941368000200384, 36.016916000229187 ], [ -79.941184000077357, 36.015773999654435 ], [ -79.938972000199854, 36.014560999966925 ], [ -79.938481999755069, 36.013317000311694 ], [ -79.940539999646802, 36.012464000137641 ], [ -79.941271000115989, 36.009757000264329 ], [ -79.939818000296768, 36.010231999880062 ], [ -79.938315000248807, 36.010061000348081 ], [ -79.933492000285611, 36.006682000026807 ], [ -79.930138000035157, 36.010567000144427 ], [ -79.927545000391135, 36.012630000288382 ], [ -79.927047000448766, 36.020180999636999 ], [ -79.924398999654855, 36.02434000026436 ], [ -79.92326100037819, 36.027281999955349 ], [ -79.922209000416942, 36.032054999943988 ], [ -79.923926999651727, 36.032221999837958 ], [ -79.92541999965394, 36.033354000072563 ], [ -79.928147999915495, 36.032890999825732 ], [ -79.930569000030374, 36.033244999856151 ], [ -79.932550999754127, 36.034079999878209 ], [ -79.93785199956821, 36.032174000017804 ], [ -79.938328999594191, 36.030228000173757 ], [ -79.938110000209406, 36.027927999663611 ], [ -79.937582000129794, 36.026967999859714 ], [ -79.937639999856117, 36.024790000224648 ], [ -79.939407000393018, 36.024547999858257 ], [ -79.939769999717868, 36.020878000330242 ], [ -79.941368000200384, 36.016916000229187 ] ] ] } },
{ "type": "Feature", "properties": { "GEOID": "370810164101", "tract": "164.10", "bg": "1", "score": 0.101, "cat": "Moderate Vitality", "pop": 1970, "pri": 0, "c0": 0.0, "c1": 85.4, "c2": 268700, "c3": 8.0, "c4": 23.9, "c5": 16.3, "c6": 0.0, "c7": 114, "c8": 71.2, "c9": 43 }, "geometry": { "type": "Polygon", "coordinates": [ [ [ -79.954256000224234, 35.970429000346613 ], [ -79.953586999679317, 35.964274999836626 ], [ -79.948415999561561, 35.961625000263069 ], [ -79.948018999901549, 35.963660999731438 ], [ -79.946027000132048, 35.966429999763562 ], [ -79.947495000019885, 35.968552999744929 ], [ -79.94762600043947, 35.970387000115636 ], [ -79.943724000017937, 35.97895299980879 ], [ -79.939790999634269, 35.979414000145958 ], [ -79.933037000000922, 35.977657000309478 ], [ -79.92738999968212, 35.977183999917145 ], [ -79.92603200029744, 35.97880100029154 ], [ -79.926701999768952, 35.979191999744202 ], [ -79.926577999920397, 35.980010999730005 ], [ -79.924495999739207, 35.981918000089763 ], [ -79.92379500030556, 35.984947000059165 ], [ -79.926859000127777, 35.98633699972342 ], [ -79.926545000308423, 35.987209000180691 ], [ -79.92746800039825, 35.988871999865005 ], [ -79.927645999775166, 35.990776000111595 ], [ -79.928605999674886, 35.992375999966264 ], [ -79.927471999697886, 35.996705000021947 ], [ -79.932769000212332, 35.994846000253567 ], [ -79.943202999611032, 35.989700000239253 ], [ -79.945462000242514, 35.988098000299978 ], [ -79.94905999999213, 35.982586000141858 ], [ -79.953189000194385, 35.978793999785438 ], [ -79.953021999789797, 35.976899999859597 ], [ -79.954224000437179, 35.973903000040181 ], [ -79.954256000224234, 35.970429000346613 ] ] ] } },
{ "type": "Feature", "properties": { "GEOID": "370810164102", "tract": "164.10", "bg": "2", "score": 0.087, "cat": "Moderate Vitality", "pop": 3538, "pri": 0, "c0": 0.0, "c1": 66.7, "c2": 275100, "c3": 6.0, "c4": 23.9, "c5": 16.3, "c6": 0.0, "c7": 114, "c8": 71.2, "c9": 43 }, "geometry": { "type": "Polygon", "coordinates": [ [ [ -79.956863000111952, 35.953535999897653 ], [ -79.954946999612147, 35.951656999682584 ], [ -79.950907999821567, 35.95408199987488 ], [ -79.936930000201627, 35.959881000252146 ], [ -79.934653000026785, 35.96135400018877 ], [ -79.929963999957891, 35.966313000201175 ], [ -79.92330700040894, 35.969302999649351 ], [ -79.917764999672102, 35.972804000348624 ], [ -79.920810999950987, 35.97429700005091 ], [ -79.92195099977576, 35.975885000224849 ], [ -79.92603200029744, 35.97880100029154 ], [ -79.92738999968212, 35.977183999917145 ], [ -79.933037000000922, 35.977657000309478 ], [ -79.939790999634269, 35.979414000145958 ], [ -79.943724000017937, 35.97895299980879 ], [ -79.94762600043947, 35.970387000115636 ], [ -79.947562999791955, 35.968725999932431 ], [ -79.946181999942738, 35.967051000243309 ], [ -79.946073000162798, 35.966114999707862 ], [ -79.948018999901549, 35.963660999731438 ], [ -79.949361000291006, 35.9586570003394 ], [ -79.95053999957554, 35.957509999829007 ], [ -79.953672000068124, 35.956051999985881 ], [ -79.954702000288066, 35.954294000265939 ], [ -79.956863000111952, 35.953535999897653 ] ] ] } },
{ "type": "Feature", "properties": { "GEOID": "370810165032", "tract": "165.03", "bg": "2", "score": -0.008, "cat": "Moderate Vitality", "pop": 2898, "pri": 0, "c0": 1.9, "c1": 7.5, "c2": 242900, "c3": 3.6, "c4": 23.1, "c5": 7.1, "c6": 0.0, "c7": 217, "c8": 63.4, "c9": 52 }, "geometry": { "type": "Polygon", "coordinates": [ [ [ -79.91834499963025, 36.044653000313168 ], [ -79.919765999662431, 36.03941399998147 ], [ -79.911144000108166, 36.039103000303392 ], [ -79.908552000289063, 36.038646999991037 ], [ -79.905155000380901, 36.039039000074716 ], [ -79.897554999752344, 36.038971999791045 ], [ -79.894547999831531, 36.03841700016028 ], [ -79.890016999946383, 36.036150000272272 ], [ -79.892539000343604, 36.040815000006525 ], [ -79.89556999965555, 36.043364000301786 ], [ -79.899089999587332, 36.044775000018369 ], [ -79.911242000017467, 36.046630999950573 ], [ -79.913385000298007, 36.04781900014941 ], [ -79.915584999581625, 36.050345000204786 ], [ -79.917891999893712, 36.04940100014683 ], [ -79.91834499963025, 36.044653000313168 ] ] ] } },
{ "type": "Feature", "properties": { "GEOID": "370810165051", "tract": "165.05", "bg": "1", "score": 0.453, "cat": "High Vitality", "pop": 2244, "pri": 0, "c0": 4.2, "c1": 98.7, "c2": 331800, "c3": 4.5, "c4": 21.4, "c5": 8.0, "c6": 0.0, "c7": 125, "c8": 71.1, "c9": 37 }, "geometry": { "type": "Polygon", "coordinates": [ [ [ -79.924795000388272, 36.023490999821355 ], [ -79.926777999936945, 36.020758000156135 ], [ -79.923068000034334, 36.020321999874383 ], [ -79.921047999777443, 36.019271999641163 ], [ -79.917245999813346, 36.018258999796231 ], [ -79.912083999916419, 36.018500000083364 ], [ -79.911661000317125, 36.019073000028733 ], [ -79.912546999698691, 36.019813999969557 ], [ -79.913689000071614, 36.019387000345468 ], [ -79.913935000118911, 36.01997900014041 ], [ -79.912341999659276, 36.021267999997335 ], [ -79.910759999968604, 36.021945000054096 ], [ -79.910605999982835, 36.02276499978047 ], [ -79.911466000323443, 36.024257999917261 ], [ -79.909168000232199, 36.026622999922047 ], [ -79.909688999740808, 36.027555000330999 ], [ -79.908851000039803, 36.028931999732876 ], [ -79.908821999727479, 36.030685000180483 ], [ -79.909201999669079, 36.031970999698245 ], [ -79.913424999582659, 36.03592099996856 ], [ -79.91418399964094, 36.039003000059466 ], [ -79.919765999662431, 36.03941399998147 ], [ -79.920595999865824, 36.035976000200627 ], [ -79.92184299982074, 36.03338400005898 ], [ -79.923345000043767, 36.027026999931536 ], [ -79.924795000388272, 36.023490999821355 ] ] ] } },
{ "type": "Feature", "properties": { "GEOID": "370810165052", "tract": "165.05", "bg": "2", "score": -0.058, "cat": "Moderate Vitality", "pop": 985, "pri": 0, "c0": 7.2, "c1": 0.0, "c2": 205843, "c3": 6.4, "c4": 21.4, "c5": 8.0, "c6": 0.0, "c7": 125, "c8": 71.1, "c9": 37 }, "geometry": { "type": "Polygon", "coordinates": [ [ [ -79.913935000118911, 36.01997900014041 ], [ -79.913689000071614, 36.019387000345468 ], [ -79.912546999698691, 36.019813999969557 ], [ -79.911661000317125, 36.019073000028733 ], [ -79.912083999916419, 36.018500000083364 ], [ -79.908806999658879, 36.0187220003017 ], [ -79.90496200003706, 36.017851000011873 ], [ -79.904816000447184, 36.019431000178827 ], [ -79.905171000274436, 36.020497000127321 ], [ -79.907682999727612, 36.02254300005368 ], [ -79.909930999590131, 36.02253299989416 ], [ -79.913935000118911, 36.01997900014041 ] ] ] } },
{ "type": "Feature", "properties": { "GEOID": "370810107022", "tract": "107.02", "bg": "2", "score": -0.725, "cat": "Low Vitality", "pop": 3890, "pri": 0, "c0": 5.7, "c1": 19.1, "c2": 318607, "c3": 9.6, "c4": 26.3, "c5": null, "c6": 1.0, "c7": 301, "c8": 57.1, "c9": 16 }, "geometry": { "type": "Polygon", "coordinates": [ [ [ -79.814738000372415, 36.073882999714115 ], [ -79.815334000224098, 36.064709000281802 ], [ -79.81020199956609, 36.065974000251686 ], [ -79.805523000441241, 36.066509000168793 ], [ -79.80558100016755, 36.068072000118114 ], [ -79.806934000427674, 36.068135000106111 ], [ -79.806775000419009, 36.0704020003528 ], [ -79.80287200017257, 36.070227999745669 ], [ -79.80294800034055, 36.069329000158248 ], [ -79.796372000084133, 36.069326999717212 ], [ -79.796151000151212, 36.072785000121094 ], [ -79.814738000372415, 36.073882999714115 ] ] ] } },
{ "type": "Feature", "properties": { "GEOID": "370810109001", "tract": "109", "bg": "1", "score": -1.044, "cat": "Low Vitality", "pop": 845, "pri": 0, "c0": 15.1, "c1": 30.1, "c2": 283100, "c3": 20.1, "c4": 25.3, "c5": 14.0, "c6": 1.0, "c7": 351, "c8": 55.8, "c9": 29 }, "geometry": { "type": "Polygon", "coordinates": [ [ [ -79.783653999939602, 36.078627999660711 ], [ -79.782878000162867, 36.077536000217272 ], [ -79.782982999744874, 36.076079000106368 ], [ -79.774727999713392, 36.079819000248023 ], [ -79.770396000019886, 36.082842000340506 ], [ -79.769756999612213, 36.08508399976575 ], [ -79.78265499968181, 36.085723999881445 ], [ -79.783289999891537, 36.080123000002423 ], [ -79.782534000206297, 36.080592000250881 ], [ -79.78178699984359, 36.079809000102358 ], [ -79.783653999939602, 36.078627999660711 ] ] ] } },
{ "type": "Feature", "properties": { "GEOID": "370810109002", "tract": "109", "bg": "2", "score": -0.664, "cat": "Low Vitality", "pop": 1246, "pri": 0, "c0": 20.9, "c1": 23.9, "c2": 359250, "c3": 2.7, "c4": 25.3, "c5": 14.0, "c6": 1.0, "c7": 351, "c8": 55.8, "c9": 29 }, "geometry": { "type": "Polygon", "coordinates": [ [ [ -79.789031999746584, 36.088053000203416 ], [ -79.789796999652637, 36.078682999819918 ], [ -79.787122999817768, 36.077915000120726 ], [ -79.786595999563076, 36.079337000349099 ], [ -79.785704000333723, 36.079400000026261 ], [ -79.784991000306192, 36.075843999691642 ], [ -79.782982999744874, 36.076079000106368 ], [ -79.782878000162867, 36.077536000217272 ], [ -79.783653999939602, 36.078627999660711 ], [ -79.78178699984359, 36.079809000102358 ], [ -79.782534000206297, 36.080592000250881 ], [ -79.783289999891537, 36.080123000002423 ], [ -79.782711999583213, 36.083095999945584 ], [ -79.782508000267015, 36.087694000270609 ], [ -79.789031999746584, 36.088053000203416 ] ] ] } },
{ "type": "Feature", "properties": { "GEOID": "370810111022", "tract": "111.02", "bg": "2", "score": -0.64, "cat": "Low Vitality", "pop": 1270, "pri": 0, "c0": 8.7, "c1": 70.2, "c2": 156000, "c3": 6.2, "c4": 30.9, "c5": 13.3, "c6": 1.0, "c7": 271, "c8": 63.9, "c9": 10 }, "geometry": { "type": "Polygon", "coordinates": [ [ [ -79.769819000434794, 36.046967999728949 ], [ -79.769211999814146, 36.046357000175263 ], [ -79.761787999811006, 36.046630999950573 ], [ -79.762197999889835, 36.052509000293583 ], [ -79.761931999751042, 36.058147000077469 ], [ -79.750514000163179, 36.057730999885408 ], [ -79.750305999750722, 36.058116000084844 ], [ -79.759890999577763, 36.062558000155633 ], [ -79.767408000365634, 36.06353499989558 ], [ -79.767818000444478, 36.06173700013418 ], [ -79.768364999892327, 36.04973399998859 ], [ -79.769819000434794, 36.046967999728949 ] ] ] } },
{ "type": "Feature", "properties": { "GEOID": "370810107012", "tract": "107.01", "bg": "2", "score": -0.1, "cat": "Moderate Vitality", "pop": 672, "pri": 0, "c0": 3.2, "c1": 52.4, "c2": 347900, "c3": 6.0, "c4": 20.2, "c5": 13.0, "c6": 0.0, "c7": 250, "c8": 53.0, "c9": 33 }, "geometry": { "type": "Polygon", "coordinates": [ [ [ -79.813330999685618, 36.079877999919724 ], [ -79.814738000372415, 36.073882999714115 ], [ -79.802640000368982, 36.073132999802453 ], [ -79.802373000405282, 36.076630999900246 ], [ -79.808000999559212, 36.077021000070445 ], [ -79.807151999987553, 36.078993999930596 ], [ -79.808153999720105, 36.079759000081161 ], [ -79.809489000436884, 36.079222000070715 ], [ -79.813330999685618, 36.079877999919724 ] ] ] } },
{ "type": "Feature", "properties": { "GEOID": "370810107021", "tract": "107.02", "bg": "1", "score": -0.664, "cat": "Low Vitality", "pop": 2708, "pri": 0, "c0": 9.5, "c1": 14.8, "c2": 229300, "c3": 2.1, "c4": 26.3, "c5": null, "c6": 1.0, "c7": 301, "c8": 57.1, "c9": 16 }, "geometry": { "type": "Polygon", "coordinates": [ [ [ -79.815442000179118, 36.063184999997894 ], [ -79.804275999588, 36.064432999697743 ], [ -79.798818000313403, 36.065619999967716 ], [ -79.796952000042282, 36.067981999840335 ], [ -79.796372000084133, 36.069326999717212 ], [ -79.80294800034055, 36.069329000158248 ], [ -79.80287200017257, 36.070227999745669 ], [ -79.806775000419009, 36.0704020003528 ], [ -79.806934000427674, 36.068135000106111 ], [ -79.80558100016755, 36.068072000118114 ], [ -79.805523000441241, 36.066509000168793 ], [ -79.81020199956609, 36.065974000251686 ], [ -79.815334000224098, 36.064709000281802 ], [ -79.815442000179118, 36.063184999997894 ] ] ] } },
{ "type": "Feature", "properties": { "GEOID": "370810113004", "tract": "113", "bg": "4", "score": -0.885, "cat": "Low Vitality", "pop": 535, "pri": 1, "c0": 7.2, "c1": 76.2, "c2": 171250, "c3": 8.6, "c4": 31.1, "c5": 19.1, "c6": 1.0, "c7": 376, "c8": 57.7, "c9": 26 }, "geometry": { "type": "Polygon", "coordinates": [ [ [ -79.771909999938501, 36.056396000241946 ], [ -79.776161000339457, 36.048854000158528 ], [ -79.775039999882949, 36.047990999942137 ], [ -79.774217000250559, 36.044879000141755 ], [ -79.769852999871659, 36.046930000149409 ], [ -79.768364999892327, 36.04973399998859 ], [ -79.768057999745665, 36.056261000086053 ], [ -79.771909999938501, 36.056396000241946 ] ] ] } },
{ "type": "Feature", "properties": { "GEOID": "370810114002", "tract": "114", "bg": "2", "score": -1.822, "cat": "Very Low Vitality", "pop": 1135, "pri": 1, "c0": 64.3, "c1": 11.5, "c2": 150700, "c3": 9.2, "c4": 33.0, "c5": 16.7, "c6": 1.0, "c7": 554, "c8": 53.9, "c9": 17 }, "geometry": { "type": "Polygon", "coordinates": [ [ [ -79.800373000239873, 36.054584000130994 ], [ -79.800795999839181, 36.051959999958413 ], [ -79.798040999813452, 36.051823000022566 ], [ -79.798143999745619, 36.050664999907895 ], [ -79.791502000265282, 36.049915000166607 ], [ -79.791748000312566, 36.052565999974043 ], [ -79.79360700001267, 36.055283000046046 ], [ -79.799413000340138, 36.055165000072016 ], [ -79.800373000239873, 36.054584000130994 ] ] ] } },
{ "type": "Feature", "properties": { "GEOID": "370810115003", "tract": "115", "bg": "3", "score": -0.87, "cat": "Low Vitality", "pop": 708, "pri": 1, "c0": 8.0, "c1": 36.9, "c2": 149200, "c3": 8.8, "c4": 29.1, "c5": 13.1, "c6": 1.0, "c7": 334, "c8": 55.7, "c9": 21 }, "geometry": { "type": "Polygon", "coordinates": [ [ [ -79.815817999922757, 36.053852000216843 ], [ -79.815418999714595, 36.051692999693309 ], [ -79.815453999874677, 36.045080000270161 ], [ -79.814759000288831, 36.043938999902743 ], [ -79.811908999828532, 36.045838000113008 ], [ -79.810594999926465, 36.048579000009923 ], [ -79.806761000175314, 36.052239000214406 ], [ -79.80829400036049, 36.052318000260797 ], [ -79.808143999674328, 36.055377999773462 ], [ -79.812219000348236, 36.055486999854573 ], [ -79.812347000394766, 36.053418000215906 ], [ -79.815817999922757, 36.053852000216843 ] ] ] } },
{ "type": "Feature", "properties": { "GEOID": "370810116012", "tract": "116.01", "bg": "2", "score": -0.273, "cat": "Moderate Vitality", "pop": 1445, "pri": 0, "c0": 7.3, "c1": 53.8, "c2": 163600, "c3": 5.3, "c4": 30.2, "c5": 2.4, "c6": 1.0, "c7": 247, "c8": 62.0, "c9": 48 }, "geometry": { "type": "Polygon", "coordinates": [ [ [ -79.826197999793095, 36.0520560001425 ], [ -79.826279999808847, 36.047153999700022 ], [ -79.822312000163407, 36.047040999863725 ], [ -79.822039000351921, 36.046445000196449 ], [ -79.81544800002689, 36.046397000329158 ], [ -79.815418999714595, 36.051692999693309 ], [ -79.815817999922757, 36.053852000216843 ], [ -79.818793000056516, 36.053934000256113 ], [ -79.818864000201614, 36.052249000233822 ], [ -79.826197999793095, 36.0520560001425 ] ] ] } },
{ "type": "Feature", "properties": { "GEOID": "370810126171", "tract": "126.17", "bg": "1", "score": -0.475, "cat": "Low Vitality", "pop": 2747, "pri": 0, "c0": 5.7, "c1": 45.6, "c2": 205400, "c3": 7.6, "c4": 28.5, "c5": 10.9, "c6": 1.0, "c7": 171, "c8": 64.2, "c9": 20 }, "geometry": { "type": "Polygon", "coordinates": [ [ [ -79.875206999574928, 36.04786500034195 ], [ -79.877564999940617, 36.042308000170173 ], [ -79.873741000235199, 36.042233999803301 ], [ -79.874387000315579, 36.037459000138846 ], [ -79.875819000218414, 36.033297999873582 ], [ -79.8707340003144, 36.031504999751952 ], [ -79.869997999822317, 36.032863000293077 ], [ -79.870211000257669, 36.034129000294385 ], [ -79.869637000147293, 36.036233999693366 ], [ -79.866737000356622, 36.040119999645775 ], [ -79.865827999612193, 36.045687999818746 ], [ -79.864071999844256, 36.048818000272924 ], [ -79.869026000227038, 36.048649999862974 ], [ -79.873444000134285, 36.049972999650095 ], [ -79.875206999574928, 36.04786500034195 ] ] ] } },
{ "type": "Feature", "properties": { "GEOID": "370810127031", "tract": "127.03", "bg": "1", "score": 0.252, "cat": "Moderate Vitality", "pop": 1603, "pri": 0, "c0": 10.2, "c1": 91.5, "c2": 596050, "c3": 12.1, "c4": 22.7, "c5": 14.8, "c6": 0.0, "c7": 221, "c8": 69.9, "c9": 78 }, "geometry": { "type": "Polygon", "coordinates": [ [ [ -79.811891000285186, 36.124781999998852 ], [ -79.81147899965822, 36.12380299969162 ], [ -79.809846999738838, 36.122101999717621 ], [ -79.801805999967627, 36.118430000256872 ], [ -79.801347000383316, 36.117469000040394 ], [ -79.800940999604137, 36.111310999758878 ], [ -79.799681000128743, 36.110116000008226 ], [ -79.797315000265442, 36.109864000045413 ], [ -79.796936000148762, 36.107785000165734 ], [ -79.793143000405479, 36.108535999798114 ], [ -79.791062000049223, 36.10948200010948 ], [ -79.793073999910192, 36.11119499976364 ], [ -79.792943000388945, 36.112638000226013 ], [ -79.795021000372159, 36.115935000013934 ], [ -79.795055999633959, 36.117901000048711 ], [ -79.796599999689775, 36.124157999813164 ], [ -79.797822000428653, 36.131376000000827 ], [ -79.800482999844732, 36.13075599992716 ], [ -79.808552000103347, 36.127014000079768 ], [ -79.811891000285186, 36.124781999998852 ] ] ] } },
{ "type": "Feature", "properties": { "GEOID": "370810127041", "tract": "127.04", "bg": "1", "score": -0.568, "cat": "Low Vitality", "pop": 1594, "pri": 0, "c0": 23.9, "c1": 40.7, "c2": 193500, "c3": 4.9, "c4": 31.6, "c5": 11.7, "c6": 1.0, "c7": 133, "c8": 67.9, "c9": 34 }, "geometry": { "type": "Polygon", "coordinates": [ [ [ -79.764531000141176, 36.115601000336582 ], [ -79.762132999592495, 36.11594199994633 ], [ -79.76153500009103, 36.113169999680963 ], [ -79.75721900029103, 36.112819000071276 ], [ -79.753201000416851, 36.118432000174089 ], [ -79.755077999660287, 36.118518000194065 ], [ -79.755137000109841, 36.119532999835883 ], [ -79.759830000376709, 36.11976700030354 ], [ -79.759282000205616, 36.125224999722477 ], [ -79.762777000023064, 36.125171000081565 ], [ -79.762407999952103, 36.11934599981975 ], [ -79.764531000141176, 36.115601000336582 ] ] ] } },
{ "type": "Feature", "properties": { "GEOID": "370810127032", "tract": "127.03", "bg": "2", "score": -0.142, "cat": "Moderate Vitality", "pop": 983, "pri": 0, "c0": 13.9, "c1": 42.7, "c2": 253000, "c3": 9.1, "c4": 22.7, "c5": 14.8, "c6": 0.0, "c7": 221, "c8": 69.9, "c9": 78 }, "geometry": { "type": "Polygon", "coordinates": [ [ [ -79.796119000364158, 36.122038000253717 ], [ -79.795055999633959, 36.117901000048711 ], [ -79.795021000372159, 36.115935000013934 ], [ -79.792943000388945, 36.112638000226013 ], [ -79.793073999910192, 36.11119499976364 ], [ -79.791062000049223, 36.10948200010948 ], [ -79.788510000413083, 36.110464999966347 ], [ -79.785356000179178, 36.111106000276813 ], [ -79.781969000316764, 36.111254999882654 ], [ -79.777380999631887, 36.112651999952277 ], [ -79.778840000197235, 36.118484000180544 ], [ -79.778398000331336, 36.121263000258089 ], [ -79.776595999634338, 36.123976999982453 ], [ -79.77332099992492, 36.126112000237512 ], [ -79.773550000253792, 36.12646000035577 ], [ -79.775656999651005, 36.126527000134665 ], [ -79.776034999942766, 36.125595000132421 ], [ -79.788072999671769, 36.125832000265028 ], [ -79.787553999812985, 36.124717999817392 ], [ -79.791933000260499, 36.12482999991937 ], [ -79.790472000045341, 36.122032000051888 ], [ -79.796119000364158, 36.122038000253717 ] ] ] } },
{ "type": "Feature", "properties": { "GEOID": "370810101001", "tract": "101", "bg": "1", "score": -1.073, "cat": "Low Vitality", "pop": 1740, "pri": 0, "c0": 20.6, "c1": 40.6, "c2": 134700, "c3": 12.9, "c4": 31.3, "c5": 10.7, "c6": 1.0, "c7": 348, "c8": 57.8, "c9": 13 }, "geometry": { "type": "Polygon", "coordinates": [ [ [ -79.765720000369768, 36.091527000091787 ], [ -79.766512999864929, 36.087673000179322 ], [ -79.758001999740429, 36.087227999898204 ], [ -79.756609000195638, 36.087508000303693 ], [ -79.75644599998904, 36.093571000293565 ], [ -79.755902999840828, 36.094578999654374 ], [ -79.755763999923644, 36.097702999820335 ], [ -79.764624000027595, 36.099868999725935 ], [ -79.765532999873699, 36.097656999733189 ], [ -79.765720000369768, 36.091527000091787 ] ] ] } },
{ "type": "Feature", "properties": { "GEOID": "370810102001", "tract": "102", "bg": "1", "score": -0.98, "cat": "Low Vitality", "pop": 1331, "pri": 0, "c0": 36.4, "c1": 2.5, "c2": 172150, "c3": 17.0, "c4": 25.4, "c5": 10.6, "c6": 1.0, "c7": 223, "c8": 64.5, "c9": 60 }, "geometry": { "type": "Polygon", "coordinates": [ [ [ -79.777380999631887, 36.112651999952277 ], [ -79.776485000204573, 36.109097000260583 ], [ -79.764284000268958, 36.108452999989666 ], [ -79.760955999957787, 36.106457999716604 ], [ -79.75721900029103, 36.112819000071276 ], [ -79.771793999587544, 36.113706999980295 ], [ -79.777380999631887, 36.112651999952277 ] ] ] } },
{ "type": "Feature", "properties": { "GEOID": "370810104011", "tract": "104.01", "bg": "1", "score": 0.485, "cat": "High Vitality", "pop": 684, "pri": 0, "c0": 2.2, "c1": 34.6, "c2": 320750, "c3": 2.6, "c4": 18.1, "c5": null, "c6": 0.0, "c7": 128, "c8": 77.1, "c9": 65 }, "geometry": { "type": "Polygon", "coordinates": [ [ [ -79.811015000051029, 36.088108000303052 ], [ -79.802058999687631, 36.081635999935713 ], [ -79.800758000204354, 36.082857999665315 ], [ -79.800026999735152, 36.084286999644853 ], [ -79.798639000213242, 36.084314000094508 ], [ -79.797886999827654, 36.084731999876951 ], [ -79.796093000424875, 36.08762199972675 ], [ -79.795157999741207, 36.090077999747194 ], [ -79.796768999744174, 36.091067999911068 ], [ -79.79789299967544, 36.093134000080411 ], [ -79.801224000359667, 36.093716999673774 ], [ -79.801678999746017, 36.093570000018495 ], [ -79.80224299981063, 36.08675300004046 ], [ -79.804012999822277, 36.086812999951633 ], [ -79.806242000316544, 36.085946000051983 ], [ -79.808032000419672, 36.086804000330865 ], [ -79.809015999710539, 36.088047000309011 ], [ -79.811015000051029, 36.088108000303052 ] ] ] } },
{ "type": "Feature", "properties": { "GEOID": "370810104042", "tract": "104.04", "bg": "2", "score": 1.299, "cat": "Very High Vitality", "pop": 467, "pri": 0, "c0": 0.0, "c1": 95.7, "c2": 1000100, "c3": 8.5, "c4": 14.6, "c5": 5.7, "c6": 0.0, "c7": 48, "c8": 85.7, "c9": 44 }, "geometry": { "type": "Polygon", "coordinates": [ [ [ -79.804427000099068, 36.098935000089114 ], [ -79.803625000383065, 36.097270000268871 ], [ -79.802642000018807, 36.096246999872356 ], [ -79.799717000113759, 36.095658999658298 ], [ -79.796337999748957, 36.093837999978781 ], [ -79.79470599982956, 36.09337799995091 ], [ -79.792488000104285, 36.091892999837967 ], [ -79.793104000047421, 36.091465000271391 ], [ -79.792830000411044, 36.091183000283891 ], [ -79.788557000268739, 36.094003000358377 ], [ -79.78793299992968, 36.10272799986943 ], [ -79.793047000146004, 36.102903999995952 ], [ -79.79319899958368, 36.099805000288534 ], [ -79.793529000194866, 36.099687999798697 ], [ -79.804237000128253, 36.099526999813762 ], [ -79.804427000099068, 36.098935000089114 ] ] ] } },
{ "type": "Feature", "properties": { "GEOID": "370810105002", "tract": "105", "bg": "2", "score": 0.799, "cat": "High Vitality", "pop": 778, "pri": 0, "c0": 3.0, "c1": 96.4, "c2": 508100, "c3": 0.8, "c4": 16.3, "c5": 7.7, "c6": 0.0, "c7": 142, "c8": 77.8, "c9": 27 }, "geometry": { "type": "Polygon", "coordinates": [ [ [ -79.831944999671023, 36.074790000010481 ], [ -79.814738000372415, 36.073882999714115 ], [ -79.814596000082204, 36.075222000188425 ], [ -79.827197999875807, 36.080519999736602 ], [ -79.825789000437496, 36.082559000219888 ], [ -79.821160999569642, 36.085191000032125 ], [ -79.823743000241322, 36.087188999804098 ], [ -79.827041000415278, 36.085296000117999 ], [ -79.828597000166667, 36.083801999802418 ], [ -79.829917999741426, 36.081063999730695 ], [ -79.830111999910187, 36.077296000293593 ], [ -79.831944999671023, 36.074790000010481 ] ] ] } },
{ "type": "Feature", "properties": { "GEOID": "370810106021", "tract": "106.02", "bg": "1", "score": -0.024, "cat": "Moderate Vitality", "pop": 896, "pri": 0, "c0": 0.0, "c1": 75.1, "c2": 447150, "c3": 2.7, "c4": 24.6, "c5": 13.3, "c6": 1.0, "c7": 92, "c8": 52.9, "c9": 27 }, "geometry": { "type": "Polygon", "coordinates": [ [ [ -79.831649000293339, 36.074136000146687 ], [ -79.83174399982957, 36.071253999897372 ], [ -79.830131000176763, 36.071175999816582 ], [ -79.830167000161765, 36.068797000133223 ], [ -79.828100999874138, 36.068777999806443 ], [ -79.828120000140686, 36.067661000237671 ], [ -79.823209000313938, 36.067572000095595 ], [ -79.823128000123091, 36.068678000227578 ], [ -79.821221999669007, 36.068642999836619 ], [ -79.821133999805454, 36.069839999718091 ], [ -79.818747999850657, 36.069784000057588 ], [ -79.818654000139333, 36.071314000018532 ], [ -79.818984999677127, 36.071890000014918 ], [ -79.81858499964406, 36.072391000000344 ], [ -79.818494000305762, 36.074050999985971 ], [ -79.830681999822573, 36.07454299970297 ], [ -79.830742000097047, 36.074165999839828 ], [ -79.831649000293339, 36.074136000146687 ] ] ] } },
{ "type": "Feature", "properties": { "GEOID": "370810106022", "tract": "106.02", "bg": "2", "score": -0.756, "cat": "Low Vitality", "pop": 1144, "pri": 0, "c0": 27.7, "c1": 19.3, "c2": 273850, "c3": 10.0, "c4": 24.6, "c5": 13.3, "c6": 1.0, "c7": 92, "c8": 52.9, "c9": 27 }, "geometry": { "type": "Polygon", "coordinates": [ [ [ -79.830167000161765, 36.068797000133223 ], [ -79.829958999749309, 36.061182999736062 ], [ -79.819510000281994, 36.06227399971101 ], [ -79.81544899985181, 36.063078000286886 ], [ -79.815334000224098, 36.064709000281802 ], [ -79.819377000212612, 36.063695000326071 ], [ -79.825713000269516, 36.063837000290441 ], [ -79.825580000200119, 36.067632000120852 ], [ -79.828120000140686, 36.067661000237671 ], [ -79.828100999874138, 36.068777999806443 ], [ -79.830167000161765, 36.068797000133223 ] ] ] } },
{ "type": "Feature", "properties": { "GEOID": "370810110002", "tract": "110", "bg": "2", "score": -1.551, "cat": "Very Low Vitality", "pop": 4519, "pri": 0, "c0": 36.4, "c1": 20.7, "c2": 125400, "c3": 12.7, "c4": 33.4, "c5": 17.6, "c6": 1.0, "c7": 314, "c8": 38.9, "c9": 39 }, "geometry": { "type": "Polygon", "coordinates": [ [ [ -79.789947000338799, 36.067833000235176 ], [ -79.766368999924893, 36.072509000280384 ], [ -79.767492999856145, 36.081648999677519 ], [ -79.767168000166137, 36.084947000155189 ], [ -79.769756999612213, 36.08508399976575 ], [ -79.770396000019886, 36.082842000340506 ], [ -79.773843999981665, 36.080249000224775 ], [ -79.782827000109251, 36.076136000138213 ], [ -79.784991000306192, 36.075843999691642 ], [ -79.784201000285762, 36.07211100021491 ], [ -79.784550000265227, 36.070519999986381 ], [ -79.785952999855738, 36.069500000283931 ], [ -79.789947000338799, 36.067833000235176 ] ] ] } },
{ "type": "Feature", "properties": { "GEOID": "370810111011", "tract": "111.01", "bg": "1", "score": -1.125, "cat": "Low Vitality", "pop": 488, "pri": 0, "c0": 16.2, "c1": 64.2, "c2": 165300, "c3": 13.8, "c4": 33.3, "c5": 10.6, "c6": 1.0, "c7": 511, "c8": 56.8, "c9": 15 }, "geometry": { "type": "Polygon", "coordinates": [ [ [ -79.764803999952647, 36.068292000283073 ], [ -79.757232999636415, 36.06779300008359 ], [ -79.757733999951824, 36.070362999899679 ], [ -79.757658999608765, 36.074844000162486 ], [ -79.764050999742139, 36.073131999993365 ], [ -79.764228000192475, 36.069838999867152 ], [ -79.764803999952647, 36.068292000283073 ] ] ] } },
{ "type": "Feature", "properties": { "GEOID": "370810111012", "tract": "111.01", "bg": "2", "score": -1.143, "cat": "Very Low Vitality", "pop": 716, "pri": 0, "c0": 24.9, "c1": 42.3, "c2": 188000, "c3": 8.6, "c4": 33.3, "c5": 10.6, "c6": 1.0, "c7": 511, "c8": 56.8, "c9": 15 }, "geometry": { "type": "Polygon", "coordinates": [ [ [ -79.765080000137175, 36.065802999722642 ], [ -79.763490000050595, 36.064526000160555 ], [ -79.756312999919629, 36.063206000093778 ], [ -79.756056000001692, 36.067434999745295 ], [ -79.75644699981396, 36.067766999647368 ], [ -79.764819999846182, 36.068196000299928 ], [ -79.765080000137175, 36.065802999722642 ] ] ] } },
{ "type": "Feature", "properties": { "GEOID": "370810113001", "tract": "113", "bg": "1", "score": -1.035, "cat": "Low Vitality", "pop": 1515, "pri": 1, "c0": 1.1, "c1": 44.9, "c2": 143750, "c3": 11.8, "c4": 31.1, "c5": 19.1, "c6": 1.0, "c7": 376, "c8": 57.7, "c9": 26 }, "geometry": { "type": "Polygon", "coordinates": [ [ [ -79.790878999751115, 36.064627999768803 ], [ -79.791415000226635, 36.05552300032123 ], [ -79.789888999714151, 36.054621999646976 ], [ -79.784864000084582, 36.054425000103407 ], [ -79.783529000266128, 36.054764000007552 ], [ -79.78465499984722, 36.056404999711496 ], [ -79.785612000272224, 36.062411000334777 ], [ -79.78686099987695, 36.064668000077404 ], [ -79.790878999751115, 36.064627999768803 ] ] ] } },
{ "type": "Feature", "properties": { "GEOID": "370810152011", "tract": "152.01", "bg": "1", "score": 0.288, "cat": "Moderate Vitality", "pop": 1293, "pri": 0, "c0": 21.4, "c1": 79.0, "c2": 236250, "c3": 3.3, "c4": 22.8, "c5": 8.4, "c6": 0.0, "c7": 50, "c8": 71.4, "c9": 59 }, "geometry": { "type": "Polygon", "coordinates": [ [ [ -79.576225000440473, 36.179340000272369 ], [ -79.573593000438393, 36.176438999716353 ], [ -79.572953000205786, 36.166416000176014 ], [ -79.569513999566539, 36.160384000221889 ], [ -79.56846400015344, 36.157383999638981 ], [ -79.568152999808802, 36.154040000202215 ], [ -79.566611000301123, 36.146616000094816 ], [ -79.567244999787619, 36.14257899969197 ], [ -79.567243999962699, 36.133061999774206 ], [ -79.565384000437703, 36.128525000150006 ], [ -79.565631000309907, 36.126574999713696 ], [ -79.566597000057413, 36.124787999990559 ], [ -79.569925000368599, 36.123294000242232 ], [ -79.573162000443176, 36.119245999981509 ], [ -79.573082000077235, 36.115668999942812 ], [ -79.574219000427291, 36.113051000173051 ], [ -79.563852999902352, 36.111909000093981 ], [ -79.554500999703805, 36.110269000290955 ], [ -79.538358000062004, 36.103797000228703 ], [ -79.536510000232568, 36.161512000260707 ], [ -79.535104000268987, 36.182412000128139 ], [ -79.538003000234767, 36.181946999838487 ], [ -79.54178299955926, 36.182110000185617 ], [ -79.544410000436784, 36.184261999890509 ], [ -79.549517000082105, 36.186656000254892 ], [ -79.551584000194666, 36.184769999791001 ], [ -79.552185000069215, 36.18323499974715 ], [ -79.558571000354817, 36.182304999652665 ], [ -79.560666000056472, 36.179907000123414 ], [ -79.562445000288946, 36.179899000196222 ], [ -79.564288999920436, 36.181288000230964 ], [ -79.565680999640293, 36.181641999919279 ], [ -79.569217000363935, 36.178651000105852 ], [ -79.571338999829777, 36.180082999764345 ], [ -79.576225000440473, 36.179340000272369 ] ] ] } },
{ "type": "Feature", "properties": { "GEOID": "370810158004", "tract": "158", "bg": "4", "score": 1.409, "cat": "Very High Vitality", "pop": 2829, "pri": 0, "c0": 0.0, "c1": 93.1, "c2": 490000, "c3": 3.4, "c4": 18.3, "c5": 3.2, "c6": 0.0, "c7": 10, "c8": 81.1, "c9": 178 }, "geometry": { "type": "Polygon", "coordinates": [ [ [ -79.957402000062231, 36.209594999709523 ], [ -79.954596999807762, 36.201005999732317 ], [ -79.953655000349698, 36.199123000220467 ], [ -79.951901000231587, 36.200816999683838 ], [ -79.950717999850767, 36.201208000292191 ], [ -79.940384999836098, 36.201942999803691 ], [ -79.936842000338089, 36.202851000053428 ], [ -79.931165999706948, 36.202910999663807 ], [ -79.930188000263868, 36.202356999676759 ], [ -79.929041999692998, 36.202307000133999 ], [ -79.921765999827826, 36.204065000280117 ], [ -79.916567000120992, 36.207168000034812 ], [ -79.910908000106616, 36.20728600001349 ], [ -79.90582999987528, 36.208248000352071 ], [ -79.90176400032054, 36.210093000300922 ], [ -79.895127999789679, 36.212055000059678 ], [ -79.886441999763008, 36.218560000294701 ], [ -79.88259999961592, 36.218746999997663 ], [ -79.874532999905455, 36.220954999981295 ], [ -79.870537999597488, 36.222908999973839 ], [ -79.867574000232707, 36.223245000072922 ], [ -79.865235999958486, 36.225511000224365 ], [ -79.863880000223617, 36.226288999712693 ], [ -79.864214999959401, 36.227063000067183 ], [ -79.864254000317445, 36.22978799984854 ], [ -79.867354000124678, 36.23508699993009 ], [ -79.871131999799331, 36.238343999921938 ], [ -79.871531999832413, 36.239855999956632 ], [ -79.871135000172373, 36.241535000312766 ], [ -79.87181899988758, 36.242293000312422 ], [ -79.872947999841713, 36.241547999649207 ], [ -79.880013999644589, 36.239111999845001 ], [ -79.885778000139268, 36.239055000070309 ], [ -79.890508000216059, 36.236733000267897 ], [ -79.893085999791467, 36.236474999816394 ], [ -79.894100000117874, 36.235734999780234 ], [ -79.901206000103713, 36.234473000235738 ], [ -79.90242700011936, 36.233731000215244 ], [ -79.905069999992079, 36.230285000184402 ], [ -79.911406000048984, 36.228093999967442 ], [ -79.912298000176648, 36.227993999680457 ], [ -79.915498000441318, 36.228906999823401 ], [ -79.915924000413668, 36.228245999811001 ], [ -79.918568000111321, 36.226922999667984 ], [ -79.9187709996026, 36.226230999976856 ], [ -79.920942000370545, 36.225066999657678 ], [ -79.922800000245729, 36.223330999650614 ], [ -79.92429700044589, 36.223148000326255 ], [ -79.927890999997544, 36.221794999664205 ], [ -79.934057000175116, 36.221500000091439 ], [ -79.93857999966437, 36.219695999967051 ], [ -79.943681000360229, 36.219185000187593 ], [ -79.947869999938632, 36.218014999994331 ], [ -79.951963999980762, 36.216259999872193 ], [ -79.952887999895495, 36.215000000222425 ], [ -79.956709999951087, 36.213189000288047 ], [ -79.957402000062231, 36.209594999709523 ] ] ] } },
{ "type": "Feature", "properties": { "GEOID": "370810128033", "tract": "128.03", "bg": "3", "score": 0.016, "cat": "Moderate Vitality", "pop": 2695, "pri": 0, "c0": 3.7, "c1": 68.5, "c2": 231400, "c3": 10.4, "c4": 27.6, "c5": 9.8, "c6": 0.0, "c7": 210, "c8": 70.1, "c9": 76 }, "geometry": { "type": "Polygon", "coordinates": [ [ [ -79.762157999706872, 36.040357999939445 ], [ -79.763464000111313, 36.036892999955796 ], [ -79.76104600036949, 36.036349999888145 ], [ -79.738252000128213, 36.028066999804572 ], [ -79.728349000283856, 36.02322299993066 ], [ -79.726241000163412, 36.022811999799465 ], [ -79.716199000401886, 36.023297999712717 ], [ -79.712528999783927, 36.02476400011281 ], [ -79.708874000132923, 36.025119000031886 ], [ -79.708038000081743, 36.025765999724072 ], [ -79.70360099990792, 36.026591000192397 ], [ -79.702918000017618, 36.027480999904817 ], [ -79.703087000072017, 36.028432000235561 ], [ -79.70254599957363, 36.029547000094695 ], [ -79.703426000005734, 36.030405000196851 ], [ -79.701897000018505, 36.032525999714743 ], [ -79.701903999691211, 36.033565000049478 ], [ -79.699789999722995, 36.034705999640998 ], [ -79.696508000340884, 36.035157000248475 ], [ -79.696526999709135, 36.035465999679566 ], [ -79.69770900026505, 36.035021999989546 ], [ -79.701431999688111, 36.035087999709198 ], [ -79.705266000337588, 36.034352999940893 ], [ -79.714147000357926, 36.037910000235847 ], [ -79.720900000166338, 36.038408000086925 ], [ -79.726553000332942, 36.042744000075665 ], [ -79.727163000428291, 36.043821999810099 ], [ -79.727427000018949, 36.046093000247851 ], [ -79.730824999752016, 36.049642999689716 ], [ -79.734922000167202, 36.051879000120607 ], [ -79.711548999792711, 36.056939000046796 ], [ -79.712892000007102, 36.059792000321842 ], [ -79.715905999600594, 36.059325000187584 ], [ -79.731136999921546, 36.06011100012973 ], [ -79.738452000144733, 36.062776999824045 ], [ -79.744593000207985, 36.063799000140982 ], [ -79.750559000369023, 36.062953000087354 ], [ -79.754132999829167, 36.063073999813035 ], [ -79.754173000012131, 36.059769000083108 ], [ -79.747939999887407, 36.057229000206583 ], [ -79.741737999724805, 36.054023999899769 ], [ -79.735635000194733, 36.052305000028781 ], [ -79.738602999757475, 36.05093300011994 ], [ -79.750146999742057, 36.047309000066598 ], [ -79.761787999811006, 36.046630999950573 ], [ -79.762157999706872, 36.040357999939445 ] ] ] } },
{ "type": "Feature", "properties": { "GEOID": "370810156011", "tract": "156.01", "bg": "1", "score": 1.103, "cat": "High Vitality", "pop": 2672, "pri": 0, "c0": 0.0, "c1": 98.4, "c2": 568900, "c3": 9.6, "c4": 18.1, "c5": 5.0, "c6": 0.0, "c7": 25, "c8": 83.3, "c9": 109 }, "geometry": { "type": "Polygon", "coordinates": [ [ [ -79.844107999971783, 36.200077000085479 ], [ -79.840892999638527, 36.19368300029052 ], [ -79.838699000202652, 36.188407000216301 ], [ -79.837967999733479, 36.185639000044866 ], [ -79.837260999553735, 36.180915000360734 ], [ -79.838484999942409, 36.176254000344755 ], [ -79.837908000357316, 36.173208000131424 ], [ -79.835279999654887, 36.173828999668373 ], [ -79.832738000064481, 36.173863000355681 ], [ -79.829627000386594, 36.17303300026289 ], [ -79.827858000199868, 36.171731000080193 ], [ -79.824144000099324, 36.172682000086084 ], [ -79.820952000230591, 36.172968000295043 ], [ -79.818101999770278, 36.172801999808989 ], [ -79.817378999697027, 36.171743000133901 ], [ -79.816565000285479, 36.171564999874427 ], [ -79.813101000430166, 36.172511999741111 ], [ -79.810338999833434, 36.17415199980104 ], [ -79.808012000328176, 36.174933999951456 ], [ -79.805116999662047, 36.17441199977123 ], [ -79.800842999694837, 36.175026000181241 ], [ -79.800124999644453, 36.175435999686833 ], [ -79.799967000359018, 36.176382999905641 ], [ -79.799526000318053, 36.176701999897645 ], [ -79.795739000422557, 36.175960000197833 ], [ -79.794360000223165, 36.177006000258949 ], [ -79.791084999615435, 36.176547000170601 ], [ -79.787182000267322, 36.183731999968032 ], [ -79.786937000044915, 36.186014000266844 ], [ -79.785740000318739, 36.18791099973145 ], [ -79.784209999608279, 36.193997999823495 ], [ -79.787230999772802, 36.208266000013587 ], [ -79.787588999973096, 36.218218000274675 ], [ -79.790862000032689, 36.216641000046721 ], [ -79.799373000157175, 36.214836000031859 ], [ -79.809111000145109, 36.211801000240783 ], [ -79.81070200005658, 36.211795999876507 ], [ -79.816325999910873, 36.213287000261083 ], [ -79.818894000338858, 36.213060999946158 ], [ -79.826503000289918, 36.209224000349963 ], [ -79.832644000353156, 36.208517999914704 ], [ -79.833814000315186, 36.208034000273209 ], [ -79.834682999978313, 36.20693099998855 ], [ -79.835346999602038, 36.202537999842079 ], [ -79.836893000206004, 36.200958999670831 ], [ -79.844107999971783, 36.200077000085479 ] ] ] } },
{ "type": "Feature", "properties": { "GEOID": "370810159022", "tract": "159.02", "bg": "2", "score": 1.203, "cat": "Very High Vitality", "pop": 2907, "pri": 0, "c0": 2.0, "c1": 92.7, "c2": 521750, "c3": 0.4, "c4": 18.6, "c5": 3.4, "c6": 0.0, "c7": 36, "c8": 82.2, "c9": 95 }, "geometry": { "type": "Polygon", "coordinates": [ [ [ -80.038363999940003, 36.159360000185252 ], [ -80.038714999569294, 36.149650999777876 ], [ -80.034216000369497, 36.153308000145152 ], [ -80.027849000350457, 36.153312999892265 ], [ -80.02636399984587, 36.153839000085235 ], [ -80.023982999913926, 36.15596400036052 ], [ -80.021652000210722, 36.157259000024773 ], [ -80.018985999873465, 36.157954000053508 ], [ -80.014208000116085, 36.158280000137985 ], [ -80.012002000086355, 36.158926000310231 ], [ -79.995728999849916, 36.168404999943057 ], [ -79.990826000419077, 36.172842000159193 ], [ -79.985803000439333, 36.17509499973881 ], [ -79.977787999709079, 36.179628999819123 ], [ -79.971341000222424, 36.180782000004648 ], [ -79.968592999869372, 36.18470699981242 ], [ -79.964081000250786, 36.193352000209934 ], [ -79.958182999861805, 36.19596299978474 ], [ -79.953655000349698, 36.199123000220467 ], [ -79.957366000077215, 36.209126999889392 ], [ -79.956709999951087, 36.213189000288047 ], [ -79.962640999952015, 36.210840999824768 ], [ -79.967453999869491, 36.206966000358655 ], [ -79.969780000448154, 36.206734999946406 ], [ -79.971230999719239, 36.205377000255375 ], [ -79.973122000104709, 36.204662000028755 ], [ -79.985410999903863, 36.197739000221141 ], [ -79.99093500019903, 36.193966999787577 ], [ -79.994188000167128, 36.192300000291944 ], [ -79.99525099999903, 36.191283000147969 ], [ -79.999825000440211, 36.189883000050067 ], [ -80.002838000208811, 36.188438000278282 ], [ -80.003330000303379, 36.187842999659829 ], [ -80.004697999733807, 36.18734099967147 ], [ -80.004969999720359, 36.18656700007724 ], [ -80.005901000206109, 36.186315999658646 ], [ -80.006603000362972, 36.184592999964131 ], [ -80.010566999810479, 36.183320999790659 ], [ -80.011588999634483, 36.183324999942172 ], [ -80.014629000065568, 36.181793000213105 ], [ -80.017784000124379, 36.182390999992165 ], [ -80.019657999893099, 36.183389000162947 ], [ -80.020781999824365, 36.183333000244524 ], [ -80.023850999669449, 36.180468000138198 ], [ -80.027235000057132, 36.179004000196691 ], [ -80.029466000201225, 36.177466999696492 ], [ -80.031699999820049, 36.177708000183522 ], [ -80.034368999632051, 36.176489999768108 ], [ -80.036398000109784, 36.176646000274893 ], [ -80.037701000141197, 36.176049000099773 ], [ -80.037029000121535, 36.173671000119811 ], [ -80.037443000398326, 36.161534999734513 ], [ -80.038363999940003, 36.159360000185252 ] ] ] } },
{ "type": "Feature", "properties": { "GEOID": "370810152013", "tract": "152.01", "bg": "3", "score": 0.538, "cat": "High Vitality", "pop": 756, "pri": 0, "c0": 0.0, "c1": 88.3, "c2": 280050, "c3": 3.3, "c4": 22.8, "c5": 8.4, "c6": 0.0, "c7": 50, "c8": 71.4, "c9": 59 }, "geometry": { "type": "Polygon", "coordinates": [ [ [ -79.613772000253491, 36.153110000329008 ], [ -79.612280999901117, 36.146323999696556 ], [ -79.610332999614243, 36.142373000226101 ], [ -79.611076999603895, 36.132062999661912 ], [ -79.60920299983519, 36.133326999914701 ], [ -79.605586999643918, 36.137057000291271 ], [ -79.604292999833348, 36.137837000336042 ], [ -79.594687000089905, 36.138470000099908 ], [ -79.594740999618267, 36.133965000040249 ], [ -79.595149999872191, 36.131871000083301 ], [ -79.593995999803695, 36.130224999718656 ], [ -79.593738999885744, 36.128656000268208 ], [ -79.594770999755482, 36.122978000332139 ], [ -79.59539400026965, 36.121049999779459 ], [ -79.598427000129746, 36.116474000240714 ], [ -79.598432000152599, 36.111508999830377 ], [ -79.602433000308338, 36.111244000057809 ], [ -79.60132100007263, 36.109061999718897 ], [ -79.601343999638843, 36.108000999887203 ], [ -79.602188999910865, 36.107066999672256 ], [ -79.601429000027665, 36.106671999967354 ], [ -79.600443000188662, 36.104604999959356 ], [ -79.600845999696475, 36.102882000183165 ], [ -79.599457000349673, 36.099500000234791 ], [ -79.598509999970403, 36.094228999990612 ], [ -79.593219000202055, 36.095955000079002 ], [ -79.58259900013222, 36.102739000161037 ], [ -79.579796000425901, 36.103954000327477 ], [ -79.578301999700471, 36.105218000272338 ], [ -79.578331000012781, 36.111279000352901 ], [ -79.576130999830838, 36.112664000337695 ], [ -79.574283000001387, 36.112870000136823 ], [ -79.573082000077235, 36.115668999942812 ], [ -79.573162000443176, 36.119245999981509 ], [ -79.571170999600284, 36.122113000198411 ], [ -79.569528999635139, 36.123559999878637 ], [ -79.566935999991131, 36.124466000273564 ], [ -79.565631000309907, 36.126574999713696 ], [ -79.565437999966051, 36.129040000174676 ], [ -79.567275999749754, 36.133392999868022 ], [ -79.567244999787619, 36.14257899969197 ], [ -79.566600000430455, 36.146110999766279 ], [ -79.566734000324757, 36.147721000275041 ], [ -79.568644000078493, 36.158031000120069 ], [ -79.569513999566539, 36.160384000221889 ], [ -79.572953000205786, 36.166416000176014 ], [ -79.573704999693064, 36.176683000289096 ], [ -79.576306999557929, 36.179239000129186 ], [ -79.576600000359207, 36.177265000251637 ], [ -79.576030000446821, 36.175329999793881 ], [ -79.576469999764541, 36.174477999961063 ], [ -79.577494999961601, 36.17440000012629 ], [ -79.578311999746205, 36.175814999978137 ], [ -79.579311999828917, 36.175720000088738 ], [ -79.580528999646589, 36.174948000166822 ], [ -79.580798999983344, 36.173819999867881 ], [ -79.578344000431571, 36.172479999907935 ], [ -79.577669000038895, 36.171356999661953 ], [ -79.577714000244725, 36.169960000294601 ], [ -79.578430999571893, 36.169190000264507 ], [ -79.579314000377053, 36.16895700000579 ], [ -79.581988000211936, 36.169173999671315 ], [ -79.584887000177702, 36.170466000069737 ], [ -79.586005000261196, 36.171407000112104 ], [ -79.588450999592126, 36.171486000033056 ], [ -79.591017000370286, 36.172734999666098 ], [ -79.595414000361131, 36.173614999781144 ], [ -79.595822999716731, 36.176316999870181 ], [ -79.596635000376779, 36.177191000030305 ], [ -79.597498000192147, 36.177255000186605 ], [ -79.601310000201991, 36.174217000237022 ], [ -79.603606999570005, 36.169878000201166 ], [ -79.603606999570005, 36.169249000248158 ], [ -79.602823000295672, 36.168487000127257 ], [ -79.60193500036597, 36.168636000304375 ], [ -79.60111500020831, 36.169796000021933 ], [ -79.599821000397739, 36.168276000301994 ], [ -79.600255999692607, 36.167011999703981 ], [ -79.60185599982492, 36.165426999962925 ], [ -79.602455000049645, 36.163802000214346 ], [ -79.60232799982802, 36.161685000205139 ], [ -79.601198999873901, 36.159392999734898 ], [ -79.601306999828935, 36.158896000343752 ], [ -79.602908999611074, 36.157716999750726 ], [ -79.605680000428663, 36.156756999909284 ], [ -79.608071000406312, 36.156879999935747 ], [ -79.608565999975639, 36.15629199969311 ], [ -79.608976999879374, 36.154084999670623 ], [ -79.609545000141964, 36.15349300000517 ], [ -79.611435999629094, 36.153753999833853 ], [ -79.613772000253491, 36.153110000329008 ] ] ] } },
{ "type": "Feature", "properties": { "GEOID": "370810158003", "tract": "158", "bg": "3", "score": 1.371, "cat": "Very High Vitality", "pop": 1909, "pri": 0, "c0": 6.7, "c1": 82.5, "c2": 600500, "c3": 4.5, "c4": 18.3, "c5": 3.2, "c6": 0.0, "c7": 10, "c8": 81.1, "c9": 178 }, "geometry": { "type": "Polygon", "coordinates": [ [ [ -79.968592999869372, 36.18470699981242 ], [ -79.971588000094627, 36.180619999685746 ], [ -79.966253999770245, 36.180401999918459 ], [ -79.962538000019876, 36.179103000096823 ], [ -79.958191000257727, 36.180101999998534 ], [ -79.956875999632445, 36.178868999669874 ], [ -79.956039999581279, 36.175166999842936 ], [ -79.953041999881293, 36.172826000311623 ], [ -79.94721700018556, 36.174194000133518 ], [ -79.946572999755006, 36.175089999930528 ], [ -79.94344799983341, 36.17677100015468 ], [ -79.939700000295986, 36.177766000352484 ], [ -79.93922499991983, 36.17753500007445 ], [ -79.938372000150224, 36.178034999974919 ], [ -79.936284000121262, 36.17815600012392 ], [ -79.93292200037321, 36.17647899966024 ], [ -79.932137000375647, 36.176972000210327 ], [ -79.928876000011641, 36.177183999760821 ], [ -79.92627199959864, 36.176907999822916 ], [ -79.925566999967046, 36.176496000155915 ], [ -79.922748000367207, 36.176633000304939 ], [ -79.917725000387463, 36.178209000352048 ], [ -79.915880000032743, 36.180632999719251 ], [ -79.913479999834252, 36.181275000306201 ], [ -79.912090999589111, 36.181214000184113 ], [ -79.89981000018588, 36.178000999647779 ], [ -79.889548000316324, 36.176888000325562 ], [ -79.885081000005258, 36.174691999666855 ], [ -79.88132699972175, 36.173751999891465 ], [ -79.882855999708966, 36.176805000290521 ], [ -79.888015000131148, 36.183162999806676 ], [ -79.890335999788618, 36.184225999675505 ], [ -79.892212000105459, 36.185877999670744 ], [ -79.892643000100676, 36.187124000290815 ], [ -79.892364000441418, 36.189959000150978 ], [ -79.893582000084024, 36.192888999815175 ], [ -79.895593000120073, 36.194527999871724 ], [ -79.900128000203196, 36.196665999866326 ], [ -79.90263299998368, 36.198988999955702 ], [ -79.906097999663885, 36.208160000336235 ], [ -79.910908000106616, 36.20728600001349 ], [ -79.916567000120992, 36.207168000034812 ], [ -79.922117000355428, 36.203928999864459 ], [ -79.929208000272652, 36.202279999671767 ], [ -79.931165999706948, 36.202910999663807 ], [ -79.936842000338089, 36.202851000053428 ], [ -79.940384999836098, 36.201942999803691 ], [ -79.951569999795481, 36.201005999732317 ], [ -79.95785300014893, 36.196158000284264 ], [ -79.964081000250786, 36.193352000209934 ], [ -79.968592999869372, 36.18470699981242 ] ] ] } },
{ "type": "Feature", "properties": { "GEOID": "370810160033", "tract": "160.03", "bg": "3", "score": 0.992, "cat": "High Vitality", "pop": 1650, "pri": 0, "c0": 0.0, "c1": 77.0, "c2": 431900, "c3": 3.2, "c4": 19.8, "c5": 4.3, "c6": 0.0, "c7": 17, "c8": 81.1, "c9": 94 }, "geometry": { "type": "Polygon", "coordinates": [ [ [ -79.973199999922514, 36.150685000227334 ], [ -79.969762000006469, 36.142425000332466 ], [ -79.962727000165771, 36.127942999684279 ], [ -79.961578000120127, 36.123693999976055 ], [ -79.959418999946067, 36.124207999885257 ], [ -79.954473999784128, 36.128747999661144 ], [ -79.944334999938221, 36.136100999687564 ], [ -79.943472000122867, 36.139111999994057 ], [ -79.941897000104888, 36.142319000051238 ], [ -79.943014000363462, 36.143536000075713 ], [ -79.944432999847507, 36.144041000297207 ], [ -79.951280000265555, 36.143328000212883 ], [ -79.954817999740712, 36.148009000047125 ], [ -79.954863999771462, 36.152657999842589 ], [ -79.954314999775463, 36.154929999883883 ], [ -79.952352000318299, 36.157508999779246 ], [ -79.950949999654384, 36.160283999731014 ], [ -79.946094000079199, 36.164099999966894 ], [ -79.945294999837955, 36.168569000225723 ], [ -79.94048600011844, 36.168017999657799 ], [ -79.936986000278125, 36.168571000315524 ], [ -79.934524999980269, 36.168261000296255 ], [ -79.930517999976757, 36.169656000154305 ], [ -79.927656999645819, 36.170047999733477 ], [ -79.920086000227883, 36.172118000159898 ], [ -79.915409999679454, 36.175799000012461 ], [ -79.908661999893909, 36.178571000240034 ], [ -79.907306999983973, 36.179791999913732 ], [ -79.912273999887233, 36.181252999982334 ], [ -79.91434099999978, 36.181186999698866 ], [ -79.915880000032743, 36.180632999719251 ], [ -79.917725000387463, 36.178209000352048 ], [ -79.922748000367207, 36.176633000304939 ], [ -79.925566999967046, 36.176496000155915 ], [ -79.92627199959864, 36.176907999822916 ], [ -79.928876000011641, 36.177183999760821 ], [ -79.932137000375647, 36.176972000210327 ], [ -79.93292200037321, 36.17647899966024 ], [ -79.936284000121262, 36.17815600012392 ], [ -79.938372000150224, 36.178034999974919 ], [ -79.93922499991983, 36.17753500007445 ], [ -79.939700000295986, 36.177766000352484 ], [ -79.94344799983341, 36.17677100015468 ], [ -79.946572999755006, 36.175089999930528 ], [ -79.94721700018556, 36.174194000133518 ], [ -79.953566999587835, 36.172687000048029 ], [ -79.958106999693825, 36.167800999692403 ], [ -79.958187999884686, 36.167278999861203 ], [ -79.96119399998058, 36.164038000150654 ], [ -79.96366899962382, 36.160502000346945 ], [ -79.970105000138162, 36.156637000281236 ], [ -79.973199999922514, 36.150685000227334 ] ] ] } },
{ "type": "Feature", "properties": { "GEOID": "370810153013", "tract": "153.01", "bg": "3", "score": 0.335, "cat": "Moderate Vitality", "pop": 1588, "pri": 0, "c0": 3.0, "c1": 93.8, "c2": 212900, "c3": 7.5, "c4": 22.0, "c5": 11.2, "c6": 0.0, "c7": 66, "c8": 75.4, "c9": 51 }, "geometry": { "type": "Polygon", "coordinates": [ [ [ -79.661746999617421, 36.128115999670058 ], [ -79.661594000354853, 36.125579000076257 ], [ -79.65996400008531, 36.125578000208684 ], [ -79.658303999678509, 36.125946999817451 ], [ -79.656480999963435, 36.12735500018713 ], [ -79.65470199973096, 36.128011000210634 ], [ -79.643671999582281, 36.128423999837558 ], [ -79.633371000252978, 36.12394300015611 ], [ -79.628940999751848, 36.123642999684371 ], [ -79.632182999849306, 36.119479999853247 ], [ -79.633289000237212, 36.115280999947622 ], [ -79.634279000274176, 36.113696999792005 ], [ -79.636310000401721, 36.112270999824695 ], [ -79.639432999775181, 36.111449999952875 ], [ -79.639299999705784, 36.108886000325178 ], [ -79.636153999867787, 36.10862199976939 ], [ -79.636079000423052, 36.107201999713098 ], [ -79.637447999678372, 36.10481300011152 ], [ -79.638075000390501, 36.102010000332257 ], [ -79.636548000053097, 36.099753000253614 ], [ -79.63458999972049, 36.09792800020589 ], [ -79.634342000023366, 36.097043999945889 ], [ -79.63862100001343, 36.091147000166359 ], [ -79.639498000072493, 36.088009999861121 ], [ -79.640150000000673, 36.079127999825545 ], [ -79.638417999623854, 36.078139000051543 ], [ -79.630909000130202, 36.07045699973024 ], [ -79.627000999860897, 36.068751999695841 ], [ -79.619622000063586, 36.067209000055854 ], [ -79.61904999960305, 36.068626999797978 ], [ -79.617106000412463, 36.07024999998557 ], [ -79.613169999655739, 36.074967000047657 ], [ -79.612861999684156, 36.080860999884834 ], [ -79.608211000148401, 36.086824999928389 ], [ -79.608700999694861, 36.091714000284121 ], [ -79.605765999744079, 36.092903000236859 ], [ -79.601371000301356, 36.093389999651286 ], [ -79.598509999970403, 36.094228999990612 ], [ -79.599457000349673, 36.099500000234791 ], [ -79.600845999696475, 36.102882000183165 ], [ -79.600443000188662, 36.104604999959356 ], [ -79.601429000027665, 36.106671999967354 ], [ -79.602188999910865, 36.107066999672256 ], [ -79.601343999638843, 36.108000999887203 ], [ -79.60132100007263, 36.109061999718897 ], [ -79.602433000308338, 36.111244000057809 ], [ -79.598432000152599, 36.111508999830377 ], [ -79.598427000129746, 36.116474000240714 ], [ -79.59539400026965, 36.121049999779459 ], [ -79.594770999755482, 36.122978000332139 ], [ -79.593738999885744, 36.128656000268208 ], [ -79.593995999803695, 36.130224999718656 ], [ -79.595149999872191, 36.131871000083301 ], [ -79.594740999618267, 36.133965000040249 ], [ -79.594687000089905, 36.138470000099908 ], [ -79.604292999833348, 36.137837000336042 ], [ -79.605586999643918, 36.137057000291271 ], [ -79.60920299983519, 36.133326999914701 ], [ -79.611076999603895, 36.132062999661912 ], [ -79.610332999614243, 36.142373000226101 ], [ -79.612280999901117, 36.146323999696556 ], [ -79.613772000253491, 36.153110000329008 ], [ -79.616983000388814, 36.152419999964437 ], [ -79.617376999675798, 36.150842999687384 ], [ -79.617858999724646, 36.150837999782802 ], [ -79.619979000438974, 36.151863999927365 ], [ -79.619887000377446, 36.154342999751201 ], [ -79.621032000225128, 36.155185000164003 ], [ -79.623102999637325, 36.153515000143713 ], [ -79.623373999798972, 36.152612000032185 ], [ -79.623032000390523, 36.151795999761902 ], [ -79.624651999716022, 36.151761999657062 ], [ -79.626808000415366, 36.150455999747081 ], [ -79.626712999980796, 36.149790999829904 ], [ -79.626179000053412, 36.149526999730327 ], [ -79.623812000365206, 36.149979000128432 ], [ -79.623756000288708, 36.14891900009961 ], [ -79.627473999688917, 36.147482999922282 ], [ -79.630062000208369, 36.14773200006664 ], [ -79.631581000149851, 36.146534999847312 ], [ -79.631920999908488, 36.144973999937704 ], [ -79.630837000160184, 36.144220999927846 ], [ -79.628274999579986, 36.145736000097713 ], [ -79.627164000067509, 36.144939000156185 ], [ -79.62715200037195, 36.143998999767838 ], [ -79.628730999689552, 36.142203000167925 ], [ -79.630011999979672, 36.142417999859816 ], [ -79.631068999963773, 36.141699000109213 ], [ -79.632206000313829, 36.143237999787353 ], [ -79.634461999673974, 36.143666999800494 ], [ -79.635506999962516, 36.141453000122382 ], [ -79.637634000349536, 36.141394000258572 ], [ -79.637795999832932, 36.143119000154378 ], [ -79.64171699962273, 36.144735999954804 ], [ -79.641311999566767, 36.142933999763017 ], [ -79.644314000363025, 36.142127999833171 ], [ -79.644828000198913, 36.142567000252072 ], [ -79.644996000428407, 36.144787000322843 ], [ -79.645564999617591, 36.144809000001942 ], [ -79.646588999989731, 36.143568000117284 ], [ -79.648390999788418, 36.142820999732834 ], [ -79.647532999995931, 36.138870000119681 ], [ -79.653238000041071, 36.1372119997502 ], [ -79.653997999924258, 36.135024999722646 ], [ -79.65554899965278, 36.134349999845668 ], [ -79.655793000050267, 36.133146999957823 ], [ -79.657912999866255, 36.133257000101459 ], [ -79.659445000226526, 36.131305999898409 ], [ -79.660961999619872, 36.130955000101878 ], [ -79.661273999789401, 36.130466000329569 ], [ -79.66097000001578, 36.128609000339551 ], [ -79.661746999617421, 36.128115999670058 ] ] ] } },
{ "type": "Feature", "properties": { "GEOID": "370810152012", "tract": "152.01", "bg": "2", "score": 0.365, "cat": "Moderate Vitality", "pop": 1785, "pri": 0, "c0": 14.4, "c1": 82.4, "c2": 242500, "c3": 3.3, "c4": 22.8, "c5": 8.4, "c6": 0.0, "c7": 50, "c8": 71.4, "c9": 59 }, "geometry": { "type": "Polygon", "coordinates": [ [ [ -79.564820000373089, 36.088840000169242 ], [ -79.56488499977209, 36.078924000328094 ], [ -79.564418999616777, 36.077401000032694 ], [ -79.558655999845328, 36.078851000002132 ], [ -79.544900999808149, 36.079300999888616 ], [ -79.539163000151035, 36.081152000144748 ], [ -79.538358000062004, 36.103797000228703 ], [ -79.539266999908122, 36.104159999745292 ], [ -79.539682000009805, 36.103424999865723 ], [ -79.540588000381177, 36.097466999939876 ], [ -79.541898999910202, 36.095389999849004 ], [ -79.549558000089988, 36.101595000049635 ], [ -79.561201999633681, 36.092709000145305 ], [ -79.564820000373089, 36.088840000169242 ] ] ] } },
{ "type": "Feature", "properties": { "GEOID": "370810169003", "tract": "169", "bg": "3", "score": 0.692, "cat": "High Vitality", "pop": 1117, "pri": 0, "c0": 5.0, "c1": 94.6, "c2": 258100, "c3": 2.7, "c4": 20.7, "c5": 6.8, "c6": 0.0, "c7": 27, "c8": 75.2, "c9": 73 }, "geometry": { "type": "Polygon", "coordinates": [ [ [ -79.764634999898249, 35.9605550000893 ], [ -79.763057000405553, 35.956093000002632 ], [ -79.759882000255232, 35.952212000019095 ], [ -79.752208000006831, 35.947008000012659 ], [ -79.750428999774357, 35.9444529996399 ], [ -79.747073999699012, 35.941757000230105 ], [ -79.745801999629734, 35.942035000028923 ], [ -79.731045999684937, 35.941478000155229 ], [ -79.728622000095328, 35.941206000025495 ], [ -79.726565000028501, 35.940264999922519 ], [ -79.721949999579451, 35.940068000358551 ], [ -79.720016000434597, 35.940595999657106 ], [ -79.715505999567512, 35.940837000123224 ], [ -79.714543000193046, 35.940339000001103 ], [ -79.713868999625262, 35.938338000275884 ], [ -79.712857999671897, 35.937370000305428 ], [ -79.711347000126338, 35.938459000075042 ], [ -79.705237000025264, 35.940910999666237 ], [ -79.700082999625948, 35.940829999887676 ], [ -79.700228000289215, 35.946521999774909 ], [ -79.700763000041519, 35.950194999772478 ], [ -79.700429999955588, 35.953030000054923 ], [ -79.700615999728413, 35.955347999677443 ], [ -79.703378000325174, 35.960542999771398 ], [ -79.703704999664993, 35.96314399986845 ], [ -79.732012000330784, 35.977570000087319 ], [ -79.735748999997554, 35.980466999862337 ], [ -79.739226000271657, 35.984844999736524 ], [ -79.740505000013613, 35.981189999779097 ], [ -79.739966000063347, 35.973526000325478 ], [ -79.740696999634224, 35.969989000106843 ], [ -79.74235299984305, 35.967163999910724 ], [ -79.743444999987275, 35.966739000328289 ], [ -79.751503000375237, 35.966727000223052 ], [ -79.75701099987856, 35.962054000255584 ], [ -79.762091999584626, 35.962104000126828 ], [ -79.762196000239996, 35.960286000280895 ], [ -79.764634999898249, 35.9605550000893 ] ] ] } },
{ "type": "Feature", "properties": { "GEOID": "370810155003", "tract": "155", "bg": "3", "score": -0.148, "cat": "Moderate Vitality", "pop": 4659, "pri": 0, "c0": 2.2, "c1": 71.3, "c2": 287550, "c3": 9.2, "c4": 26.8, "c5": 15.6, "c6": 0.0, "c7": 226, "c8": 67.4, "c9": 44 }, "geometry": { "type": "Polygon", "coordinates": [ [ [ -79.786937000044915, 36.186014000266844 ], [ -79.787436999637123, 36.18309699968232 ], [ -79.777850000160257, 36.183375000005825 ], [ -79.777370999586154, 36.170318999790986 ], [ -79.776162000164391, 36.167764999890672 ], [ -79.783053000065067, 36.149235000013952 ], [ -79.782895999706213, 36.14835099989908 ], [ -79.779258999598568, 36.148964000330416 ], [ -79.776275000142292, 36.148841999789859 ], [ -79.776215999692738, 36.140244000052483 ], [ -79.774909000361689, 36.140201999666608 ], [ -79.76678200037675, 36.144022000025956 ], [ -79.760766999811921, 36.14432299984955 ], [ -79.757739999799611, 36.145515000211766 ], [ -79.754604000007362, 36.155342999986878 ], [ -79.752777999919232, 36.158292000075193 ], [ -79.7274939999661, 36.178814000059916 ], [ -79.726001999788792, 36.181813999784353 ], [ -79.72492399988829, 36.191588000225408 ], [ -79.725785000053833, 36.192811999922448 ], [ -79.728325999819319, 36.191860000200414 ], [ -79.729513000398086, 36.191832000012056 ], [ -79.729823999844399, 36.191600999888536 ], [ -79.729613999782103, 36.191211000355722 ], [ -79.731213999914431, 36.190709999968327 ], [ -79.731598999878912, 36.1893749999617 ], [ -79.73215999957047, 36.18897599998369 ], [ -79.737666000322292, 36.18925900009588 ], [ -79.743230999727032, 36.190184999748212 ], [ -79.744542000154354, 36.189492999936363 ], [ -79.75099200001408, 36.193231000334968 ], [ -79.753069000172374, 36.195425999936262 ], [ -79.760420000380591, 36.195188999860477 ], [ -79.763252000399206, 36.194562000274871 ], [ -79.765938999754553, 36.192823999647061 ], [ -79.772115999802793, 36.190743999854327 ], [ -79.773540000208044, 36.18915099976639 ], [ -79.777872999726469, 36.187855000145859 ], [ -79.779127000252402, 36.187646999677547 ], [ -79.782196999922391, 36.188263000352372 ], [ -79.78566099977769, 36.188194000066957 ], [ -79.786937000044915, 36.186014000266844 ] ] ] } },
{ "type": "Feature", "properties": { "GEOID": "370810157052", "tract": "157.05", "bg": "2", "score": -0.08, "cat": "Moderate Vitality", "pop": 1291, "pri": 0, "c0": 2.5, "c1": 31.0, "c2": 259200, "c3": 2.4, "c4": 20.8, "c5": 11.3, "c6": 1.0, "c7": 98, "c8": 64.3, "c9": 38 }, "geometry": { "type": "Polygon", "coordinates": [ [ [ -79.846134000076475, 36.133626999650936 ], [ -79.854947000324742, 36.130707000200495 ], [ -79.849681999597351, 36.126315999868446 ], [ -79.84559799960094, 36.126478999800682 ], [ -79.843830000137444, 36.124813999707271 ], [ -79.842911000245593, 36.126181999893213 ], [ -79.842415999777955, 36.124977999731236 ], [ -79.841658000442891, 36.125692000267087 ], [ -79.839500000093736, 36.124307999933897 ], [ -79.839285999833493, 36.124981000082407 ], [ -79.83776299969405, 36.125062999962836 ], [ -79.83770099976978, 36.12666600024086 ], [ -79.838409999599349, 36.128950999872337 ], [ -79.837976000129387, 36.130380000338008 ], [ -79.837130000032474, 36.130685000194795 ], [ -79.837205000375533, 36.133597000164265 ], [ -79.837967999733479, 36.136956999799168 ], [ -79.836861000418949, 36.13867499995672 ], [ -79.834640000320604, 36.139873000097758 ], [ -79.833364000053379, 36.141080999685649 ], [ -79.833519999689003, 36.141572000106187 ], [ -79.842903999674576, 36.138913000190882 ], [ -79.847468999894929, 36.138202999776986 ], [ -79.846134000076475, 36.133626999650936 ] ] ] } },
{ "type": "Feature", "properties": { "GEOID": "370810157053", "tract": "157.05", "bg": "3", "score": -0.168, "cat": "Moderate Vitality", "pop": 610, "pri": 0, "c0": 8.6, "c1": 24.0, "c2": 235650, "c3": 2.1, "c4": 20.8, "c5": 11.3, "c6": 1.0, "c7": 98, "c8": 64.3, "c9": 38 }, "geometry": { "type": "Polygon", "coordinates": [ [ [ -79.849681999597351, 36.126315999868446 ], [ -79.84009900031846, 36.118281999711378 ], [ -79.83681899968785, 36.116020999866009 ], [ -79.829589999678376, 36.117068999794881 ], [ -79.829802000288794, 36.118954999996099 ], [ -79.831988000227028, 36.126553000000996 ], [ -79.832281000129996, 36.135878999766014 ], [ -79.833364000053379, 36.141080999685649 ], [ -79.834640000320604, 36.139873000097758 ], [ -79.836861000418949, 36.13867499995672 ], [ -79.837904000159355, 36.137190999836776 ], [ -79.838059999794979, 36.13654299964162 ], [ -79.837191999956758, 36.133488000263981 ], [ -79.837130000032474, 36.130685000194795 ], [ -79.837976000129387, 36.130380000338008 ], [ -79.838409999599349, 36.128950999872337 ], [ -79.83770099976978, 36.12666600024086 ], [ -79.83776299969405, 36.125062999962836 ], [ -79.839285999833493, 36.124981000082407 ], [ -79.839500000093736, 36.124307999933897 ], [ -79.841658000442891, 36.125692000267087 ], [ -79.842415999777955, 36.124977999731236 ], [ -79.842911000245593, 36.126181999893213 ], [ -79.843830000137444, 36.124813999707271 ], [ -79.84559799960094, 36.126478999800682 ], [ -79.849681999597351, 36.126315999868446 ] ] ] } },
{ "type": "Feature", "properties": { "GEOID": "370810157062", "tract": "157.06", "bg": "2", "score": 0.574, "cat": "High Vitality", "pop": 3306, "pri": 0, "c0": 5.9, "c1": 83.0, "c2": 272900, "c3": 13.3, "c4": 20.4, "c5": 6.4, "c6": 0.0, "c7": 49, "c8": 85.2, "c9": 97 }, "geometry": { "type": "Polygon", "coordinates": [ [ [ -79.792574000318012, 36.171851999812041 ], [ -79.791975999918208, 36.168909000249251 ], [ -79.790006999714933, 36.164942000032298 ], [ -79.788420000001381, 36.163047000163175 ], [ -79.788008000272754, 36.159772000006164 ], [ -79.787989999831069, 36.157146999789198 ], [ -79.790791999712482, 36.152697000070702 ], [ -79.791298000050773, 36.150595999812872 ], [ -79.791318000142255, 36.14549400034447 ], [ -79.790021999783548, 36.141602999834561 ], [ -79.790324999732249, 36.137980999998675 ], [ -79.789656000085643, 36.134119999802742 ], [ -79.781284999703246, 36.137886999674542 ], [ -79.783053000065067, 36.149235000013952 ], [ -79.776162000164391, 36.167764999890672 ], [ -79.777370999586154, 36.170318999790986 ], [ -79.777850000160257, 36.183375000005825 ], [ -79.787436999637123, 36.18309699968232 ], [ -79.792396000042771, 36.174047000321544 ], [ -79.792574000318012, 36.171851999812041 ] ] ] } },
{ "type": "Feature", "properties": { "GEOID": "370810144071", "tract": "144.07", "bg": "1", "score": 0.375, "cat": "Moderate Vitality", "pop": 1522, "pri": 0, "c0": 8.1, "c1": 61.2, "c2": 273800, "c3": 2.3, "c4": 21.2, "c5": 7.8, "c6": 0.0, "c7": 125, "c8": 73.2, "c9": 54 }, "geometry": { "type": "Polygon", "coordinates": [ [ [ -80.0449390003715, 35.972775000198517 ], [ -80.039364000022701, 35.974102000243391 ], [ -80.033766999932595, 35.974693999818037 ], [ -80.031697000345318, 35.978981000319244 ], [ -80.031454999597656, 35.981194000050799 ], [ -80.030773000430585, 35.982192000074782 ], [ -80.029214000306141, 35.982703000301385 ], [ -80.023017999991325, 35.982696000141409 ], [ -80.026655999923904, 35.988699000221111 ], [ -80.032470999573903, 35.995686999832515 ], [ -80.036142000016739, 35.993934000018811 ], [ -80.041682000205441, 35.994505000301082 ], [ -80.043991000167338, 35.993490000343776 ], [ -80.0449390003715, 35.972775000198517 ] ] ] } },
{ "type": "Feature", "properties": { "GEOID": "370810157073", "tract": "157.07", "bg": "3", "score": 0.758, "cat": "High Vitality", "pop": 647, "pri": 0, "c0": 0.0, "c1": 100.0, "c2": 498500, "c3": 13.2, "c4": 19.1, "c5": 3.0, "c6": 0.0, "c7": 41, "c8": 78.3, "c9": 49 }, "geometry": { "type": "Polygon", "coordinates": [ [ [ -79.825729999987956, 36.144390000337602 ], [ -79.823533000179054, 36.142890999719334 ], [ -79.821271999897718, 36.143877000209713 ], [ -79.818137999755294, 36.143837999948197 ], [ -79.815805000402278, 36.144314000288539 ], [ -79.813538000273169, 36.143330999862542 ], [ -79.810008000295625, 36.146231000268109 ], [ -79.812271000226787, 36.149060999869739 ], [ -79.812954000117074, 36.152665000126731 ], [ -79.819346000250462, 36.153536000039445 ], [ -79.822214000254093, 36.152537000220342 ], [ -79.823180999826548, 36.151728000262793 ], [ -79.824074999604022, 36.149828999749118 ], [ -79.824503999949428, 36.145949000320918 ], [ -79.825729999987956, 36.144390000337602 ] ] ] } },
{ "type": "Feature", "properties": { "GEOID": "370810128041", "tract": "128.04", "bg": "1", "score": -0.541, "cat": "Low Vitality", "pop": 2114, "pri": 0, "c0": 4.9, "c1": 52.1, "c2": 189600, "c3": 5.9, "c4": 29.2, "c5": 15.3, "c6": 1.0, "c7": 303, "c8": 66.9, "c9": 46 }, "geometry": { "type": "Polygon", "coordinates": [ [ [ -79.802483000010142, 36.026354999786982 ], [ -79.802317000328785, 36.023969999776263 ], [ -79.793964000388044, 36.023867000083285 ], [ -79.79316400032188, 36.026698999772698 ], [ -79.791663999748664, 36.026749000093353 ], [ -79.791807999688729, 36.021240999708105 ], [ -79.793543000438575, 36.015101000357781 ], [ -79.791862999940292, 36.015163000052858 ], [ -79.787404000025163, 36.016354999685333 ], [ -79.777967000336133, 36.016396000348593 ], [ -79.776366000378886, 36.021181999662836 ], [ -79.776598000182474, 36.022474000089723 ], [ -79.779858999648198, 36.029851999757078 ], [ -79.780221999871344, 36.036049999910688 ], [ -79.782154000264683, 36.038678999907987 ], [ -79.786200999552861, 36.03713099983279 ], [ -79.800866999984294, 36.033967000166044 ], [ -79.800907000167271, 36.032508999998747 ], [ -79.802483000010142, 36.026354999786982 ] ] ] } },
{ "type": "Feature", "properties": { "GEOID": "370810128042", "tract": "128.04", "bg": "2", "score": -0.937, "cat": "Low Vitality", "pop": 1359, "pri": 0, "c0": 13.3, "c1": 23.3, "c2": 203800, "c3": 16.1, "c4": 29.2, "c5": 15.3, "c6": 1.0, "c7": 303, "c8": 66.9, "c9": 46 }, "geometry": { "type": "Polygon", "coordinates": [ [ [ -79.804392999763863, 36.015211000064561 ], [ -79.804839999652614, 36.010596000210946 ], [ -79.801231000032359, 36.010304999911448 ], [ -79.796905000186612, 36.009246000159187 ], [ -79.793964000388044, 36.009164999987725 ], [ -79.793543000438575, 36.015101000357781 ], [ -79.804392999763863, 36.015211000064561 ] ] ] } },
{ "type": "Feature", "properties": { "GEOID": "370810160072", "tract": "160.07", "bg": "2", "score": 0.818, "cat": "High Vitality", "pop": 1607, "pri": 0, "c0": 0.0, "c1": 38.7, "c2": 558000, "c3": 1.4, "c4": 20.0, "c5": 6.4, "c6": 0.0, "c7": 42, "c8": 74.7, "c9": 80 }, "geometry": { "type": "Polygon", "coordinates": [ [ [ -79.871575000388432, 36.129474999817127 ], [ -79.8702620003113, 36.125188999966007 ], [ -79.870980000361683, 36.12448500020114 ], [ -79.87122300003594, 36.122945999875377 ], [ -79.870489999916913, 36.122205000003696 ], [ -79.869735999881499, 36.119698999892194 ], [ -79.869115999740401, 36.119096000348172 ], [ -79.857867000206923, 36.128893999690916 ], [ -79.854132000189978, 36.129985000355809 ], [ -79.860751999928993, 36.136666999900427 ], [ -79.861683000414743, 36.136221999998 ], [ -79.863912000010671, 36.136539999732371 ], [ -79.866005000062529, 36.136270000177369 ], [ -79.869534000215154, 36.13466899966307 ], [ -79.869905999760817, 36.134080999769623 ], [ -79.869714000140206, 36.131509000023414 ], [ -79.87016699987673, 36.130854999814659 ], [ -79.871399999587936, 36.130404000041395 ], [ -79.871575000388432, 36.129474999817127 ] ] ] } },
{ "type": "Feature", "properties": { "GEOID": "370810160073", "tract": "160.07", "bg": "3", "score": 0.869, "cat": "High Vitality", "pop": 1036, "pri": 0, "c0": 0.0, "c1": 96.9, "c2": 349000, "c3": 1.3, "c4": 20.0, "c5": 6.4, "c6": 0.0, "c7": 42, "c8": 74.7, "c9": 80 }, "geometry": { "type": "Polygon", "coordinates": [ [ [ -79.880649999679207, 36.127528999860445 ], [ -79.882828999944778, 36.123637000330781 ], [ -79.878503999923936, 36.122742000194201 ], [ -79.877441000092062, 36.122131000058381 ], [ -79.876971999563665, 36.118624999927086 ], [ -79.876136000410824, 36.116681000186006 ], [ -79.872372000081555, 36.117481999660384 ], [ -79.869115999740401, 36.119096000348172 ], [ -79.869735999881499, 36.119698999892194 ], [ -79.870489999916913, 36.122205000003696 ], [ -79.87122300003594, 36.122945999875377 ], [ -79.870980000361683, 36.12448500020114 ], [ -79.8702620003113, 36.125188999966007 ], [ -79.871479999953877, 36.128551999909774 ], [ -79.871427000250421, 36.130370999903157 ], [ -79.875085000274495, 36.12968200031154 ], [ -79.877789000246594, 36.13033600013712 ], [ -79.879666000388355, 36.129979000035782 ], [ -79.880526999655572, 36.128903000295089 ], [ -79.880649999679207, 36.127528999860445 ] ] ] } },
{ "type": "Feature", "properties": { "GEOID": "370810159012", "tract": "159.01", "bg": "2", "score": 0.655, "cat": "High Vitality", "pop": 2366, "pri": 0, "c0": 10.4, "c1": 73.6, "c2": 314400, "c3": 1.7, "c4": 20.3, "c5": 6.8, "c6": 0.0, "c7": 100, "c8": 75.4, "c9": 96 }, "geometry": { "type": "Polygon", "coordinates": [ [ [ -79.979354000404541, 36.237274000269885 ], [ -79.977248999758828, 36.235524999913849 ], [ -79.974913999857648, 36.23448500009421 ], [ -79.971866999753871, 36.233739999651235 ], [ -79.967838000009039, 36.233602000214844 ], [ -79.963723999875398, 36.232079999924999 ], [ -79.962418000369283, 36.232152999760252 ], [ -79.957754000414724, 36.227272000176072 ], [ -79.955067999985971, 36.225723000252188 ], [ -79.954497000248651, 36.223962000207358 ], [ -79.956709999951087, 36.213189000288047 ], [ -79.952887999895495, 36.215000000222425 ], [ -79.95146900041145, 36.21650599990037 ], [ -79.94511900011085, 36.218898999888019 ], [ -79.93857999966437, 36.219695999967051 ], [ -79.934057000175116, 36.221500000091439 ], [ -79.927890999997544, 36.221794999664205 ], [ -79.92429700044589, 36.223148000326255 ], [ -79.922800000245729, 36.223330999650614 ], [ -79.920942000370545, 36.225066999657678 ], [ -79.9187709996026, 36.226230999976856 ], [ -79.918568000111321, 36.226922999667984 ], [ -79.915924000413668, 36.228245999811001 ], [ -79.915498000441318, 36.228906999823401 ], [ -79.912298000176648, 36.227993999680457 ], [ -79.911406000048984, 36.228093999967442 ], [ -79.905069999992079, 36.230285000184402 ], [ -79.90242700011936, 36.233731000215244 ], [ -79.901206000103713, 36.234473000235738 ], [ -79.894100000117874, 36.235734999780234 ], [ -79.893085999791467, 36.236474999816394 ], [ -79.890508000216059, 36.236733000267897 ], [ -79.885778000139268, 36.239055000070309 ], [ -79.880013999644589, 36.239111999845001 ], [ -79.872947999841713, 36.241547999649207 ], [ -79.87181899988758, 36.242293000312422 ], [ -79.877024000340541, 36.244708000158681 ], [ -79.879784000389137, 36.247535000353921 ], [ -79.880452000210823, 36.248761000334383 ], [ -79.88103800001673, 36.252407999988399 ], [ -79.961101000094146, 36.255040999875362 ], [ -79.964641999942359, 36.252958999973679 ], [ -79.972112999801169, 36.246301000314553 ], [ -79.976565000043621, 36.240199999982657 ], [ -79.979354000404541, 36.237274000269885 ] ] ] } },
{ "type": "Feature", "properties": { "GEOID": "370810160032", "tract": "160.03", "bg": "2", "score": 1.257, "cat": "Very High Vitality", "pop": 1151, "pri": 0, "c0": 0.0, "c1": 96.0, "c2": 645700, "c3": 1.6, "c4": 19.8, "c5": 4.3, "c6": 0.0, "c7": 17, "c8": 81.1, "c9": 94 }, "geometry": { "type": "Polygon", "coordinates": [ [ [ -79.989175000233132, 36.173604999975417 ], [ -79.97667499964848, 36.157826000076888 ], [ -79.973264000394934, 36.150576999678698 ], [ -79.970105000138162, 36.156637000281236 ], [ -79.963858999594621, 36.1603210002176 ], [ -79.957985000393407, 36.167944000131477 ], [ -79.954549999952121, 36.171812999685145 ], [ -79.953041999881293, 36.172826000311623 ], [ -79.956039999581279, 36.175166999842936 ], [ -79.956875999632445, 36.178868999669874 ], [ -79.958191000257727, 36.180101999998534 ], [ -79.962538000019876, 36.179103000096823 ], [ -79.966025000339712, 36.180351000237884 ], [ -79.969582000081417, 36.180688000227455 ], [ -79.977596000088468, 36.179702000010174 ], [ -79.985803000439333, 36.17509499973881 ], [ -79.989175000233132, 36.173604999975417 ] ] ] } },
{ "type": "Feature", "properties": { "GEOID": "370810160062", "tract": "160.06", "bg": "2", "score": 0.101, "cat": "Moderate Vitality", "pop": 2529, "pri": 0, "c0": 6.9, "c1": 14.7, "c2": 260100, "c3": 2.1, "c4": 21.1, "c5": 11.5, "c6": 0.0, "c7": 95, "c8": 74.4, "c9": 32 }, "geometry": { "type": "Polygon", "coordinates": [ [ [ -79.886945999553163, 36.132389999767469 ], [ -79.88419200025065, 36.132335999977087 ], [ -79.87996699978892, 36.131188000102739 ], [ -79.873471999723378, 36.132279999859612 ], [ -79.871838000154156, 36.133348000136735 ], [ -79.870696999606139, 36.135472000092449 ], [ -79.865450000218743, 36.138204000209221 ], [ -79.863966000437358, 36.140054000269387 ], [ -79.867738000264239, 36.144216000326551 ], [ -79.868972999625271, 36.14622499973958 ], [ -79.87056000023712, 36.14622499973958 ], [ -79.874676999845491, 36.147856000050552 ], [ -79.879004000414469, 36.147953999817219 ], [ -79.880807000038061, 36.147560000115412 ], [ -79.885271999800977, 36.14590300020248 ], [ -79.886107999852157, 36.145027000116038 ], [ -79.886945999553163, 36.132389999767469 ] ] ] } },
{ "type": "Feature", "properties": { "GEOID": "370810160071", "tract": "160.07", "bg": "1", "score": 0.686, "cat": "High Vitality", "pop": 2027, "pri": 0, "c0": 2.7, "c1": 63.0, "c2": 283500, "c3": 0.8, "c4": 20.0, "c5": 6.4, "c6": 0.0, "c7": 42, "c8": 74.7, "c9": 80 }, "geometry": { "type": "Polygon", "coordinates": [ [ [ -79.894269999997192, 36.107982999691181 ], [ -79.893676999620254, 36.10549799972722 ], [ -79.891960000210375, 36.102495999760016 ], [ -79.891812999897297, 36.099867000061856 ], [ -79.890191000023663, 36.101314999748652 ], [ -79.887968000275464, 36.10477899997079 ], [ -79.883843000271199, 36.107353999766325 ], [ -79.881628999845532, 36.11154800019245 ], [ -79.877534999803387, 36.115932000042704 ], [ -79.876136000410824, 36.116681000186006 ], [ -79.876971999563665, 36.118624999927086 ], [ -79.877441000092062, 36.122131000058381 ], [ -79.878503999923936, 36.122742000194201 ], [ -79.882828999944778, 36.123637000330781 ], [ -79.886206999586349, 36.118814000116537 ], [ -79.889956999671924, 36.117040999737632 ], [ -79.89191300035472, 36.117347999845471 ], [ -79.892082000409133, 36.114091999728153 ], [ -79.893987000139973, 36.10958799974599 ], [ -79.894269999997192, 36.107982999691181 ] ] ] } },
{ "type": "Feature", "properties": { "GEOID": "370810119042", "tract": "119.04", "bg": "2", "score": -0.612, "cat": "Low Vitality", "pop": 768, "pri": 0, "c0": 15.8, "c1": 58.7, "c2": 192700, "c3": 11.8, "c4": 30.2, "c5": 7.2, "c6": 1.0, "c7": 264, "c8": 63.5, "c9": 33 }, "geometry": { "type": "Polygon", "coordinates": [ [ [ -79.789656000085643, 36.134119999802742 ], [ -79.78903400029472, 36.127675999821832 ], [ -79.788072999671769, 36.125832000265028 ], [ -79.78271400013135, 36.125876000088461 ], [ -79.783063000110815, 36.131372000100328 ], [ -79.784970000389805, 36.133535000172976 ], [ -79.78523599963026, 36.136091999908821 ], [ -79.789656000085643, 36.134119999802742 ] ] ] } },
{ "type": "Feature", "properties": { "GEOID": "370810119052", "tract": "119.05", "bg": "2", "score": -0.502, "cat": "Low Vitality", "pop": 1461, "pri": 0, "c0": 2.1, "c1": 61.8, "c2": 170200, "c3": 7.5, "c4": 28.8, "c5": 14.8, "c6": 1.0, "c7": 203, "c8": 61.8, "c9": 38 }, "geometry": { "type": "Polygon", "coordinates": [ [ [ -79.77332099992492, 36.126112000237512 ], [ -79.772826000355607, 36.125323000185183 ], [ -79.759282000205616, 36.125224999722477 ], [ -79.75731100035253, 36.128353000172361 ], [ -79.755594000044326, 36.129960999798676 ], [ -79.754193999928546, 36.130340999897335 ], [ -79.754243000332352, 36.138279999648162 ], [ -79.7555920003945, 36.137592000287576 ], [ -79.758605000163101, 36.142721000058266 ], [ -79.760498000198396, 36.137120000122351 ], [ -79.762009999568846, 36.134755000033273 ], [ -79.768605999916758, 36.129318999767271 ], [ -79.77332099992492, 36.126112000237512 ] ] ] } },
{ "type": "Feature", "properties": { "GEOID": "370810145032", "tract": "145.03", "bg": "2", "score": -0.788, "cat": "Low Vitality", "pop": 1620, "pri": 0, "c0": 5.8, "c1": 58.4, "c2": 157900, "c3": 10.3, "c4": 32.1, "c5": 16.3, "c6": 1.0, "c7": 229, "c8": 60.2, "c9": 28 }, "geometry": { "type": "Polygon", "coordinates": [ [ [ -79.974538999938943, 35.960831000354126 ], [ -79.975443999587071, 35.953342000320937 ], [ -79.974318000005994, 35.95332399965384 ], [ -79.974328999876647, 35.952709000334075 ], [ -79.967241000332479, 35.952630999939927 ], [ -79.966909999896373, 35.957373999843632 ], [ -79.966345999831759, 35.959559000217602 ], [ -79.958777999888568, 35.959307000160052 ], [ -79.958351000091298, 35.960568000189298 ], [ -79.959054000073081, 35.962024999792256 ], [ -79.960316999921517, 35.962082000216462 ], [ -79.960209999791402, 35.964892000171673 ], [ -79.966396000060485, 35.965301000299611 ], [ -79.974579000121906, 35.966439999767836 ], [ -79.974538999938943, 35.960831000354126 ] ] ] } },
{ "type": "Feature", "properties": { "GEOID": "370810103002", "tract": "103", "bg": "2", "score": -0.724, "cat": "Low Vitality", "pop": 905, "pri": 0, "c0": 20.0, "c1": 19.7, "c2": 134100, "c3": 5.5, "c4": 29.5, "c5": 10.1, "c6": 1.0, "c7": 291, "c8": 63.4, "c9": 46 }, "geometry": { "type": "Polygon", "coordinates": [ [ [ -79.788557000268739, 36.094003000358377 ], [ -79.789031999746584, 36.088053000203416 ], [ -79.782508000267015, 36.087694000270609 ], [ -79.78265499968181, 36.085723999881445 ], [ -79.767168000166137, 36.084947000155189 ], [ -79.765783999943864, 36.090866000073369 ], [ -79.765532999873699, 36.097656999733189 ], [ -79.764624000027595, 36.099868999725935 ], [ -79.765044000152159, 36.100033999781573 ], [ -79.772935999960467, 36.090278999841189 ], [ -79.773722999607827, 36.09073199985869 ], [ -79.777338999799099, 36.090920000073645 ], [ -79.776936000291286, 36.096048999802797 ], [ -79.777251999760452, 36.096927999932362 ], [ -79.775425999672336, 36.098095999909127 ], [ -79.775013999943667, 36.099027999671733 ], [ -79.775126999921568, 36.099999999750025 ], [ -79.776352000135176, 36.099530999885005 ], [ -79.777429000210773, 36.09813499967224 ], [ -79.78298199991994, 36.097714000089681 ], [ -79.783746999826022, 36.095565000193929 ], [ -79.78667199973107, 36.096434999960643 ], [ -79.78673399965534, 36.09572000027763 ], [ -79.785419999753273, 36.094812999704956 ], [ -79.787418000268858, 36.093692000097455 ], [ -79.788557000268739, 36.094003000358377 ] ] ] } },
{ "type": "Feature", "properties": { "GEOID": "370810139001", "tract": "139", "bg": "1", "score": -1.759, "cat": "Very Low Vitality", "pop": 1068, "pri": 1, "c0": 75.4, "c1": 10.5, "c2": 94700, "c3": 4.1, "c4": 34.8, "c5": 16.1, "c6": 1.0, "c7": 390, "c8": 51.5, "c9": 16 }, "geometry": { "type": "Polygon", "coordinates": [ [ [ -80.005728999778668, 35.957700999888893 ], [ -80.005235000034233, 35.95559599989047 ], [ -79.997672000113923, 35.956577999703015 ], [ -79.993917999830387, 35.95643900005885 ], [ -79.993812000423503, 35.958079000088667 ], [ -79.994892999798722, 35.958122999952074 ], [ -79.994814999980946, 35.959362999838369 ], [ -79.991671999617694, 35.9591959997584 ], [ -79.990715999915906, 35.96340899967538 ], [ -80.005728999778668, 35.957700999888893 ] ] ] } },
{ "type": "Feature", "properties": { "GEOID": "370810125091", "tract": "125.09", "bg": "1", "score": 0.946, "cat": "High Vitality", "pop": 2361, "pri": 0, "c0": 1.3, "c1": 86.5, "c2": 403000, "c3": 1.0, "c4": 16.8, "c5": 4.9, "c6": 0.0, "c7": 75, "c8": 88.2, "c9": 42 }, "geometry": { "type": "Polygon", "coordinates": [ [ [ -79.852553999798957, 36.106774000064846 ], [ -79.846171999711288, 36.104679999861375 ], [ -79.842857999643826, 36.101321000081832 ], [ -79.840609999781293, 36.100162999874037 ], [ -79.84094899971501, 36.086371000258147 ], [ -79.831407000443988, 36.08310599967313 ], [ -79.829531000127147, 36.082116999840714 ], [ -79.827601000281931, 36.084864999770609 ], [ -79.823743000241322, 36.087188999804098 ], [ -79.827253000127385, 36.089932000140315 ], [ -79.832610000017965, 36.098164000153524 ], [ -79.836063000002625, 36.101143999859502 ], [ -79.842158000035084, 36.108937000041614 ], [ -79.844251000086913, 36.110744000256453 ], [ -79.846649999562189, 36.112061999786839 ], [ -79.850820999597232, 36.113290999782386 ], [ -79.851877999581347, 36.107920999790807 ], [ -79.852553999798957, 36.106774000064846 ] ] ] } },
{ "type": "Feature", "properties": { "GEOID": "370810104031", "tract": "104.03", "bg": "1", "score": 0.178, "cat": "Moderate Vitality", "pop": 1031, "pri": 0, "c0": 4.1, "c1": 46.6, "c2": 337800, "c3": 12.6, "c4": 18.7, "c5": 5.2, "c6": 0.0, "c7": 197, "c8": 76.6, "c9": 30 }, "geometry": { "type": "Polygon", "coordinates": [ [ [ -79.827079999875011, 36.108618000160995 ], [ -79.819395999580877, 36.099884999940066 ], [ -79.81831400038071, 36.100079999928873 ], [ -79.819208999983132, 36.103357999970171 ], [ -79.819087999609295, 36.105101999988065 ], [ -79.808655000035515, 36.10474800021386 ], [ -79.808692999670342, 36.103327999803433 ], [ -79.807644999907055, 36.103278000225899 ], [ -79.805616000327646, 36.103792000229639 ], [ -79.805320000051651, 36.103477999796752 ], [ -79.803422999818395, 36.103734999927667 ], [ -79.801231999857279, 36.105761999895911 ], [ -79.8039290001567, 36.106160000166646 ], [ -79.807643000257229, 36.108299999798234 ], [ -79.811865000345904, 36.109818999889235 ], [ -79.816876999556683, 36.109890000349729 ], [ -79.820363000051614, 36.109060000288814 ], [ -79.825888000171688, 36.108957000177533 ], [ -79.827079999875011, 36.108618000160995 ] ] ] } },
{ "type": "Feature", "properties": { "GEOID": "370810113003", "tract": "113", "bg": "3", "score": -1.116, "cat": "Low Vitality", "pop": 440, "pri": 1, "c0": 25.1, "c1": 51.1, "c2": 144350, "c3": 7.2, "c4": 31.1, "c5": 19.1, "c6": 1.0, "c7": 376, "c8": 57.7, "c9": 26 }, "geometry": { "type": "Polygon", "coordinates": [ [ [ -79.784761999977334, 36.057005000277272 ], [ -79.783529000266128, 36.054764000007552 ], [ -79.781212999733214, 36.052005999909916 ], [ -79.776161000339457, 36.048854000158528 ], [ -79.771909999938501, 36.056396000241946 ], [ -79.784761999977334, 36.057005000277272 ] ] ] } },
{ "type": "Feature", "properties": { "GEOID": "370810104043", "tract": "104.04", "bg": "3", "score": 1.272, "cat": "Very High Vitality", "pop": 1192, "pri": 0, "c0": 0.0, "c1": 93.5, "c2": 812600, "c3": 3.2, "c4": 14.6, "c5": 5.7, "c6": 0.0, "c7": 48, "c8": 85.7, "c9": 44 }, "geometry": { "type": "Polygon", "coordinates": [ [ [ -79.815263000078971, 36.102395000077117 ], [ -79.814104999812514, 36.097414999809438 ], [ -79.814898000205986, 36.095909999939764 ], [ -79.814740000022255, 36.095382000010588 ], [ -79.811343999938998, 36.095893999642087 ], [ -79.808834000135661, 36.094678999686799 ], [ -79.805055999562668, 36.094498000144583 ], [ -79.801949000082757, 36.093529999891828 ], [ -79.800364000019059, 36.093783000259151 ], [ -79.79798700028509, 36.093183000025924 ], [ -79.796768999744174, 36.091067999911068 ], [ -79.795157999741207, 36.090077999747194 ], [ -79.793146999705129, 36.090939999714799 ], [ -79.792830000411044, 36.091183000283891 ], [ -79.793104000047421, 36.091465000271391 ], [ -79.792488000104285, 36.091892999837967 ], [ -79.79470599982956, 36.09337799995091 ], [ -79.796337999748957, 36.093837999978781 ], [ -79.799466000043594, 36.095562999694444 ], [ -79.802436999979392, 36.096132999893229 ], [ -79.804026000241066, 36.097885000185258 ], [ -79.804423999726026, 36.098848000192639 ], [ -79.804237000128253, 36.099526999813762 ], [ -79.801169000108089, 36.099544000296575 ], [ -79.800945999627004, 36.102672999839776 ], [ -79.801231999857279, 36.105761999895911 ], [ -79.803714000071537, 36.103635999954172 ], [ -79.805320000051651, 36.103477999796752 ], [ -79.805616000327646, 36.103792000229639 ], [ -79.807644999907055, 36.103278000225899 ], [ -79.810271000061377, 36.103501000317173 ], [ -79.813647000053123, 36.102346000069232 ], [ -79.815263000078971, 36.102395000077117 ] ] ] } },
{ "type": "Feature", "properties": { "GEOID": "370810170002", "tract": "170", "bg": "2", "score": 0.398, "cat": "High Vitality", "pop": 1312, "pri": 0, "c0": 9.1, "c1": 65.4, "c2": 209800, "c3": 1.9, "c4": 20.9, "c5": 10.8, "c6": 0.0, "c7": 25, "c8": 73.7, "c9": 64 }, "geometry": { "type": "Polygon", "coordinates": [ [ [ -79.63816900010184, 35.955321999938434 ], [ -79.63868700013569, 35.947729000284362 ], [ -79.631521999700311, 35.947385999747041 ], [ -79.630703000265882, 35.945871000231477 ], [ -79.625562000285356, 35.941785000112858 ], [ -79.621597000114633, 35.936211000206207 ], [ -79.621014999608377, 35.933909999822376 ], [ -79.620039999640014, 35.933052999643614 ], [ -79.624413000239741, 35.930466999813014 ], [ -79.623918999597024, 35.928031000165085 ], [ -79.619254999642465, 35.922029 ], [ -79.617477000133221, 35.918934999951091 ], [ -79.622489000242311, 35.919699999658711 ], [ -79.624676999830371, 35.920483999682396 ], [ -79.629715999703663, 35.920301000037185 ], [ -79.631680999708962, 35.919605999681558 ], [ -79.633280999841276, 35.917839000336699 ], [ -79.633768999737924, 35.915892000001499 ], [ -79.635759999682506, 35.914629000007103 ], [ -79.636347000211643, 35.91265899973056 ], [ -79.63786600015311, 35.910480000183057 ], [ -79.638092999933846, 35.907316999986747 ], [ -79.637775999741436, 35.903763999954997 ], [ -79.541728000205993, 35.89985099980246 ], [ -79.540656999978154, 35.951937000071062 ], [ -79.545182000015544, 35.951596000144129 ], [ -79.548244000187921, 35.95028999965691 ], [ -79.549476000074222, 35.950149000024716 ], [ -79.551718000088968, 35.950704000047111 ], [ -79.55692799966647, 35.95095599991803 ], [ -79.566606000278242, 35.953529999932897 ], [ -79.567315999932717, 35.953934999804737 ], [ -79.569121000104474, 35.957110999801209 ], [ -79.572856000121433, 35.960822999927984 ], [ -79.574060000418626, 35.963996999767062 ], [ -79.577099000126481, 35.965582000029045 ], [ -79.580343999698684, 35.968282000181183 ], [ -79.58239499991771, 35.968727000340024 ], [ -79.589135000205658, 35.971729000046331 ], [ -79.593432999563987, 35.973033999732912 ], [ -79.603623000361836, 35.97197299969767 ], [ -79.60465900042955, 35.972320000334271 ], [ -79.607143000293632, 35.974542000095497 ], [ -79.619801999988638, 35.976432000115501 ], [ -79.620587999811093, 35.975070000169971 ], [ -79.625204999909982, 35.970380999976946 ], [ -79.628718999994007, 35.968536000046448 ], [ -79.633151999969868, 35.964453999808093 ], [ -79.636241999731354, 35.958165000162332 ], [ -79.63816900010184, 35.955321999938434 ] ] ] } },
{ "type": "Feature", "properties": { "GEOID": "370810151002", "tract": "151", "bg": "2", "score": 0.403, "cat": "High Vitality", "pop": 1970, "pri": 0, "c0": 0.0, "c1": 90.5, "c2": 320200, "c3": 3.0, "c4": 24.8, "c5": 18.2, "c6": 0.0, "c7": 48, "c8": 71.7, "c9": 86 }, "geometry": { "type": "Polygon", "coordinates": [ [ [ -79.708429999718916, 36.181633000291129 ], [ -79.705592999677407, 36.178808999763888 ], [ -79.704683999831303, 36.176034000131537 ], [ -79.703802999574293, 36.17619299993882 ], [ -79.702061999874971, 36.178320000303223 ], [ -79.695242999944313, 36.175425000156139 ], [ -79.694368000433386, 36.177391999733622 ], [ -79.694246000234642, 36.1789359996435 ], [ -79.694558000404172, 36.179930999899938 ], [ -79.695398999579922, 36.180634000335246 ], [ -79.695181999844934, 36.181150000361562 ], [ -79.692912000241108, 36.18089800009885 ], [ -79.689887999703544, 36.179468999827918 ], [ -79.688640999748628, 36.179893000069043 ], [ -79.686104000181103, 36.179975999733109 ], [ -79.684570000171007, 36.181681000229524 ], [ -79.68276699964909, 36.181835999950628 ], [ -79.680338000036599, 36.18075899965303 ], [ -79.678819999920023, 36.17869400011773 ], [ -79.676548999592981, 36.178423999938424 ], [ -79.675383999653818, 36.179254000208942 ], [ -79.676141999887193, 36.180814999961427 ], [ -79.675951999916393, 36.181418999966169 ], [ -79.674719000205187, 36.181991000090129 ], [ -79.672909000010577, 36.182145000051293 ], [ -79.672407999695153, 36.181957999903709 ], [ -79.672617999757435, 36.177677000225586 ], [ -79.669623000430505, 36.175922999842214 ], [ -79.668585999639546, 36.175774999695271 ], [ -79.664993999737732, 36.177016000355756 ], [ -79.660779000220074, 36.174305999943343 ], [ -79.65977499993943, 36.174223000073738 ], [ -79.65862300041907, 36.175327999876636 ], [ -79.657783000169928, 36.175431999857643 ], [ -79.65276100001509, 36.17360599995606 ], [ -79.651893000176869, 36.175101000233454 ], [ -79.649498999826164, 36.177703999745184 ], [ -79.64901000010461, 36.179896999670497 ], [ -79.648482000025012, 36.180137999933578 ], [ -79.645127999774559, 36.1779389999515 ], [ -79.642437000221264, 36.178174000178068 ], [ -79.6423429996116, 36.176350000257422 ], [ -79.641502000435864, 36.175849999755648 ], [ -79.637333999875565, 36.175914000282233 ], [ -79.635491000068981, 36.174873999932629 ], [ -79.63458999972049, 36.174835999824388 ], [ -79.633748999646429, 36.175011000017172 ], [ -79.63347099981209, 36.176077000129496 ], [ -79.63285400004402, 36.176477999716269 ], [ -79.63074599992359, 36.17611399968726 ], [ -79.630013999629483, 36.175629999858344 ], [ -79.630415000385796, 36.174493000227166 ], [ -79.629502000341731, 36.172772000076769 ], [ -79.625849000340537, 36.171315999994249 ], [ -79.624999999870553, 36.172467999967147 ], [ -79.62374600024296, 36.172479999907935 ], [ -79.622148999585363, 36.173255000170414 ], [ -79.621199999556296, 36.173307000103591 ], [ -79.620304000128982, 36.172455000029196 ], [ -79.619706999554083, 36.172427000155473 ], [ -79.619140999839644, 36.173001999905601 ], [ -79.618982999655898, 36.174084000112714 ], [ -79.620161000013837, 36.175564999869344 ], [ -79.622228000126412, 36.176905999945888 ], [ -79.62073799959893, 36.178311000293434 ], [ -79.621275999724261, 36.179369999665226 ], [ -79.620971000125749, 36.179616000344119 ], [ -79.619244999596717, 36.17931000014292 ], [ -79.61771399995969, 36.17781499968671 ], [ -79.616369999920394, 36.179405000030009 ], [ -79.611962000058881, 36.181779999647063 ], [ -79.609710999823307, 36.184181000108524 ], [ -79.605343999969676, 36.185539999704098 ], [ -79.600803000038766, 36.188687000120275 ], [ -79.599716999742341, 36.190195000337646 ], [ -79.598386999946769, 36.194866000195717 ], [ -79.594903999824894, 36.198421999780784 ], [ -79.602943999771185, 36.205613999933348 ], [ -79.607266000317281, 36.212388999970557 ], [ -79.612819999851368, 36.203834000004228 ], [ -79.617627999745949, 36.200558999640478 ], [ -79.635687999712474, 36.194704999719292 ], [ -79.652880999665697, 36.191837000201772 ], [ -79.657691999933334, 36.190272999671613 ], [ -79.665548999581532, 36.190931000051016 ], [ -79.674529000234401, 36.189067999673753 ], [ -79.679210999732277, 36.189613999787198 ], [ -79.679240999869521, 36.194453000294835 ], [ -79.684550000079525, 36.2018850001404 ], [ -79.688268000378031, 36.211678999669402 ], [ -79.688099000323632, 36.212481999900362 ], [ -79.686460999658166, 36.214348000312931 ], [ -79.687888000436445, 36.214076000194162 ], [ -79.690892999809108, 36.20979300032419 ], [ -79.708429999718916, 36.181633000291129 ] ] ] } },
{ "type": "Feature", "properties": { "GEOID": "370810168003", "tract": "168", "bg": "3", "score": -0.113, "cat": "Moderate Vitality", "pop": 1248, "pri": 0, "c0": 0.0, "c1": 57.8, "c2": 194500, "c3": 23.7, "c4": 25.0, "c5": 5.5, "c6": 0.0, "c7": 98, "c8": 64.8, "c9": 80 }, "geometry": { "type": "Polygon", "coordinates": [ [ [ -79.812806999803996, 35.953718999695191 ], [ -79.807788000022185, 35.95332199990267 ], [ -79.804899000102168, 35.954397999796996 ], [ -79.794829999678129, 35.954306999942105 ], [ -79.794192999818591, 35.958552000062305 ], [ -79.791790999970274, 35.960981999793134 ], [ -79.789793000353001, 35.962428000211965 ], [ -79.787064000266554, 35.963628999895889 ], [ -79.785656999579729, 35.965048999660688 ], [ -79.778562000362868, 35.977365000296032 ], [ -79.797095999982318, 35.978816999680575 ], [ -79.799969999833735, 35.979966000167167 ], [ -79.802146999551169, 35.980165000349935 ], [ -79.808737999876186, 35.966285000286419 ], [ -79.812806999803996, 35.953718999695191 ] ] ] } },
{ "type": "Feature", "properties": { "GEOID": "370810161022", "tract": "161.02", "bg": "2", "score": -0.271, "cat": "Moderate Vitality", "pop": 749, "pri": 0, "c0": 4.9, "c1": 37.6, "c2": 317100, "c3": 7.2, "c4": 24.6, "c5": 10.5, "c6": 1.0, "c7": 202, "c8": 58.5, "c9": 60 }, "geometry": { "type": "Polygon", "coordinates": [ [ [ -79.905434999865079, 36.088070999883918 ], [ -79.905305000168738, 36.085340000146893 ], [ -79.904305000086026, 36.083604999999856 ], [ -79.904257000405465, 36.081403999993718 ], [ -79.902858999939497, 36.081298000086512 ], [ -79.902633999808586, 36.076287000252137 ], [ -79.897606999630881, 36.076695000057086 ], [ -79.895012000337033, 36.079756999905413 ], [ -79.897082999749244, 36.081170999660273 ], [ -79.897030000045788, 36.087796000323223 ], [ -79.899946999554928, 36.087446999843998 ], [ -79.905434999865079, 36.088070999883918 ] ] ] } },
{ "type": "Feature", "properties": { "GEOID": "370810168001", "tract": "168", "bg": "1", "score": 0.503, "cat": "High Vitality", "pop": 1118, "pri": 0, "c0": 5.8, "c1": 100.0, "c2": 221900, "c3": 2.0, "c4": 25.0, "c5": 5.5, "c6": 0.0, "c7": 98, "c8": 64.8, "c9": 80 }, "geometry": { "type": "Polygon", "coordinates": [ [ [ -79.777695000349567, 36.009655999938758 ], [ -79.77849000039285, 36.005794999944477 ], [ -79.778013000366883, 36.005626000115242 ], [ -79.777553000059342, 36.003683999971393 ], [ -79.777553999884248, 35.999218000118205 ], [ -79.776864000321254, 35.996247999919433 ], [ -79.777891999993045, 35.98904700015656 ], [ -79.777456999799867, 35.979876999776884 ], [ -79.778562000362868, 35.977365000296032 ], [ -79.77182299989984, 35.976753000099102 ], [ -79.767795999804846, 35.977982000107197 ], [ -79.752699000276522, 35.977930999822583 ], [ -79.751745000224574, 35.981583000242786 ], [ -79.750452000238909, 35.983818000100825 ], [ -79.749736999663227, 35.996024000242777 ], [ -79.747922000344076, 35.994839999793932 ], [ -79.754034000094975, 36.000297000267402 ], [ -79.756478999600986, 36.003338999840132 ], [ -79.763435999623908, 36.019701999898949 ], [ -79.776105000262973, 36.020274000069264 ], [ -79.776034999942766, 36.021549999962581 ], [ -79.776701000114628, 36.020450000180595 ], [ -79.778076999940978, 36.015775000192171 ], [ -79.777695000349567, 36.009655999938758 ] ] ] } },
{ "type": "Feature", "properties": { "GEOID": "370810168002", "tract": "168", "bg": "2", "score": 0.111, "cat": "Moderate Vitality", "pop": 4203, "pri": 0, "c0": 4.9, "c1": 37.9, "c2": 245200, "c3": 10.6, "c4": 25.0, "c5": 5.5, "c6": 0.0, "c7": 98, "c8": 64.8, "c9": 80 }, "geometry": { "type": "Polygon", "coordinates": [ [ [ -79.806300999867773, 36.004137999984039 ], [ -79.801503999843831, 35.983335000245006 ], [ -79.801537000354116, 35.981675999683262 ], [ -79.802146999551169, 35.980165000349935 ], [ -79.799969999833735, 35.979966000167167 ], [ -79.797095999982318, 35.978816999680575 ], [ -79.778562000362868, 35.977365000296032 ], [ -79.777456999799867, 35.979876999776884 ], [ -79.777891999993045, 35.98904700015656 ], [ -79.776864000321254, 35.996247999919433 ], [ -79.777553999884248, 35.999218000118205 ], [ -79.777553000059342, 36.003683999971393 ], [ -79.778013000366883, 36.005626000115242 ], [ -79.778575999708252, 36.006010000067967 ], [ -79.777695000349567, 36.009655999938758 ], [ -79.777967000336133, 36.016396000348593 ], [ -79.787404000025163, 36.016354999685333 ], [ -79.791862999940292, 36.015163000052858 ], [ -79.793543000438575, 36.015101000357781 ], [ -79.793964000388044, 36.009164999987725 ], [ -79.796905000186612, 36.009246000159187 ], [ -79.801231000032359, 36.010304999911448 ], [ -79.804839999652614, 36.010596000210946 ], [ -79.806300999867773, 36.004137999984039 ] ] ] } },
{ "type": "Feature", "properties": { "GEOID": "370810138001", "tract": "138", "bg": "1", "score": -1.54, "cat": "Very Low Vitality", "pop": 1256, "pri": 1, "c0": 49.8, "c1": 28.3, "c2": 107700, "c3": 11.0, "c4": 32.8, "c5": 17.9, "c6": 1.0, "c7": 303, "c8": 48.9, "c9": 27 }, "geometry": { "type": "Polygon", "coordinates": [ [ [ -79.986437999750748, 35.96520199993676 ], [ -79.98144599973314, 35.966554999725858 ], [ -79.974579000121906, 35.966836999786587 ], [ -79.973682999796267, 35.980342999653573 ], [ -79.973979999897196, 35.982674999657725 ], [ -79.980181000234879, 35.980435999828408 ], [ -79.97996299977666, 35.979737999709869 ], [ -79.980270999748257, 35.979091000255188 ], [ -79.97963499971361, 35.978565000020964 ], [ -79.979206000266515, 35.975595000112747 ], [ -79.979588999682861, 35.970790000025481 ], [ -79.980249999831855, 35.969622999873238 ], [ -79.983256999752655, 35.966481000208347 ], [ -79.986437999750748, 35.96520199993676 ] ] ] } },
{ "type": "Feature", "properties": { "GEOID": "370810138002", "tract": "138", "bg": "2", "score": -1.1, "cat": "Low Vitality", "pop": 1227, "pri": 1, "c0": 10.7, "c1": 46.2, "c2": 121400, "c3": 9.5, "c4": 32.8, "c5": 17.9, "c6": 1.0, "c7": 303, "c8": 48.9, "c9": 27 }, "geometry": { "type": "Polygon", "coordinates": [ [ [ -79.993947999967617, 35.967424000101332 ], [ -79.989786000153401, 35.967277000143532 ], [ -79.990715999915906, 35.96340899967538 ], [ -79.983256999752655, 35.966481000208347 ], [ -79.980249999831855, 35.969622999873238 ], [ -79.979588999682861, 35.970790000025481 ], [ -79.985928000112793, 35.970842000215818 ], [ -79.985545999623056, 35.97244800004988 ], [ -79.987970999935925, 35.974442999688328 ], [ -79.991411000400092, 35.971761000234231 ], [ -79.990000000413659, 35.970151000133342 ], [ -79.989675999650231, 35.969053000230488 ], [ -79.99356200017823, 35.968634000182462 ], [ -79.993947999967617, 35.967424000101332 ] ] ] } },
{ "type": "Feature", "properties": { "GEOID": "370810138004", "tract": "138", "bg": "4", "score": -1.643, "cat": "Very Low Vitality", "pop": 27, "pri": 1, "c0": 52.9, "c1": 47.1, "c2": 101000, "c3": 17.0, "c4": 32.8, "c5": 17.9, "c6": 1.0, "c7": 303, "c8": 48.9, "c9": 27 }, "geometry": { "type": "Polygon", "coordinates": [ [ [ -79.994146000334325, 35.963835999943534 ], [ -79.993593000140379, 35.962450999785965 ], [ -79.990715999915906, 35.96340899967538 ], [ -79.989786000153401, 35.967277000143532 ], [ -79.993958999838284, 35.967352000067173 ], [ -79.994146000334325, 35.963835999943534 ] ] ] } },
{ "type": "Feature", "properties": { "GEOID": "370810113002", "tract": "113", "bg": "2", "score": -1.252, "cat": "Very Low Vitality", "pop": 1051, "pri": 1, "c0": 14.0, "c1": 15.3, "c2": 129700, "c3": 11.4, "c4": 31.1, "c5": 19.1, "c6": 1.0, "c7": 376, "c8": 57.7, "c9": 26 }, "geometry": { "type": "Polygon", "coordinates": [ [ [ -79.792304999806177, 36.053484999826722 ], [ -79.79152900002947, 36.051646000203021 ], [ -79.791410000203754, 36.035935999837513 ], [ -79.785531000081363, 36.037332999664606 ], [ -79.780975000081852, 36.0391900002016 ], [ -79.779513000041788, 36.040228000289368 ], [ -79.77713499958459, 36.043053000244484 ], [ -79.774217000250559, 36.044879000141755 ], [ -79.775197000241775, 36.04817600027517 ], [ -79.781212999733214, 36.052005999909916 ], [ -79.783529000266128, 36.054764000007552 ], [ -79.784864000084582, 36.054425000103407 ], [ -79.789752000345118, 36.054604000298994 ], [ -79.791415000226635, 36.05552300032123 ], [ -79.791481000348881, 36.05408300003802 ], [ -79.792304999806177, 36.053484999826722 ] ] ] } },
{ "type": "Feature", "properties": { "GEOID": "370810114001", "tract": "114", "bg": "1", "score": -1.312, "cat": "Very Low Vitality", "pop": 237, "pri": 1, "c0": 24.3, "c1": 37.1, "c2": 167050, "c3": 6.4, "c4": 33.0, "c5": 16.7, "c6": 1.0, "c7": 554, "c8": 53.9, "c9": 17 }, "geometry": { "type": "Polygon", "coordinates": [ [ [ -79.797251999617941, 36.059262999665876 ], [ -79.795351000085049, 36.05898900028933 ], [ -79.796161000196946, 36.055062999816521 ], [ -79.79360700001267, 36.055283000046046 ], [ -79.792304999806177, 36.053484999826722 ], [ -79.791627999763648, 36.053879000221478 ], [ -79.790878999751115, 36.064627999768803 ], [ -79.792960000107385, 36.064810999652778 ], [ -79.793371999836026, 36.06236999965892 ], [ -79.796670999834888, 36.061796000299374 ], [ -79.797251999617941, 36.059262999665876 ] ] ] } },
{ "type": "Feature", "properties": { "GEOID": "370810114003", "tract": "114", "bg": "3", "score": -1.696, "cat": "Very Low Vitality", "pop": 1043, "pri": 1, "c0": 32.8, "c1": 4.8, "c2": 175750, "c3": 15.2, "c4": 33.0, "c5": 16.7, "c6": 1.0, "c7": 554, "c8": 53.9, "c9": 17 }, "geometry": { "type": "Polygon", "coordinates": [ [ [ -79.806761000175314, 36.052239000214406 ], [ -79.800795999839181, 36.051959999958413 ], [ -79.800529999700416, 36.054308000343838 ], [ -79.799969000008844, 36.05494800035963 ], [ -79.796161000196946, 36.055062999816521 ], [ -79.795351000085049, 36.05898900028933 ], [ -79.797261999663675, 36.059025999868581 ], [ -79.797034000058048, 36.061288999885925 ], [ -79.79622099957308, 36.061993000271897 ], [ -79.793371999836026, 36.06236999965892 ], [ -79.792674999702015, 36.066010000277487 ], [ -79.793028999704362, 36.067051000009471 ], [ -79.798818000313403, 36.065619999967716 ], [ -79.801220000161706, 36.059082999912597 ], [ -79.804437999969707, 36.054526999733248 ], [ -79.806761000175314, 36.052239000214406 ] ] ] } },
{ "type": "Feature", "properties": { "GEOID": "370810114005", "tract": "114", "bg": "5", "score": -1.426, "cat": "Very Low Vitality", "pop": 1967, "pri": 1, "c0": 18.0, "c1": 19.0, "c2": 137300, "c3": 9.9, "c4": 33.0, "c5": 16.7, "c6": 1.0, "c7": 554, "c8": 53.9, "c9": 17 }, "geometry": { "type": "Polygon", "coordinates": [ [ [ -79.811067999754485, 36.047525999776461 ], [ -79.807906000022982, 36.046663000254455 ], [ -79.799615000006511, 36.046391000162117 ], [ -79.798040999813452, 36.051823000022566 ], [ -79.806761000175314, 36.052239000214406 ], [ -79.810434000267989, 36.048764999806203 ], [ -79.811067999754485, 36.047525999776461 ] ] ] } },
{ "type": "Feature", "properties": { "GEOID": "370810115001", "tract": "115", "bg": "1", "score": -0.846, "cat": "Low Vitality", "pop": 1476, "pri": 1, "c0": 5.4, "c1": 20.8, "c2": 145050, "c3": 6.1, "c4": 29.1, "c5": 13.1, "c6": 1.0, "c7": 334, "c8": 55.7, "c9": 21 }, "geometry": { "type": "Polygon", "coordinates": [ [ [ -79.81544899985181, 36.063078000286886 ], [ -79.815689000051321, 36.057317999703287 ], [ -79.812097999974412, 36.057290000141727 ], [ -79.812035000225222, 36.058507999818296 ], [ -79.808019999825802, 36.058396000301222 ], [ -79.807921000091596, 36.0607280001974 ], [ -79.802455000421048, 36.060542000349749 ], [ -79.800909999641988, 36.059614000288121 ], [ -79.798818000313403, 36.065619999967716 ], [ -79.8031070003492, 36.064610999722255 ], [ -79.81544899985181, 36.063078000286886 ] ] ] } },
{ "type": "Feature", "properties": { "GEOID": "370810115002", "tract": "115", "bg": "2", "score": -0.971, "cat": "Low Vitality", "pop": 1092, "pri": 1, "c0": 33.8, "c1": 53.0, "c2": 143800, "c3": 5.8, "c4": 29.1, "c5": 13.1, "c6": 1.0, "c7": 334, "c8": 55.7, "c9": 21 }, "geometry": { "type": "Polygon", "coordinates": [ [ [ -79.815689000051321, 36.057317999703287 ], [ -79.815817999922757, 36.053852000216843 ], [ -79.812347000394766, 36.053418000215906 ], [ -79.812219000348236, 36.055486999854573 ], [ -79.808143999674328, 36.055377999773462 ], [ -79.80829400036049, 36.052318000260797 ], [ -79.806761000175314, 36.052239000214406 ], [ -79.804437999969707, 36.054526999733248 ], [ -79.800909999641988, 36.059614000288121 ], [ -79.802455000421048, 36.060542000349749 ], [ -79.807921000091596, 36.0607280001974 ], [ -79.808019999825802, 36.058396000301222 ], [ -79.812035000225222, 36.058507999818296 ], [ -79.812097999974412, 36.057290000141727 ], [ -79.815689000051321, 36.057317999703287 ] ] ] } },
{ "type": "Feature", "properties": { "GEOID": "370810116011", "tract": "116.01", "bg": "1", "score": -0.445, "cat": "Low Vitality", "pop": 675, "pri": 0, "c0": 16.2, "c1": 47.5, "c2": 157100, "c3": 8.4, "c4": 30.2, "c5": 2.4, "c6": 1.0, "c7": 247, "c8": 62.0, "c9": 48 }, "geometry": { "type": "Polygon", "coordinates": [ [ [ -79.823914999770466, 36.061720000189155 ], [ -79.822497000111326, 36.052276000062129 ], [ -79.818864000201614, 36.052249000233822 ], [ -79.818793000056516, 36.053934000256113 ], [ -79.815817999922757, 36.053852000216843 ], [ -79.81544899985181, 36.063078000286886 ], [ -79.823914999770466, 36.061720000189155 ] ] ] } },
{ "type": "Feature", "properties": { "GEOID": "370810126041", "tract": "126.04", "bg": "1", "score": -0.374, "cat": "Moderate Vitality", "pop": 623, "pri": 0, "c0": 22.1, "c1": 74.9, "c2": 190850, "c3": 3.5, "c4": 30.3, "c5": 7.8, "c6": 1.0, "c7": 192, "c8": 57.4, "c9": 52 }, "geometry": { "type": "Polygon", "coordinates": [ [ [ -79.84072699995717, 36.044275000133375 ], [ -79.83270600027744, 36.040936999847744 ], [ -79.824815000294066, 36.03833000013443 ], [ -79.819763000001998, 36.035719999705236 ], [ -79.81864900011648, 36.037919999896246 ], [ -79.817966000226164, 36.040459000139691 ], [ -79.825965000164601, 36.040738999974209 ], [ -79.825813999653548, 36.045928000297621 ], [ -79.826629999613232, 36.046629999804694 ], [ -79.826279999808847, 36.047153999700022 ], [ -79.829347999829025, 36.046217000202958 ], [ -79.832127000144212, 36.046246000222872 ], [ -79.833422999604608, 36.048956999861254 ], [ -79.835052000049274, 36.049463999832376 ], [ -79.836310999699734, 36.047763000068251 ], [ -79.84072699995717, 36.044275000133375 ] ] ] } },
{ "type": "Feature", "properties": { "GEOID": "370810126043", "tract": "126.04", "bg": "3", "score": -0.445, "cat": "Low Vitality", "pop": 2135, "pri": 0, "c0": 3.7, "c1": 61.0, "c2": 176600, "c3": 10.9, "c4": 30.3, "c5": 7.8, "c6": 1.0, "c7": 192, "c8": 57.4, "c9": 52 }, "geometry": { "type": "Polygon", "coordinates": [ [ [ -79.817966000226164, 36.040459000139691 ], [ -79.819537000046182, 36.035582999838937 ], [ -79.813728000243984, 36.032793999923435 ], [ -79.812255000333252, 36.033366999801707 ], [ -79.811091000219022, 36.034806999825889 ], [ -79.80471699962898, 36.035534000327289 ], [ -79.801955999755464, 36.03697800030578 ], [ -79.803288999924092, 36.039159000006741 ], [ -79.803215000304249, 36.04153800013448 ], [ -79.803837000095172, 36.043202999748175 ], [ -79.805991000246394, 36.045472000287468 ], [ -79.806325999982135, 36.046615999939824 ], [ -79.808398000117549, 36.046713000249262 ], [ -79.808610999654576, 36.044059000357251 ], [ -79.809959999716739, 36.044043999856477 ], [ -79.810049000303522, 36.040436000062321 ], [ -79.815643999845491, 36.040362000115266 ], [ -79.815694999899108, 36.039952999791524 ], [ -79.817966000226164, 36.040459000139691 ] ] ] } },
{ "type": "Feature", "properties": { "GEOID": "370810156021", "tract": "156.02", "bg": "1", "score": 0.702, "cat": "High Vitality", "pop": 2735, "pri": 0, "c0": 0.0, "c1": 100.0, "c2": 461100, "c3": 9.6, "c4": 21.3, "c5": 8.0, "c6": 0.0, "c7": 45, "c8": 74.2, "c9": 79 }, "geometry": { "type": "Polygon", "coordinates": [ [ [ -79.787588999973096, 36.218218000274675 ], [ -79.787106000099342, 36.207400000167915 ], [ -79.784212999981335, 36.194451000140766 ], [ -79.78566099977769, 36.188194000066957 ], [ -79.782196999922391, 36.188263000352372 ], [ -79.779127000252402, 36.187646999677547 ], [ -79.77359200008658, 36.189127999697142 ], [ -79.772115999802793, 36.190743999854327 ], [ -79.765938999754553, 36.192823999647061 ], [ -79.763252000399206, 36.194562000274871 ], [ -79.757405999888761, 36.195535000011724 ], [ -79.753069000172374, 36.195425999936262 ], [ -79.75099200001408, 36.193231000334968 ], [ -79.744542000154354, 36.189492999936363 ], [ -79.743230999727032, 36.190184999748212 ], [ -79.737666000322292, 36.18925900009588 ], [ -79.73215999957047, 36.18897599998369 ], [ -79.731598999878912, 36.1893749999617 ], [ -79.731213999914431, 36.190709999968327 ], [ -79.729613999782103, 36.191211000355722 ], [ -79.729823999844399, 36.191600999888536 ], [ -79.729513000398086, 36.191832000012056 ], [ -79.728325999819319, 36.191860000200414 ], [ -79.725785000053833, 36.192811999922448 ], [ -79.72492399988829, 36.191588000225408 ], [ -79.723969000011422, 36.200026000167981 ], [ -79.722618000299434, 36.203678000006548 ], [ -79.719330999996146, 36.2079520001692 ], [ -79.713360999637146, 36.212788000221742 ], [ -79.715070000447739, 36.215412000262972 ], [ -79.718571000112959, 36.217486999815222 ], [ -79.723051999769396, 36.222042999854303 ], [ -79.735350999614283, 36.225183000088116 ], [ -79.736462999849991, 36.226346000098395 ], [ -79.738565999947568, 36.230483999864852 ], [ -79.740617999991514, 36.23134900003015 ], [ -79.75762799964663, 36.229774000017848 ], [ -79.763555000347921, 36.226427999766734 ], [ -79.769601999801509, 36.225586999794494 ], [ -79.777556000432398, 36.222887999829148 ], [ -79.781021000112588, 36.219675999801659 ], [ -79.785069000124011, 36.219094999901991 ], [ -79.787588999973096, 36.218218000274675 ] ] ] } },
{ "type": "Feature", "properties": { "GEOID": "370810152023", "tract": "152.02", "bg": "3", "score": 0.312, "cat": "Moderate Vitality", "pop": 936, "pri": 0, "c0": 0.0, "c1": 58.0, "c2": 210300, "c3": 3.3, "c4": 23.1, "c5": 10.6, "c6": 0.0, "c7": 60, "c8": 72.1, "c9": 57 }, "geometry": { "type": "Polygon", "coordinates": [ [ [ -79.598812999919105, 36.065099000024681 ], [ -79.595615000202585, 36.064770000227654 ], [ -79.595860000424977, 36.063582000273612 ], [ -79.594220999934578, 36.063009000253594 ], [ -79.594349999806028, 36.062200999906729 ], [ -79.595708999913924, 36.062648000103117 ], [ -79.596287000222247, 36.062294000103201 ], [ -79.59644700005579, 36.061390000101362 ], [ -79.59563100009612, 36.060566000331399 ], [ -79.573985999900472, 36.062687999966023 ], [ -79.565931999710472, 36.062166000265002 ], [ -79.564585000196445, 36.064832999955357 ], [ -79.564251000285608, 36.066802000307867 ], [ -79.564418999616777, 36.077401000032694 ], [ -79.570342999945026, 36.076266999787322 ], [ -79.575827999882137, 36.073350000188839 ], [ -79.589895000088845, 36.067918999729812 ], [ -79.598812999919105, 36.065099000024681 ] ] ] } },
{ "type": "Feature", "properties": { "GEOID": "370810126212", "tract": "126.21", "bg": "2", "score": -0.027, "cat": "Moderate Vitality", "pop": 2634, "pri": 0, "c0": 0.0, "c1": 52.0, "c2": 235600, "c3": 7.9, "c4": 29.1, "c5": 6.7, "c6": 1.0, "c7": 102, "c8": 68.1, "c9": 79 }, "geometry": { "type": "Polygon", "coordinates": [ [ [ -79.866576999624726, 36.029559000089421 ], [ -79.866207999553794, 36.028865999940372 ], [ -79.865670000326759, 36.020695999776564 ], [ -79.860660999692413, 36.021110000003382 ], [ -79.856709999765386, 36.020265999856726 ], [ -79.854347000275126, 36.018626999941141 ], [ -79.85346000017033, 36.01646099988556 ], [ -79.851516999906323, 36.017048999956458 ], [ -79.849761999963292, 36.018438000107032 ], [ -79.846169000236571, 36.020197000078575 ], [ -79.846738000324052, 36.021972999834588 ], [ -79.847015000333485, 36.0249950002747 ], [ -79.848580000305716, 36.030022999937223 ], [ -79.850911000008921, 36.029788000002014 ], [ -79.853262999628512, 36.031046999799834 ], [ -79.855022999594425, 36.03125099993612 ], [ -79.861911999845262, 36.030525000207952 ], [ -79.866576999624726, 36.029559000089421 ] ] ] } },
{ "type": "Feature", "properties": { "GEOID": "370810162013", "tract": "162.01", "bg": "3", "score": 1.329, "cat": "Very High Vitality", "pop": 2747, "pri": 0, "c0": 0.0, "c1": 100.0, "c2": 544500, "c3": 1.9, "c4": 19.3, "c5": 3.8, "c6": 0.0, "c7": 95, "c8": 81.3, "c9": 153 }, "geometry": { "type": "Polygon", "coordinates": [ [ [ -80.039733000093662, 36.119636999807348 ], [ -80.038353999894269, 36.120011000184959 ], [ -80.035418000118554, 36.11884700003386 ], [ -80.033072000346735, 36.119100000148563 ], [ -80.031415000313004, 36.120477999818185 ], [ -80.030503999918764, 36.1224559996419 ], [ -80.027588000234545, 36.123124000209891 ], [ -80.026405999678659, 36.124151999773311 ], [ -80.025608000160631, 36.125325999797603 ], [ -80.026224000103767, 36.125698000189182 ], [ -80.026126000194481, 36.126321999742835 ], [ -80.023907999570852, 36.128661000135452 ], [ -80.020647000105143, 36.130311999687393 ], [ -80.018702000191325, 36.130238999936964 ], [ -80.017759000010031, 36.130579000014961 ], [ -80.013921999885824, 36.133999999638924 ], [ -80.010417999847562, 36.133956000016568 ], [ -80.009343000320101, 36.134780000325691 ], [ -80.007390999835266, 36.134749999828742 ], [ -80.004903999598127, 36.135331999877195 ], [ -79.998163000383599, 36.137729000234273 ], [ -79.997869999582321, 36.134092000022754 ], [ -79.997307000240937, 36.132765999884356 ], [ -79.994896000171778, 36.13381900001206 ], [ -79.99247900025486, 36.135858999957968 ], [ -79.99022100034658, 36.136402999886194 ], [ -79.984465000247837, 36.134801999908966 ], [ -79.982804000016117, 36.133861999949175 ], [ -79.980026000424175, 36.133051000102228 ], [ -79.979306999650547, 36.134118000285184 ], [ -79.97548799996801, 36.135455999873209 ], [ -79.973137000173324, 36.136837000346304 ], [ -79.971109000418807, 36.13863500030984 ], [ -79.968090999729043, 36.138887999764307 ], [ -79.975503999861544, 36.155788999706424 ], [ -79.978482000368331, 36.160115000207114 ], [ -79.979378999620579, 36.159117999678905 ], [ -79.980095999846057, 36.154426999864143 ], [ -79.981316000036799, 36.152987000191501 ], [ -79.987476000366613, 36.148675999712751 ], [ -79.994404000077196, 36.145502000156419 ], [ -80.004828000328459, 36.139180999968389 ], [ -80.006136000382739, 36.13879099997812 ], [ -80.008200000122258, 36.139161000276445 ], [ -80.011381999945243, 36.140618000182641 ], [ -80.013524000400878, 36.141143000243694 ], [ -80.016482999742806, 36.140765999966746 ], [ -80.014398999911791, 36.143776999704926 ], [ -80.012520999945124, 36.144320999866565 ], [ -80.011678000221252, 36.154760000203574 ], [ -80.013064999918257, 36.158559000197329 ], [ -80.019858999734552, 36.157791999685351 ], [ -80.022992999876976, 36.156589000233545 ], [ -80.027100000337924, 36.153531999817965 ], [ -80.028630000150059, 36.153185999833973 ], [ -80.034362999784264, 36.153251999764286 ], [ -80.038714999569294, 36.149650999777876 ], [ -80.039733000093662, 36.119636999807348 ] ] ] } },
{ "type": "Feature", "properties": { "GEOID": "370810126113", "tract": "126.11", "bg": "3", "score": -0.635, "cat": "Low Vitality", "pop": 1947, "pri": 0, "c0": 2.0, "c1": 33.3, "c2": 197900, "c3": 11.1, "c4": 29.4, "c5": 9.8, "c6": 1.0, "c7": 181, "c8": 57.7, "c9": 19 }, "geometry": { "type": "Polygon", "coordinates": [ [ [ -79.842010999722007, 36.014122000055245 ], [ -79.839828000156785, 36.011181000102191 ], [ -79.833174999907484, 36.01529000020183 ], [ -79.81883800026236, 36.022228000231955 ], [ -79.819573999856118, 36.027232999638748 ], [ -79.823812999663204, 36.027971999813147 ], [ -79.825873999927992, 36.023835999669714 ], [ -79.82624200017402, 36.021075000256175 ], [ -79.82773900037418, 36.02140700026353 ], [ -79.839550000322447, 36.021016000086568 ], [ -79.839977999944622, 36.016633999666205 ], [ -79.842010999722007, 36.014122000055245 ] ] ] } },
{ "type": "Feature", "properties": { "GEOID": "370810126192", "tract": "126.19", "bg": "2", "score": -0.569, "cat": "Low Vitality", "pop": 2703, "pri": 0, "c0": 17.4, "c1": 13.3, "c2": 176800, "c3": 12.9, "c4": 26.0, "c5": 11.1, "c6": 1.0, "c7": 244, "c8": 61.2, "c9": 120 }, "geometry": { "type": "Polygon", "coordinates": [ [ [ -79.894213000095775, 36.072806999645792 ], [ -79.893421000425533, 36.069556000146569 ], [ -79.88538999980176, 36.05906600012036 ], [ -79.881925000121541, 36.059702999992204 ], [ -79.863881000048536, 36.060216000298048 ], [ -79.860421000391199, 36.061968999999372 ], [ -79.864635000083965, 36.063839000144895 ], [ -79.865907000153214, 36.064804000248344 ], [ -79.867293999850219, 36.066296000098866 ], [ -79.868582999637923, 36.069739000184853 ], [ -79.874240999827393, 36.068384999814555 ], [ -79.878320999625828, 36.068874999668616 ], [ -79.883716999874508, 36.071448999760833 ], [ -79.890692000339058, 36.075822000290387 ], [ -79.892294999946131, 36.076423999705554 ], [ -79.893731000046941, 36.076515000254574 ], [ -79.894213000095775, 36.072806999645792 ] ] ] } },
{ "type": "Feature", "properties": { "GEOID": "370810126181", "tract": "126.18", "bg": "1", "score": -1.188, "cat": "Very Low Vitality", "pop": 1480, "pri": 0, "c0": 13.3, "c1": 0.0, "c2": 142800, "c3": 12.9, "c4": 29.4, "c5": 19.0, "c6": 1.0, "c7": 221, "c8": 47.0, "c9": 48 }, "geometry": { "type": "Polygon", "coordinates": [ [ [ -79.88538999980176, 36.05906600012036 ], [ -79.891233999764069, 36.056561000037249 ], [ -79.871295000005958, 36.049126999844439 ], [ -79.868318000222374, 36.048634000116508 ], [ -79.865604000204527, 36.049031999835023 ], [ -79.863831999644731, 36.049760999953293 ], [ -79.85924399985818, 36.053164999968004 ], [ -79.85697799955399, 36.054301000005104 ], [ -79.843083999599628, 36.056999000192583 ], [ -79.842276999860786, 36.05793699988876 ], [ -79.842891000154111, 36.05974399987916 ], [ -79.852985999619094, 36.05733199984342 ], [ -79.859105999765916, 36.054859000361468 ], [ -79.866489999586094, 36.052945999693762 ], [ -79.865581999564895, 36.05656200005695 ], [ -79.863915000383741, 36.056836999911859 ], [ -79.85982700018937, 36.058493999887375 ], [ -79.859869000022158, 36.060067999757521 ], [ -79.869064999686771, 36.060259999835878 ], [ -79.883114000350133, 36.059624000096676 ], [ -79.88538999980176, 36.05906600012036 ] ] ] } },
{ "type": "Feature", "properties": { "GEOID": "370810151003", "tract": "151", "bg": "3", "score": 0.277, "cat": "Moderate Vitality", "pop": 1952, "pri": 0, "c0": 3.0, "c1": 76.5, "c2": 222300, "c3": 2.0, "c4": 24.8, "c5": 18.2, "c6": 0.0, "c7": 48, "c8": 71.7, "c9": 86 }, "geometry": { "type": "Polygon", "coordinates": [ [ [ -79.688286999746296, 36.211965000269515 ], [ -79.684550000079525, 36.2018850001404 ], [ -79.679240999869521, 36.194453000294835 ], [ -79.679210999732277, 36.189613999787198 ], [ -79.674529000234401, 36.189067999673753 ], [ -79.665548999581532, 36.190931000051016 ], [ -79.657691999933334, 36.190272999671613 ], [ -79.652880999665697, 36.191837000201772 ], [ -79.636088999570475, 36.194587000348669 ], [ -79.629651000304648, 36.196640000044781 ], [ -79.629402999709214, 36.201292999819323 ], [ -79.632342999682876, 36.203901999961715 ], [ -79.632689000187597, 36.20477300018301 ], [ -79.6296560003275, 36.212974999949871 ], [ -79.629105999608285, 36.214836000031859 ], [ -79.629333000287318, 36.215578000310003 ], [ -79.632710000103984, 36.217030000298521 ], [ -79.633876999692959, 36.219780999707297 ], [ -79.643325000150966, 36.220009999792673 ], [ -79.652160999965474, 36.219161000121552 ], [ -79.654376000216033, 36.221876999755622 ], [ -79.653908000410894, 36.229313999839654 ], [ -79.651897000374831, 36.23426100001678 ], [ -79.647353000070879, 36.239073999758304 ], [ -79.647290000321703, 36.242870000302432 ], [ -79.64683699968684, 36.244796000356487 ], [ -79.666952999895273, 36.245117999889949 ], [ -79.670041000006933, 36.240914000175387 ], [ -79.681721000433939, 36.222698999722532 ], [ -79.687888000436445, 36.214076000194162 ], [ -79.686460999658166, 36.214348000312931 ], [ -79.688286999746296, 36.211965000269515 ] ] ] } },
{ "type": "Feature", "properties": { "GEOID": "370810153022", "tract": "153.02", "bg": "2", "score": -0.027, "cat": "Moderate Vitality", "pop": 3100, "pri": 0, "c0": 1.1, "c1": 60.4, "c2": 289100, "c3": 7.5, "c4": 26.6, "c5": 12.7, "c6": 0.0, "c7": 106, "c8": 67.3, "c9": 24 }, "geometry": { "type": "Polygon", "coordinates": [ [ [ -79.694730999758235, 36.082166999814412 ], [ -79.692923000111762, 36.077742999663016 ], [ -79.691245000161615, 36.067728999943924 ], [ -79.686476999551687, 36.059682999667629 ], [ -79.646123999659309, 36.058904999727467 ], [ -79.634814000026466, 36.057919999848949 ], [ -79.604423000428, 36.060496000304013 ], [ -79.59563100009612, 36.060566000331399 ], [ -79.59644700005579, 36.061390000101362 ], [ -79.596194000335814, 36.062430000020775 ], [ -79.595708999913924, 36.062648000103117 ], [ -79.59465699995269, 36.06215999984763 ], [ -79.594185999774481, 36.062482999999766 ], [ -79.594359000026856, 36.063135000300377 ], [ -79.595860000424977, 36.063582000273612 ], [ -79.595615000202585, 36.064770000227654 ], [ -79.598812999919105, 36.065099000024681 ], [ -79.60272299983825, 36.062474999717494 ], [ -79.609340999927454, 36.063166999703803 ], [ -79.61574099955844, 36.066391000327464 ], [ -79.627547000382165, 36.068935000152287 ], [ -79.631696999602482, 36.070989999982139 ], [ -79.639009000350953, 36.078588999656446 ], [ -79.643498000403326, 36.08006599995651 ], [ -79.654039999757046, 36.084979000122679 ], [ -79.660338000179109, 36.085275999766743 ], [ -79.666355000393793, 36.084802000116511 ], [ -79.676152999757861, 36.085717000160152 ], [ -79.679836999721175, 36.086458000174183 ], [ -79.684772999662286, 36.088334000189811 ], [ -79.688396000424547, 36.08914000001338 ], [ -79.689757000182297, 36.08762199972675 ], [ -79.689800999664897, 36.086315000027618 ], [ -79.690486000103334, 36.085040000319566 ], [ -79.691230000093014, 36.084353000163041 ], [ -79.691839000363458, 36.084533999836744 ], [ -79.694730999758235, 36.082166999814412 ] ] ] } },
{ "type": "Feature", "properties": { "GEOID": "370810112021", "tract": "112.02", "bg": "1", "score": -0.872, "cat": "Low Vitality", "pop": 1555, "pri": 1, "c0": 1.7, "c1": 49.6, "c2": 127600, "c3": 11.7, "c4": 32.0, "c5": 10.5, "c6": 1.0, "c7": 360, "c8": 57.1, "c9": 17 }, "geometry": { "type": "Polygon", "coordinates": [ [ [ -79.78686099987695, 36.064668000077404 ], [ -79.785612000272224, 36.062411000334777 ], [ -79.784761999977334, 36.057005000277272 ], [ -79.777284000445817, 36.056814000261845 ], [ -79.778210999835281, 36.057852999656397 ], [ -79.777546000386636, 36.064813000208645 ], [ -79.78686099987695, 36.064668000077404 ] ] ] } },
{ "type": "Feature", "properties": { "GEOID": "370810126082", "tract": "126.08", "bg": "2", "score": -1.124, "cat": "Low Vitality", "pop": 462, "pri": 0, "c0": 34.2, "c1": 11.7, "c2": 131450, "c3": 11.7, "c4": 30.0, "c5": 5.1, "c6": 1.0, "c7": 270, "c8": 49.1, "c9": 14 }, "geometry": { "type": "Polygon", "coordinates": [ [ [ -79.862470000062103, 36.042011999738037 ], [ -79.861546999972276, 36.038745000194915 ], [ -79.861551000170238, 36.037023000026579 ], [ -79.860122999567054, 36.037070000256413 ], [ -79.844290000444985, 36.041300999989062 ], [ -79.84072699995717, 36.044275000133375 ], [ -79.843523999815702, 36.045282000048488 ], [ -79.849449999793762, 36.046589999769168 ], [ -79.850411000416713, 36.045181000224112 ], [ -79.850172999867027, 36.040862999645114 ], [ -79.850724000411176, 36.040531999772242 ], [ -79.851752000082968, 36.040740999689298 ], [ -79.851803999961504, 36.041692999935719 ], [ -79.862470000062103, 36.042011999738037 ] ] ] } },
{ "type": "Feature", "properties": { "GEOID": "370810165033", "tract": "165.03", "bg": "3", "score": 0.124, "cat": "Moderate Vitality", "pop": 3793, "pri": 0, "c0": 0.0, "c1": 51.8, "c2": 229300, "c3": 4.9, "c4": 23.1, "c5": 7.1, "c6": 0.0, "c7": 217, "c8": 63.4, "c9": 52 }, "geometry": { "type": "Polygon", "coordinates": [ [ [ -79.915584999581625, 36.050345000204786 ], [ -79.913385000298007, 36.04781900014941 ], [ -79.911242000017467, 36.046630999950573 ], [ -79.899089999587332, 36.044775000018369 ], [ -79.89556999965555, 36.043364000301786 ], [ -79.892539000343604, 36.040815000006525 ], [ -79.890016999946383, 36.036150000272272 ], [ -79.888966999634945, 36.035956999939863 ], [ -79.888973000381043, 36.038971999791045 ], [ -79.890672000247591, 36.042046000148524 ], [ -79.890232000031531, 36.052835999657781 ], [ -79.891422000085043, 36.05408600019156 ], [ -79.893659999901828, 36.054293000343428 ], [ -79.89419800002716, 36.05593699978386 ], [ -79.902997000031732, 36.05548799988793 ], [ -79.915584999581625, 36.050345000204786 ] ] ] } },
{ "type": "Feature", "properties": { "GEOID": "370810126213", "tract": "126.21", "bg": "3", "score": -0.172, "cat": "Moderate Vitality", "pop": 1433, "pri": 0, "c0": 15.4, "c1": 42.3, "c2": 263100, "c3": 7.9, "c4": 29.1, "c5": 6.7, "c6": 1.0, "c7": 102, "c8": 68.1, "c9": 79 }, "geometry": { "type": "Polygon", "coordinates": [ [ [ -79.878353000311208, 36.026813000137786 ], [ -79.875799999951852, 36.024964999999412 ], [ -79.878052999837237, 36.022352999712261 ], [ -79.876102999900553, 36.021013000126025 ], [ -79.873900000243864, 36.020196000323558 ], [ -79.87172699982608, 36.019997999895722 ], [ -79.86567500034964, 36.020813999824171 ], [ -79.866207999553794, 36.028865999940372 ], [ -79.866576999624726, 36.029559000089421 ], [ -79.861911999845262, 36.030525000207952 ], [ -79.862015999602349, 36.031700999650589 ], [ -79.861525000230984, 36.032919999668472 ], [ -79.861551000170238, 36.037023000026579 ], [ -79.865155999592545, 36.034862000109456 ], [ -79.867633999608842, 36.032345000242458 ], [ -79.868288000085144, 36.030662999776752 ], [ -79.875819000218414, 36.033297999873582 ], [ -79.876055000219964, 36.028974000034381 ], [ -79.878353000311208, 36.026813000137786 ] ] ] } },
{ "type": "Feature", "properties": { "GEOID": "370810126211", "tract": "126.21", "bg": "1", "score": 0.01, "cat": "Moderate Vitality", "pop": 171, "pri": 0, "c0": 0.0, "c1": 67.5, "c2": 211800, "c3": 7.9, "c4": 29.1, "c5": 6.7, "c6": 1.0, "c7": 102, "c8": 68.1, "c9": 79 }, "geometry": { "type": "Polygon", "coordinates": [ [ [ -79.865670000326759, 36.020695999776564 ], [ -79.865497999899304, 36.015489999735465 ], [ -79.8603019996672, 36.015810000113483 ], [ -79.858192999721851, 36.015203999883028 ], [ -79.856415000212593, 36.015198000245931 ], [ -79.853661000011783, 36.014100000112862 ], [ -79.848016000241117, 36.013285000264823 ], [ -79.843080000299992, 36.013596000147288 ], [ -79.842106999981468, 36.014016000342401 ], [ -79.846169000236571, 36.020197000078575 ], [ -79.849761999963292, 36.018438000107032 ], [ -79.851516999906323, 36.017048999956458 ], [ -79.85346000017033, 36.01646099988556 ], [ -79.854347000275126, 36.018626999941141 ], [ -79.856709999765386, 36.020265999856726 ], [ -79.860660999692413, 36.021110000003382 ], [ -79.865670000326759, 36.020695999776564 ] ] ] } },
{ "type": "Feature", "properties": { "GEOID": "370810157074", "tract": "157.07", "bg": "4", "score": 0.788, "cat": "High Vitality", "pop": 968, "pri": 0, "c0": 0.0, "c1": 94.1, "c2": 325450, "c3": 5.2, "c4": 19.1, "c5": 3.0, "c6": 0.0, "c7": 41, "c8": 78.3, "c9": 49 }, "geometry": { "type": "Polygon", "coordinates": [ [ [ -79.835868000008944, 36.15202499995609 ], [ -79.834197999556437, 36.143901000137767 ], [ -79.831611999585078, 36.144201999700208 ], [ -79.830597000332091, 36.142832000211534 ], [ -79.829764999580547, 36.142588999828355 ], [ -79.826346999756012, 36.14399699977659 ], [ -79.824750999821632, 36.145436999847334 ], [ -79.82430399993288, 36.146728999736069 ], [ -79.824171999688417, 36.149388999786204 ], [ -79.826498000267065, 36.150808999894757 ], [ -79.830521999989017, 36.151313999714795 ], [ -79.832076000090595, 36.152239000036772 ], [ -79.835467000150956, 36.15325400024485 ], [ -79.835868000008944, 36.15202499995609 ] ] ] } },
{ "type": "Feature", "properties": { "GEOID": "370810157075", "tract": "157.07", "bg": "5", "score": 0.868, "cat": "High Vitality", "pop": 1472, "pri": 0, "c0": 0.0, "c1": 97.5, "c2": 416000, "c3": 5.2, "c4": 19.1, "c5": 3.0, "c6": 0.0, "c7": 41, "c8": 78.3, "c9": 49 }, "geometry": { "type": "Polygon", "coordinates": [ [ [ -79.833682999895601, 36.156216999774308 ], [ -79.835467000150956, 36.15325400024485 ], [ -79.833882999912163, 36.152563999696646 ], [ -79.832076000090595, 36.152239000036772 ], [ -79.830224999888088, 36.151245000257205 ], [ -79.827177999784297, 36.15106800014113 ], [ -79.824171999688417, 36.149388999786204 ], [ -79.822737000310838, 36.152197999798801 ], [ -79.819941000277225, 36.15342300005063 ], [ -79.816366999918756, 36.153372000220592 ], [ -79.814272000217116, 36.152598999702427 ], [ -79.812954000117074, 36.152665000126731 ], [ -79.815066000435465, 36.155562000045819 ], [ -79.819751000306411, 36.159545000272324 ], [ -79.822574000104225, 36.160078000348591 ], [ -79.830507999745308, 36.158550000093975 ], [ -79.832827999577844, 36.158758000204955 ], [ -79.833682999895601, 36.156216999774308 ] ] ] } },
{ "type": "Feature", "properties": { "GEOID": "370810171012", "tract": "171.01", "bg": "2", "score": 0.873, "cat": "High Vitality", "pop": 1783, "pri": 0, "c0": 4.7, "c1": 95.3, "c2": 316100, "c3": 3.6, "c4": 19.5, "c5": 7.5, "c6": 0.0, "c7": 42, "c8": 83.5, "c9": 101 }, "geometry": { "type": "Polygon", "coordinates": [ [ [ -79.706064999680521, 36.018115000156278 ], [ -79.705561999715272, 36.015617000084141 ], [ -79.703984000222562, 36.012811999850577 ], [ -79.701466999848193, 36.006602999982675 ], [ -79.698998999877659, 36.00228700014123 ], [ -79.698001000343083, 36.001615999778572 ], [ -79.695135999814184, 36.001455999648343 ], [ -79.694308000158941, 36.00094800024452 ], [ -79.693918000171578, 36.000110000107625 ], [ -79.694197999655756, 35.991083000337461 ], [ -79.695432999915099, 35.986720999831952 ], [ -79.696700999786415, 35.983406000017908 ], [ -79.698071999589871, 35.981997000145931 ], [ -79.701101999975222, 35.977272999709491 ], [ -79.700455999894857, 35.97482000011231 ], [ -79.698238000169539, 35.970623999776009 ], [ -79.702793000344144, 35.965809000216204 ], [ -79.703704999664993, 35.96314399986845 ], [ -79.69948900032243, 35.96065999988484 ], [ -79.696392999814847, 35.958004999899586 ], [ -79.695508000258187, 35.958556999836304 ], [ -79.692966999594375, 35.958842000245653 ], [ -79.690973000175049, 35.960211000189886 ], [ -79.688674000258914, 35.959637000314856 ], [ -79.687838000207719, 35.959861000035303 ], [ -79.685320999833365, 35.961249999636969 ], [ -79.683895999603223, 35.962969000304057 ], [ -79.68257699967829, 35.963491000047355 ], [ -79.682232999721705, 35.963265999966872 ], [ -79.682489999639643, 35.96135400018877 ], [ -79.682144999858153, 35.960832000134687 ], [ -79.681462999792785, 35.960799000098874 ], [ -79.681030000147729, 35.960996000328386 ], [ -79.68015100043884, 35.963337000342598 ], [ -79.678230999741061, 35.963639000254886 ], [ -79.676433000140321, 35.965013000023085 ], [ -79.676310999941592, 35.965891999993538 ], [ -79.677136000122104, 35.967349000246067 ], [ -79.676189999567768, 35.968700000235195 ], [ -79.67520200007894, 35.968990999908939 ], [ -79.674776999931495, 35.967567999972715 ], [ -79.673594000449015, 35.966749000293426 ], [ -79.672679999681719, 35.968453000140308 ], [ -79.673261000363084, 35.969244000000337 ], [ -79.6707139998515, 35.968474000045944 ], [ -79.67165899968262, 35.969403000358454 ], [ -79.671626000070646, 35.970348000296624 ], [ -79.670834000400419, 35.971666999645308 ], [ -79.669726000362658, 35.971953000362447 ], [ -79.666933999628711, 35.971188000358254 ], [ -79.666407000272329, 35.972594999830733 ], [ -79.662005000258603, 35.973155000192534 ], [ -79.661118999978711, 35.975406999957137 ], [ -79.663680999660585, 35.975588999642923 ], [ -79.663808999707115, 35.975880999684051 ], [ -79.662192999681253, 35.977890999804409 ], [ -79.660251999965382, 35.979165999859319 ], [ -79.660961999619872, 35.979930000062211 ], [ -79.660542000393605, 35.98127100033448 ], [ -79.659034000322805, 35.981379999739005 ], [ -79.656998000172365, 35.983170999931659 ], [ -79.657079000363225, 35.983889000166037 ], [ -79.658938999888235, 35.985334999725502 ], [ -79.660749000082859, 35.985956999956855 ], [ -79.662273000047193, 35.98759299967957 ], [ -79.66210800019077, 35.991198000007898 ], [ -79.662720999760865, 35.992502999754684 ], [ -79.675125999910961, 35.998641000354155 ], [ -79.681358000210793, 36.002634999721671 ], [ -79.68642499967315, 36.005328000032605 ], [ -79.695384000409618, 36.009524999870592 ], [ -79.700017000402028, 36.014341000038783 ], [ -79.701702999849758, 36.015005999992049 ], [ -79.706064999680521, 36.018115000156278 ] ] ] } },
{ "type": "Feature", "properties": { "GEOID": "370810159014", "tract": "159.01", "bg": "4", "score": 0.889, "cat": "High Vitality", "pop": 1684, "pri": 0, "c0": 0.0, "c1": 100.0, "c2": 372600, "c3": 1.3, "c4": 20.3, "c5": 6.8, "c6": 0.0, "c7": 100, "c8": 75.4, "c9": 96 }, "geometry": { "type": "Polygon", "coordinates": [ [ [ -80.036905000272981, 36.204578000120847 ], [ -80.030984000317787, 36.206347000264458 ], [ -80.027322999920671, 36.206605000076685 ], [ -80.026573999908138, 36.207150999673104 ], [ -80.026552000166831, 36.208077999639457 ], [ -80.022841000439328, 36.208372000272213 ], [ -80.020805000288888, 36.207536000351055 ], [ -80.018785000032011, 36.207562000177994 ], [ -80.013961000243881, 36.209491000152447 ], [ -80.012182000011407, 36.20979099983726 ], [ -80.010720999796249, 36.209728999938719 ], [ -80.003957000117182, 36.207847999878346 ], [ -80.002257000425757, 36.207884000106141 ], [ -79.999582999692564, 36.210156000149929 ], [ -79.989802999871827, 36.212725999798543 ], [ -79.991177000048367, 36.216751999879811 ], [ -79.991406000377211, 36.219374000087974 ], [ -79.990942999696628, 36.221648000062828 ], [ -79.988861000413763, 36.226645000347709 ], [ -79.987077999983327, 36.229392000047767 ], [ -79.979354000404541, 36.237274000269885 ], [ -79.98623500025947, 36.24323499986329 ], [ -79.98967400000042, 36.244988000048984 ], [ -79.999083999925276, 36.240477999655887 ], [ -80.008004000303671, 36.236910000304235 ], [ -80.014464000209131, 36.23283399978385 ], [ -80.029535999623107, 36.229214999658581 ], [ -80.035983999832993, 36.22871199975939 ], [ -80.036905000272981, 36.204578000120847 ] ] ] } },
{ "type": "Feature", "properties": { "GEOID": "370810119043", "tract": "119.04", "bg": "3", "score": -0.579, "cat": "Low Vitality", "pop": 1895, "pri": 0, "c0": 5.3, "c1": 35.5, "c2": 222400, "c3": 11.7, "c4": 30.2, "c5": 7.2, "c6": 1.0, "c7": 264, "c8": 63.5, "c9": 33 }, "geometry": { "type": "Polygon", "coordinates": [ [ [ -79.78523599963026, 36.136091999908821 ], [ -79.784970000389805, 36.133535000172976 ], [ -79.783063000110815, 36.131372000100328 ], [ -79.78271400013135, 36.125876000088461 ], [ -79.775926000162826, 36.125601000061927 ], [ -79.775656999651005, 36.126527000134665 ], [ -79.773550000253792, 36.12646000035577 ], [ -79.774711999819885, 36.128969000341066 ], [ -79.774823000147961, 36.131560000283201 ], [ -79.776712999810201, 36.134743999873088 ], [ -79.776215999692738, 36.140244000052483 ], [ -79.777818000373216, 36.139997999856057 ], [ -79.781452000107834, 36.137782000228917 ], [ -79.78523599963026, 36.136091999908821 ] ] ] } },
{ "type": "Feature", "properties": { "GEOID": "370810152022", "tract": "152.02", "bg": "2", "score": 0.451, "cat": "High Vitality", "pop": 3112, "pri": 0, "c0": 0.4, "c1": 70.9, "c2": 339850, "c3": 3.3, "c4": 23.1, "c5": 10.6, "c6": 0.0, "c7": 60, "c8": 72.1, "c9": 57 }, "geometry": { "type": "Polygon", "coordinates": [ [ [ -79.564585000196445, 36.064832999955357 ], [ -79.565931999710472, 36.062166000265002 ], [ -79.55380600011793, 36.061140999911188 ], [ -79.539277999778776, 36.063038999833509 ], [ -79.539163000151035, 36.081152000144748 ], [ -79.544900999808149, 36.079300999888616 ], [ -79.558655999845328, 36.078851000002132 ], [ -79.564418999616777, 36.077401000032694 ], [ -79.564251000285608, 36.066802000307867 ], [ -79.564585000196445, 36.064832999955357 ] ] ] } },
{ "type": "Feature", "properties": { "GEOID": "370810171022", "tract": "171.02", "bg": "2", "score": 0.424, "cat": "High Vitality", "pop": 1397, "pri": 0, "c0": 0.0, "c1": 90.5, "c2": 294400, "c3": 3.7, "c4": 22.1, "c5": 12.5, "c6": 0.0, "c7": 98, "c8": 75.6, "c9": 46 }, "geometry": { "type": "Polygon", "coordinates": [ [ [ -79.752156000128309, 35.998606000077707 ], [ -79.745389999901107, 35.992502999754684 ], [ -79.742328999553621, 35.988971999767649 ], [ -79.738980000224359, 35.989009999682878 ], [ -79.736498000010101, 35.986320999678384 ], [ -79.734331000338429, 35.984948999736368 ], [ -79.73214299985203, 35.991520999765733 ], [ -79.730463000252072, 35.992800000230211 ], [ -79.722656999759195, 36.001854000116595 ], [ -79.720644999898212, 36.002591999938105 ], [ -79.718226000331455, 36.002437000236405 ], [ -79.717052000171478, 36.002976000132442 ], [ -79.71441599997145, 36.006727000338458 ], [ -79.713410999865872, 36.010126000022645 ], [ -79.711142999911857, 36.013263999931795 ], [ -79.705813999610342, 36.016438000066735 ], [ -79.706064999680521, 36.018115000156278 ], [ -79.707048999869698, 36.020099999803939 ], [ -79.707768999569922, 36.024745000053635 ], [ -79.710068000384396, 36.025171999704533 ], [ -79.712528999783927, 36.02476400011281 ], [ -79.716199000401886, 36.023297999712717 ], [ -79.725764000137431, 36.022821999923572 ], [ -79.727813999633241, 36.023031000337696 ], [ -79.72954299963699, 36.02378799982548 ], [ -79.731878000436481, 36.020990000182579 ], [ -79.740082000414318, 36.007833000006549 ], [ -79.742694000324917, 36.004546000259062 ], [ -79.747037999713996, 36.001020000153012 ], [ -79.752156000128309, 35.998606000077707 ] ] ] } },
{ "type": "Feature", "properties": { "GEOID": "370810171011", "tract": "171.01", "bg": "1", "score": 0.86, "cat": "High Vitality", "pop": 1581, "pri": 0, "c0": 0.0, "c1": 82.6, "c2": 303650, "c3": 3.6, "c4": 19.5, "c5": 7.5, "c6": 0.0, "c7": 42, "c8": 83.5, "c9": 101 }, "geometry": { "type": "Polygon", "coordinates": [ [ [ -79.738980000224359, 35.989009999682878 ], [ -79.742328999553621, 35.988971999767649 ], [ -79.736471000245928, 35.98126100002807 ], [ -79.733127000041208, 35.978280999844046 ], [ -79.703704999664993, 35.96314399986845 ], [ -79.702793000344144, 35.965809000216204 ], [ -79.698238000169539, 35.970623999776009 ], [ -79.700455999894857, 35.97482000011231 ], [ -79.701101999975222, 35.977272999709491 ], [ -79.698071999589871, 35.981997000145931 ], [ -79.696700999786415, 35.983406000017908 ], [ -79.695432999915099, 35.986720999831952 ], [ -79.694197999655756, 35.991083000337461 ], [ -79.693944000110861, 36.000286000184772 ], [ -79.695135999814184, 36.001455999648343 ], [ -79.697628000074189, 36.001555000321339 ], [ -79.698772999921829, 36.002030999920542 ], [ -79.70172799996412, 36.007465000332104 ], [ -79.702880000382791, 36.006642999978105 ], [ -79.703068999630375, 36.005143000068266 ], [ -79.7078299996693, 36.002383999809041 ], [ -79.707063999938313, 35.997871000132861 ], [ -79.703268999646895, 35.99601000010562 ], [ -79.701320000433427, 35.992986000178782 ], [ -79.706324000146594, 35.992825999983637 ], [ -79.707097000448584, 35.987877999944885 ], [ -79.707807999927979, 35.986510999640721 ], [ -79.708222000204771, 35.978839000016535 ], [ -79.710434999907193, 35.976887000267673 ], [ -79.710971000382727, 35.972994999767543 ], [ -79.735029000297331, 35.985304000150165 ], [ -79.736800000133883, 35.986587999824202 ], [ -79.738980000224359, 35.989009999682878 ] ] ] } },
{ "type": "Feature", "properties": { "GEOID": "370810154013", "tract": "154.01", "bg": "3", "score": 0.426, "cat": "High Vitality", "pop": 2393, "pri": 0, "c0": 2.0, "c1": 84.8, "c2": 254400, "c3": 3.4, "c4": 23.9, "c5": 8.5, "c6": 0.0, "c7": 48, "c8": 75.5, "c9": 34 }, "geometry": { "type": "Polygon", "coordinates": [ [ [ -79.712342000186183, 36.167216999658613 ], [ -79.71126199973753, 36.164881000248755 ], [ -79.708760000330102, 36.162030999674059 ], [ -79.705585000179809, 36.153393999667784 ], [ -79.697341999843914, 36.154747999725814 ], [ -79.690121000230349, 36.15363899968844 ], [ -79.686652000352183, 36.152289999878349 ], [ -79.681752000396074, 36.151630999669898 ], [ -79.680114999555514, 36.151992999737949 ], [ -79.674311999601088, 36.154932000321693 ], [ -79.670450000260843, 36.158451999787644 ], [ -79.668229000162484, 36.159429999916703 ], [ -79.660532000347871, 36.159719999796096 ], [ -79.650257000059526, 36.162173000359857 ], [ -79.64251800041211, 36.163215999893758 ], [ -79.63652999961144, 36.161550999711331 ], [ -79.634479000290725, 36.162868000343018 ], [ -79.627979000202302, 36.164835999724126 ], [ -79.615420000066393, 36.164180000101794 ], [ -79.608433999731162, 36.162678000244796 ], [ -79.603989999884647, 36.160513999944051 ], [ -79.601771000334438, 36.160227999980648 ], [ -79.602443000354086, 36.16222499966814 ], [ -79.602455000049645, 36.163802000214346 ], [ -79.60185599982492, 36.165426999962925 ], [ -79.600255999692607, 36.167011999703981 ], [ -79.599821000397739, 36.168276000301994 ], [ -79.60094299978087, 36.169758000351948 ], [ -79.601396000415718, 36.169687999690275 ], [ -79.602212000375403, 36.168490000265031 ], [ -79.602990999626854, 36.168575999814493 ], [ -79.603606999570005, 36.169249000248158 ], [ -79.603557000239604, 36.170015000318095 ], [ -79.601089000269042, 36.174444000265758 ], [ -79.602258000406152, 36.174617999915988 ], [ -79.604693999691335, 36.173344000244192 ], [ -79.606452000007422, 36.170721999872235 ], [ -79.610402999934436, 36.171377999854911 ], [ -79.614486000105941, 36.173280999778733 ], [ -79.616155999660151, 36.175045000191595 ], [ -79.617508999920275, 36.177650999900578 ], [ -79.620082000371127, 36.179710999860156 ], [ -79.621275999724261, 36.179369999665226 ], [ -79.62073799959893, 36.178311000293434 ], [ -79.622228000126412, 36.176905999945888 ], [ -79.620161000013837, 36.175564999869344 ], [ -79.618982999655898, 36.174084000112714 ], [ -79.619305999696095, 36.172730999699027 ], [ -79.620304000128982, 36.172455000029196 ], [ -79.621199999556296, 36.173307000103591 ], [ -79.622148999585363, 36.173255000170414 ], [ -79.62374600024296, 36.172479999907935 ], [ -79.624999999870553, 36.172467999967147 ], [ -79.625549999691486, 36.171473999940048 ], [ -79.626075000296353, 36.171300999845116 ], [ -79.629502000341731, 36.172772000076769 ], [ -79.630415000385796, 36.174493000227166 ], [ -79.630013999629483, 36.175629999858344 ], [ -79.63074599992359, 36.17611399968726 ], [ -79.63285400004402, 36.176477999716269 ], [ -79.63347099981209, 36.176077000129496 ], [ -79.633748999646429, 36.175011000017172 ], [ -79.63458999972049, 36.174835999824388 ], [ -79.635491000068981, 36.174873999932629 ], [ -79.637333999875565, 36.175914000282233 ], [ -79.641502000435864, 36.175849999755648 ], [ -79.6423429996116, 36.176350000257422 ], [ -79.642437000221264, 36.178174000178068 ], [ -79.645127999774559, 36.1779389999515 ], [ -79.648482000025012, 36.180137999933578 ], [ -79.64901000010461, 36.179896999670497 ], [ -79.649498999826164, 36.177703999745184 ], [ -79.651893000176869, 36.175101000233454 ], [ -79.652665999580535, 36.17360599995606 ], [ -79.657783000169928, 36.175431999857643 ], [ -79.65862300041907, 36.175327999876636 ], [ -79.65977499993943, 36.174223000073738 ], [ -79.660779000220074, 36.174305999943343 ], [ -79.664993999737732, 36.177016000355756 ], [ -79.669127999962868, 36.175764000212112 ], [ -79.672617999757435, 36.177677000225586 ], [ -79.672407999695153, 36.181957999903709 ], [ -79.67356599996161, 36.182172000206357 ], [ -79.67601999968845, 36.181337000262715 ], [ -79.676141999887193, 36.180814999961427 ], [ -79.675383999653818, 36.179254000208942 ], [ -79.676548999592981, 36.178423999938424 ], [ -79.678819999920023, 36.17869400011773 ], [ -79.680338000036599, 36.18075899965303 ], [ -79.68276699964909, 36.181835999950628 ], [ -79.684570000171007, 36.181681000229524 ], [ -79.686104000181103, 36.179975999733109 ], [ -79.688640999748628, 36.179893000069043 ], [ -79.689887999703544, 36.179468999827918 ], [ -79.693648999659757, 36.181066999766031 ], [ -79.692994000256874, 36.176948000252445 ], [ -79.693322000319938, 36.175958000296617 ], [ -79.694160000020915, 36.175102000194954 ], [ -79.699579999660713, 36.173321999868698 ], [ -79.703184999981332, 36.171252000063205 ], [ -79.707495999758436, 36.170956999988761 ], [ -79.709360000379718, 36.171410000138081 ], [ -79.711874000381044, 36.16922099995417 ], [ -79.712342000186183, 36.167216999658613 ] ] ] } },
{ "type": "Feature", "properties": { "GEOID": "370810157043", "tract": "157.04", "bg": "3", "score": 0.3, "cat": "Moderate Vitality", "pop": 1211, "pri": 0, "c0": 0.0, "c1": 29.5, "c2": 168500, "c3": 3.2, "c4": 20.1, "c5": 11.9, "c6": 0.0, "c7": 52, "c8": 74.7, "c9": 76 }, "geometry": { "type": "Polygon", "coordinates": [ [ [ -79.868972999625271, 36.14622499973958 ], [ -79.867196999765838, 36.143574000123635 ], [ -79.860037000251651, 36.135903999700332 ], [ -79.847468999894929, 36.138202999776986 ], [ -79.848130999868829, 36.139068000336195 ], [ -79.850358999639866, 36.140251999674298 ], [ -79.854174999847672, 36.141218000069252 ], [ -79.857775000145409, 36.143288000036527 ], [ -79.86748700019406, 36.146183999984629 ], [ -79.868972999625271, 36.14622499973958 ] ] ] } },
{ "type": "Feature", "properties": { "GEOID": "370810156022", "tract": "156.02", "bg": "2", "score": 0.378, "cat": "Moderate Vitality", "pop": 1225, "pri": 0, "c0": 0.0, "c1": 49.9, "c2": 265600, "c3": 9.6, "c4": 21.3, "c5": 8.0, "c6": 0.0, "c7": 45, "c8": 74.2, "c9": 79 }, "geometry": { "type": "Polygon", "coordinates": [ [ [ -79.724911000367811, 36.19168799992093 ], [ -79.720516000026791, 36.189384000150326 ], [ -79.720366000238954, 36.188362000151329 ], [ -79.720895000143472, 36.187564999968501 ], [ -79.719707999564704, 36.186862000107148 ], [ -79.718777999802199, 36.185692000285684 ], [ -79.718867000388968, 36.185038000180747 ], [ -79.719997999992927, 36.184822999894784 ], [ -79.719022000199658, 36.183470999893586 ], [ -79.717685999657974, 36.183207999958469 ], [ -79.71649399995465, 36.18379699970685 ], [ -79.715510999590393, 36.183570999802654 ], [ -79.71416099970331, 36.182302000043805 ], [ -79.7141740001221, 36.18073600001977 ], [ -79.713531000414761, 36.180389999740683 ], [ -79.711619000112918, 36.180571999822348 ], [ -79.709911000025556, 36.181884999639614 ], [ -79.708481999597453, 36.181550000207352 ], [ -79.690892999809108, 36.20979300032419 ], [ -79.681721000433939, 36.222698999722532 ], [ -79.670041000006933, 36.240914000175387 ], [ -79.666952999895273, 36.245117999889949 ], [ -79.685704000148007, 36.245550999801331 ], [ -79.690247999553662, 36.242921999645262 ], [ -79.69178199956373, 36.240264000073239 ], [ -79.691553999958103, 36.233270000184298 ], [ -79.692093999733274, 36.23113000024204 ], [ -79.692867000035264, 36.229802999664336 ], [ -79.694574000297706, 36.228000999755416 ], [ -79.719330999996146, 36.2079520001692 ], [ -79.721169999604754, 36.205945000362334 ], [ -79.722860999973676, 36.203218999646012 ], [ -79.723707999895524, 36.201036000250333 ], [ -79.724911000367811, 36.19168799992093 ] ] ] } },
{ "type": "Feature", "properties": { "GEOID": "370810156012", "tract": "156.01", "bg": "2", "score": 1.058, "cat": "High Vitality", "pop": 2243, "pri": 0, "c0": 0.0, "c1": 93.6, "c2": 530900, "c3": 9.6, "c4": 18.1, "c5": 5.0, "c6": 0.0, "c7": 25, "c8": 83.3, "c9": 109 }, "geometry": { "type": "Polygon", "coordinates": [ [ [ -79.88103800001673, 36.252407999988399 ], [ -79.880288000179291, 36.248258000130647 ], [ -79.8777959999193, 36.245379000160561 ], [ -79.876721000391839, 36.244514999978897 ], [ -79.871279000112423, 36.241876999804234 ], [ -79.871531000007508, 36.23954299997397 ], [ -79.871240999579271, 36.238532999895391 ], [ -79.867354000124678, 36.23508699993009 ], [ -79.864871999910434, 36.231281999981441 ], [ -79.86419099966993, 36.229480000096302 ], [ -79.864169999753543, 36.226858000225612 ], [ -79.863578000099835, 36.225948000186385 ], [ -79.858507000439502, 36.222261999724985 ], [ -79.850965000435593, 36.220734999971363 ], [ -79.847492000359452, 36.219363000205952 ], [ -79.845763000355703, 36.217824000152866 ], [ -79.843189000079931, 36.212394999782362 ], [ -79.843215999844119, 36.210611999719248 ], [ -79.844802999557658, 36.203627000260468 ], [ -79.844107999971783, 36.200077000085479 ], [ -79.836893000206004, 36.200958999670831 ], [ -79.835346999602038, 36.202537999842079 ], [ -79.834682999978313, 36.20693099998855 ], [ -79.833814000315186, 36.208034000273209 ], [ -79.832644000353156, 36.208517999914704 ], [ -79.826503000289918, 36.209224000349963 ], [ -79.818894000338858, 36.213060999946158 ], [ -79.816325999910873, 36.213287000261083 ], [ -79.81070200005658, 36.211795999876507 ], [ -79.809111000145109, 36.211801000240783 ], [ -79.799373000157175, 36.214836000031859 ], [ -79.790862000032689, 36.216641000046721 ], [ -79.787588999973096, 36.218218000274675 ], [ -79.790738000184135, 36.226683999980914 ], [ -79.790924999781879, 36.229203999711189 ], [ -79.79012300006589, 36.231175000357752 ], [ -79.783509999999552, 36.241017000135798 ], [ -79.783504999976685, 36.244485000193457 ], [ -79.782012999799377, 36.247206000107852 ], [ -79.78244799999257, 36.248636000215924 ], [ -79.88103800001673, 36.252407999988399 ] ] ] } },
{ "type": "Feature", "properties": { "GEOID": "370810162033", "tract": "162.03", "bg": "3", "score": 0.596, "cat": "High Vitality", "pop": 2567, "pri": 0, "c0": 0.5, "c1": 56.5, "c2": 343350, "c3": 0.5, "c4": 20.4, "c5": 10.5, "c6": 0.0, "c7": 78, "c8": 79.8, "c9": 63 }, "geometry": { "type": "Polygon", "coordinates": [ [ [ -80.04142799976222, 36.066530000103519 ], [ -80.040303999830954, 36.064848000125167 ], [ -80.037900000332812, 36.063081000097554 ], [ -80.024111999785376, 36.057264999876423 ], [ -80.022822000172752, 36.056401999646368 ], [ -80.021652000210722, 36.056343999816619 ], [ -80.022321999682248, 36.061287999926279 ], [ -80.021266000421349, 36.064967999928214 ], [ -80.021089999795947, 36.067080000340489 ], [ -80.021554000301435, 36.069617999818398 ], [ -80.020499999792051, 36.070868000250023 ], [ -80.015579999744475, 36.070690999701142 ], [ -80.012695000022404, 36.07106800024733 ], [ -80.004807000412072, 36.070202999960621 ], [ -80.000990000379346, 36.072438000170024 ], [ -79.997800000160439, 36.073632000251457 ], [ -79.99460400009373, 36.076513999762483 ], [ -79.992018999947305, 36.080852000308681 ], [ -79.991596000348011, 36.083397000335871 ], [ -79.995102000036113, 36.087900999833451 ], [ -79.996272999823049, 36.091045000106632 ], [ -79.996294999564341, 36.092257999765707 ], [ -80.01720699964099, 36.098837000082057 ], [ -80.028996999672856, 36.102999000271573 ], [ -80.040216999792321, 36.105419000109073 ], [ -80.04142799976222, 36.066530000103519 ] ] ] } },
{ "type": "Feature", "properties": { "GEOID": "370810169001", "tract": "169", "bg": "1", "score": 0.739, "cat": "High Vitality", "pop": 1283, "pri": 0, "c0": 0.0, "c1": 98.0, "c2": 256300, "c3": 3.0, "c4": 20.7, "c5": 6.8, "c6": 0.0, "c7": 27, "c8": 75.2, "c9": 73 }, "geometry": { "type": "Polygon", "coordinates": [ [ [ -79.813105999554722, 35.952473999761317 ], [ -79.811123000006077, 35.936968000141384 ], [ -79.81283199991833, 35.931353999905788 ], [ -79.81302299971405, 35.929566999845271 ], [ -79.81002699966389, 35.920394999915807 ], [ -79.808715000309974, 35.913504000306581 ], [ -79.809371000436101, 35.910975999847174 ], [ -79.738304999831655, 35.907793000263695 ], [ -79.7372310001291, 35.910178999787661 ], [ -79.735367000406129, 35.911866000036099 ], [ -79.734641999784728, 35.913077000143026 ], [ -79.749083000085236, 35.914803000051386 ], [ -79.749391000056832, 35.914534000185263 ], [ -79.749386000033951, 35.914833999655315 ], [ -79.750737999570859, 35.914974999718922 ], [ -79.758663999714329, 35.914755999713364 ], [ -79.768400999877343, 35.916789000360893 ], [ -79.787929999556624, 35.918719999795023 ], [ -79.791453999686382, 35.919425000068799 ], [ -79.798234999982199, 35.91976299968141 ], [ -79.797372000166845, 35.92393999968597 ], [ -79.79732399958796, 35.928116000016622 ], [ -79.795737999699327, 35.932425000025646 ], [ -79.797058000347491, 35.937812999927537 ], [ -79.79481799998257, 35.951555999872816 ], [ -79.794829999678129, 35.954306999942105 ], [ -79.804899000102168, 35.954397999796996 ], [ -79.807788000022185, 35.95332199990267 ], [ -79.812806999803996, 35.953718999695191 ], [ -79.813105999554722, 35.952473999761317 ] ] ] } },
{ "type": "Feature", "properties": { "GEOID": "370810171013", "tract": "171.01", "bg": "3", "score": 0.873, "cat": "High Vitality", "pop": 1954, "pri": 0, "c0": 9.6, "c1": 97.6, "c2": 359550, "c3": 3.6, "c4": 19.5, "c5": 7.5, "c6": 0.0, "c7": 42, "c8": 83.5, "c9": 101 }, "geometry": { "type": "Polygon", "coordinates": [ [ [ -79.734342000209068, 35.985179000074005 ], [ -79.710971000382727, 35.972994999767543 ], [ -79.710434999907193, 35.976887000267673 ], [ -79.708222000204771, 35.978839000016535 ], [ -79.707807999927979, 35.986510999640721 ], [ -79.707097000448584, 35.987877999944885 ], [ -79.706324000146594, 35.992825999983637 ], [ -79.701320000433427, 35.992986000178782 ], [ -79.703268999646895, 35.99601000010562 ], [ -79.706109000061446, 35.997587999714895 ], [ -79.706750000118944, 35.997499000305751 ], [ -79.707504000154358, 35.999583999732671 ], [ -79.7078299996693, 36.002383999809041 ], [ -79.703068999630375, 36.005143000068266 ], [ -79.702880000382791, 36.006642999978105 ], [ -79.70172799996412, 36.007465000332104 ], [ -79.705813999610342, 36.016438000066735 ], [ -79.711142999911857, 36.013263999931795 ], [ -79.713410999865872, 36.010126000022645 ], [ -79.71441599997145, 36.006727000338458 ], [ -79.717052000171478, 36.002976000132442 ], [ -79.718226000331455, 36.002437000236405 ], [ -79.720644999898212, 36.002591999938105 ], [ -79.722999000065954, 36.001542999695829 ], [ -79.730463000252072, 35.992800000230211 ], [ -79.732292999639853, 35.991338999754291 ], [ -79.734342000209068, 35.985179000074005 ] ] ] } },
{ "type": "Feature", "properties": { "GEOID": "370810152021", "tract": "152.02", "bg": "1", "score": 0.45, "cat": "High Vitality", "pop": 405, "pri": 0, "c0": 3.3, "c1": 96.2, "c2": 251500, "c3": 3.3, "c4": 23.1, "c5": 10.6, "c6": 0.0, "c7": 60, "c8": 72.1, "c9": 57 }, "geometry": { "type": "Polygon", "coordinates": [ [ [ -79.58355900003194, 36.074359999950786 ], [ -79.583379999931807, 36.072929999812381 ], [ -79.582267999696114, 36.070861999770301 ], [ -79.575166999733142, 36.073612999640481 ], [ -79.570342999945026, 36.076266999787322 ], [ -79.564418999616777, 36.077401000032694 ], [ -79.56488499977209, 36.078924000328094 ], [ -79.564820000373089, 36.088840000169242 ], [ -79.560595999736265, 36.093210000323623 ], [ -79.56728099977262, 36.098813999647945 ], [ -79.571954999772913, 36.099102000337993 ], [ -79.574191999764807, 36.099779000275404 ], [ -79.575095999588029, 36.099237999752582 ], [ -79.577289000097295, 36.097285000058555 ], [ -79.577837000268374, 36.096297000294982 ], [ -79.578183999699704, 36.090082000299383 ], [ -79.57992399957412, 36.083730999724104 ], [ -79.580243000314653, 36.080938000088345 ], [ -79.58355900003194, 36.074359999950786 ] ] ] } },
{ "type": "Feature", "properties": { "GEOID": "370810153021", "tract": "153.02", "bg": "1", "score": -0.193, "cat": "Moderate Vitality", "pop": 1408, "pri": 0, "c0": 4.9, "c1": 31.8, "c2": 244700, "c3": 7.5, "c4": 26.6, "c5": 12.7, "c6": 0.0, "c7": 106, "c8": 67.3, "c9": 24 }, "geometry": { "type": "Polygon", "coordinates": [ [ [ -79.725426999853525, 36.059876999914415 ], [ -79.715905999600594, 36.059325000187584 ], [ -79.712892000007102, 36.059792000321842 ], [ -79.711548999792711, 36.056939000046796 ], [ -79.686476999551687, 36.059682999667629 ], [ -79.691245000161615, 36.067728999943924 ], [ -79.692923000111762, 36.077742999663016 ], [ -79.694730999758235, 36.082166999814412 ], [ -79.696797999870796, 36.080102000066745 ], [ -79.699957000127569, 36.079498000311091 ], [ -79.70126900037981, 36.078461000195496 ], [ -79.702852999720307, 36.077917000343334 ], [ -79.706547999554274, 36.07514100033579 ], [ -79.707929000301789, 36.074603000219405 ], [ -79.708904000270152, 36.074789000222459 ], [ -79.707631000375983, 36.073113999796981 ], [ -79.708673000291469, 36.072349000350201 ], [ -79.709526000061075, 36.072525000255524 ], [ -79.709919000421479, 36.072184000262844 ], [ -79.709059000080842, 36.071860000179726 ], [ -79.709634000016123, 36.070096000355313 ], [ -79.710235999715565, 36.070107000131436 ], [ -79.711048000375612, 36.068078999957919 ], [ -79.711792000365264, 36.067727000188341 ], [ -79.713680000377678, 36.067924999707948 ], [ -79.714687999958002, 36.065918999918253 ], [ -79.717198999586259, 36.065351999665516 ], [ -79.717104000050014, 36.063830000073182 ], [ -79.718437000218657, 36.062906000059705 ], [ -79.720623000156905, 36.063554000036341 ], [ -79.721151000236517, 36.062999000148992 ], [ -79.723025999830142, 36.062878000307983 ], [ -79.723926000353728, 36.062400000208662 ], [ -79.723310000410578, 36.061789999853787 ], [ -79.725426999853525, 36.059876999914415 ] ] ] } },
{ "type": "Feature", "properties": { "GEOID": "370810126191", "tract": "126.19", "bg": "1", "score": -0.362, "cat": "Moderate Vitality", "pop": 1153, "pri": 0, "c0": 8.7, "c1": 44.5, "c2": 206450, "c3": 12.9, "c4": 26.0, "c5": 11.1, "c6": 1.0, "c7": 244, "c8": 61.2, "c9": 120 }, "geometry": { "type": "Polygon", "coordinates": [ [ [ -79.868582999637923, 36.069739000184853 ], [ -79.867293999850219, 36.066296000098866 ], [ -79.865907000153214, 36.064804000248344 ], [ -79.864635000083965, 36.063839000144895 ], [ -79.860421000391199, 36.061968999999372 ], [ -79.857684999733735, 36.063202000352568 ], [ -79.848238999823863, 36.065149999836933 ], [ -79.84777199984363, 36.072664999898947 ], [ -79.851432000415826, 36.069787000338636 ], [ -79.853044000243713, 36.069201000147942 ], [ -79.856231999914499, 36.068989999829348 ], [ -79.859176000086109, 36.070088000121096 ], [ -79.86531200012648, 36.070410999672724 ], [ -79.868582999637923, 36.069739000184853 ] ] ] } },
{ "type": "Feature", "properties": { "GEOID": "370810112022", "tract": "112.02", "bg": "2", "score": -1.094, "cat": "Low Vitality", "pop": 1808, "pri": 1, "c0": 25.1, "c1": 36.6, "c2": 158600, "c3": 11.7, "c4": 32.0, "c5": 10.5, "c6": 1.0, "c7": 360, "c8": 57.1, "c9": 17 }, "geometry": { "type": "Polygon", "coordinates": [ [ [ -79.778210999835281, 36.057852999656397 ], [ -79.777284000445817, 36.056814000261845 ], [ -79.768057999745665, 36.056261000086053 ], [ -79.767408000365634, 36.06353499989558 ], [ -79.771126999590763, 36.064363000206072 ], [ -79.777546000386636, 36.064813000208645 ], [ -79.778210999835281, 36.057852999656397 ] ] ] } },
{ "type": "Feature", "properties": { "GEOID": "370810165021", "tract": "165.02", "bg": "1", "score": 0.683, "cat": "High Vitality", "pop": 473, "pri": 0, "c0": 12.2, "c1": 66.2, "c2": 302300, "c3": 1.2, "c4": 20.3, "c5": 7.3, "c6": 0.0, "c7": 75, "c8": 76.9, "c9": 111 }, "geometry": { "type": "Polygon", "coordinates": [ [ [ -79.898532000268816, 36.012883999824844 ], [ -79.902140999889085, 36.008108999906788 ], [ -79.900666000328542, 36.007925999749119 ], [ -79.899179000174115, 36.005417000053335 ], [ -79.897409999987389, 36.004948000185806 ], [ -79.896348999805312, 36.005198999930457 ], [ -79.896049000229667, 36.008235999794316 ], [ -79.894095000094993, 36.00928299985997 ], [ -79.892141999785267, 36.009246000159187 ], [ -79.892222999976113, 36.006672000034762 ], [ -79.890401000085944, 36.004333999645795 ], [ -79.885192000333362, 36.004810999860709 ], [ -79.884055999808211, 36.005526000252118 ], [ -79.881490999753268, 36.005952000183647 ], [ -79.879124000065062, 36.004547000212639 ], [ -79.877893000003652, 36.004589999656766 ], [ -79.876927000256146, 36.005126000257903 ], [ -79.875501000201098, 36.007680000261672 ], [ -79.876153000129264, 36.011338999656154 ], [ -79.875861000051202, 36.013395000326106 ], [ -79.877383000365739, 36.013674999723428 ], [ -79.879663999840218, 36.015737000093992 ], [ -79.880565000188739, 36.015964999681941 ], [ -79.880382999715536, 36.019251999943755 ], [ -79.880766000030178, 36.020074000324293 ], [ -79.878052999837237, 36.022352999712261 ], [ -79.875799999951852, 36.024964999999412 ], [ -79.878353000311208, 36.026813000137786 ], [ -79.876055000219964, 36.028974000034381 ], [ -79.875819000218414, 36.033297999873582 ], [ -79.881792999877078, 36.033774000295701 ], [ -79.89476899976448, 36.020520000214709 ], [ -79.899543000222195, 36.016661000080695 ], [ -79.896573000111289, 36.014850000168025 ], [ -79.898532000268816, 36.012883999824844 ] ] ] } },
{ "type": "Feature", "properties": { "GEOID": "370810161032", "tract": "161.03", "bg": "2", "score": -0.391, "cat": "Low Vitality", "pop": 1228, "pri": 0, "c0": 0.0, "c1": 15.9, "c2": 158950, "c3": 6.0, "c4": 24.0, "c5": 12.2, "c6": 1.0, "c7": 143, "c8": 66.6, "c9": 31 }, "geometry": { "type": "Polygon", "coordinates": [ [ [ -79.892983999684219, 36.077967000083724 ], [ -79.893731000046941, 36.076515000254574 ], [ -79.891272000297207, 36.076137999679993 ], [ -79.887998000412708, 36.074148999676268 ], [ -79.887189000125716, 36.075122999873187 ], [ -79.887203000369411, 36.07755900034396 ], [ -79.891393999597639, 36.079300999888616 ], [ -79.892983999684219, 36.077967000083724 ] ] ] } },
{ "type": "Feature", "properties": { "GEOID": "370810127034", "tract": "127.03", "bg": "4", "score": -0.512, "cat": "Low Vitality", "pop": 1461, "pri": 0, "c0": 31.2, "c1": 0.0, "c2": 162000, "c3": 9.2, "c4": 22.7, "c5": 14.8, "c6": 0.0, "c7": 221, "c8": 69.9, "c9": 78 }, "geometry": { "type": "Polygon", "coordinates": [ [ [ -79.797822000428653, 36.131376000000827 ], [ -79.797223000203942, 36.127610000139732 ], [ -79.793806000204285, 36.127969999644236 ], [ -79.79310200039761, 36.12486800031931 ], [ -79.787553999812985, 36.124717999817392 ], [ -79.78903400029472, 36.127675999821832 ], [ -79.789656000085643, 36.134119999802742 ], [ -79.794145999962922, 36.132183999668975 ], [ -79.797822000428653, 36.131376000000827 ] ] ] } },
{ "type": "Feature", "properties": { "GEOID": "370810168005", "tract": "168", "bg": "5", "score": 0.292, "cat": "Moderate Vitality", "pop": 1531, "pri": 0, "c0": 0.0, "c1": 72.2, "c2": 232550, "c3": 9.5, "c4": 25.0, "c5": 5.5, "c6": 0.0, "c7": 98, "c8": 64.8, "c9": 80 }, "geometry": { "type": "Polygon", "coordinates": [ [ [ -79.794828000028318, 35.954464000113568 ], [ -79.791787999597219, 35.954118000132318 ], [ -79.786576000369905, 35.952407000076462 ], [ -79.781000000196201, 35.952638999741474 ], [ -79.776516000166708, 35.954496000026879 ], [ -79.772617999943137, 35.95502600006872 ], [ -79.765296999872149, 35.958487000063187 ], [ -79.765029999908464, 35.958809000105511 ], [ -79.765207000358771, 35.960568000189298 ], [ -79.764634999898249, 35.9605550000893 ], [ -79.765209999833516, 35.966227999987808 ], [ -79.766148999816849, 35.969324000055948 ], [ -79.76821599992941, 35.972285999647866 ], [ -79.773247000305076, 35.97691300017636 ], [ -79.778562000362868, 35.977365000296032 ], [ -79.785656999579729, 35.965048999660688 ], [ -79.787064000266554, 35.963628999895889 ], [ -79.789793000353001, 35.962428000211965 ], [ -79.791790999970274, 35.960981999793134 ], [ -79.794192999818591, 35.958552000062305 ], [ -79.794828000028318, 35.954464000113568 ] ] ] } },
{ "type": "Feature", "properties": { "GEOID": "370810153011", "tract": "153.01", "bg": "1", "score": 0.342, "cat": "Moderate Vitality", "pop": 2517, "pri": 0, "c0": 3.5, "c1": 84.4, "c2": 273500, "c3": 7.5, "c4": 22.0, "c5": 11.2, "c6": 0.0, "c7": 66, "c8": 75.4, "c9": 51 }, "geometry": { "type": "Polygon", "coordinates": [ [ [ -79.688396000424547, 36.08914000001338 ], [ -79.684772999662286, 36.088334000189811 ], [ -79.679836999721175, 36.086458000174183 ], [ -79.676152999757861, 36.085717000160152 ], [ -79.666355000393793, 36.084802000116511 ], [ -79.660338000179109, 36.085275999766743 ], [ -79.654039999757046, 36.084979000122679 ], [ -79.643498000403326, 36.08006599995651 ], [ -79.640150000000673, 36.079127999825545 ], [ -79.639498000072493, 36.088009999861121 ], [ -79.63862100001343, 36.091147000166359 ], [ -79.634342000023366, 36.097043999945889 ], [ -79.63458999972049, 36.09792800020589 ], [ -79.636548000053097, 36.099753000253614 ], [ -79.638075000390501, 36.102010000332257 ], [ -79.637447999678372, 36.10481300011152 ], [ -79.636079000423052, 36.107201999713098 ], [ -79.636153999867787, 36.10862199976939 ], [ -79.639299999705784, 36.108886000325178 ], [ -79.639432999775181, 36.111449999952875 ], [ -79.636310000401721, 36.112270999824695 ], [ -79.634279000274176, 36.113696999792005 ], [ -79.633289000237212, 36.115280999947622 ], [ -79.632182999849306, 36.119479999853247 ], [ -79.628940999751848, 36.123642999684371 ], [ -79.633371000252978, 36.12394300015611 ], [ -79.643671999582281, 36.128423999837558 ], [ -79.65470199973096, 36.128011000210634 ], [ -79.656480999963435, 36.12735500018713 ], [ -79.658303999678509, 36.125946999817451 ], [ -79.65996400008531, 36.125578000208684 ], [ -79.661594000354853, 36.125579000076257 ], [ -79.661746999617421, 36.128115999670058 ], [ -79.662202999727015, 36.127985000101702 ], [ -79.661985999992012, 36.126723999716503 ], [ -79.662362999560557, 36.125035999728503 ], [ -79.665608000031071, 36.123740000054184 ], [ -79.666699000350377, 36.122173999868423 ], [ -79.668433000377007, 36.121569999822157 ], [ -79.669252999636328, 36.120602999993032 ], [ -79.670066999946201, 36.117141000207134 ], [ -79.669118999742025, 36.115238999990247 ], [ -79.670799000240322, 36.114371000196222 ], [ -79.672078999807169, 36.112118999852314 ], [ -79.67192399999648, 36.111684999878044 ], [ -79.670812999585706, 36.111293999645163 ], [ -79.670908999845153, 36.108404000131571 ], [ -79.671471000259942, 36.107079000185237 ], [ -79.671037999716603, 36.104369999899454 ], [ -79.670144999764005, 36.103275999922779 ], [ -79.670191999619689, 36.102694000277914 ], [ -79.671052999785189, 36.102018000221683 ], [ -79.671965999829268, 36.102072999984109 ], [ -79.673456000356751, 36.100766000350049 ], [ -79.674952999658615, 36.101073999657388 ], [ -79.675447000301332, 36.100287999722198 ], [ -79.676490000041738, 36.099924999735272 ], [ -79.677911999898825, 36.100623000105664 ], [ -79.679353999847422, 36.102216999931883 ], [ -79.68108000037644, 36.103064000164764 ], [ -79.681744000000165, 36.102953999811568 ], [ -79.682091000329791, 36.101252999666315 ], [ -79.680488999649327, 36.100776000007194 ], [ -79.681924999750137, 36.099808000149906 ], [ -79.683334999911665, 36.099463000097785 ], [ -79.683507000339119, 36.097978999777922 ], [ -79.682315999562377, 36.097008000335443 ], [ -79.683728000272055, 36.095105000112369 ], [ -79.684555000102392, 36.095163999926207 ], [ -79.685927999555702, 36.09632400024865 ], [ -79.686842000322983, 36.096069000316355 ], [ -79.687685000046855, 36.093866999868219 ], [ -79.687570000419115, 36.092898999828215 ], [ -79.68703800014157, 36.092821000166772 ], [ -79.687413999885194, 36.092681000115022 ], [ -79.687208999845794, 36.092347999845359 ], [ -79.68768300039703, 36.091458000335436 ], [ -79.686464000031208, 36.09140799973774 ], [ -79.685977999784399, 36.090771999957504 ], [ -79.688396000424547, 36.08914000001338 ] ] ] } },
{ "type": "Feature", "properties": { "GEOID": "370810159013", "tract": "159.01", "bg": "3", "score": 0.803, "cat": "High Vitality", "pop": 1562, "pri": 0, "c0": 5.5, "c1": 100.0, "c2": 321300, "c3": 1.3, "c4": 20.3, "c5": 6.8, "c6": 0.0, "c7": 100, "c8": 75.4, "c9": 96 }, "geometry": { "type": "Polygon", "coordinates": [ [ [ -80.035119000367814, 36.257183999707166 ], [ -80.035983999832993, 36.22871199975939 ], [ -80.030346999559924, 36.229105000115453 ], [ -80.014892999656212, 36.232684000064545 ], [ -80.008004000303671, 36.236910000304235 ], [ -79.999083999925276, 36.240477999655887 ], [ -79.98967400000042, 36.244988000048984 ], [ -79.98623500025947, 36.24323499986329 ], [ -79.979354000404541, 36.237274000269885 ], [ -79.976565000043621, 36.240199999982657 ], [ -79.972112999801169, 36.246301000314553 ], [ -79.964641999942359, 36.252958999973679 ], [ -79.961101000094146, 36.255040999875362 ], [ -80.035119000367814, 36.257183999707166 ] ] ] } },
{ "type": "Feature", "properties": { "GEOID": "370810152024", "tract": "152.02", "bg": "4", "score": 0.385, "cat": "High Vitality", "pop": 2026, "pri": 0, "c0": 3.8, "c1": 60.4, "c2": 339800, "c3": 3.3, "c4": 23.1, "c5": 10.6, "c6": 0.0, "c7": 60, "c8": 72.1, "c9": 57 }, "geometry": { "type": "Polygon", "coordinates": [ [ [ -79.599339000348891, 36.065481999942406 ], [ -79.598812999919105, 36.065099000024681 ], [ -79.590937999829251, 36.067562999724785 ], [ -79.582267999696114, 36.070861999770301 ], [ -79.583379999931807, 36.072929999812381 ], [ -79.583539999765364, 36.074531999821154 ], [ -79.580243000314653, 36.080938000088345 ], [ -79.57992399957412, 36.083730999724104 ], [ -79.578183999699704, 36.090082000299383 ], [ -79.577837000268374, 36.096297000294982 ], [ -79.577289000097295, 36.097285000058555 ], [ -79.575095999588029, 36.099237999752582 ], [ -79.572979000145068, 36.100491000207413 ], [ -79.572880000410862, 36.104355000010763 ], [ -79.580459000224721, 36.10375700022739 ], [ -79.588505000018799, 36.099143000010208 ], [ -79.593219000202055, 36.095955000079002 ], [ -79.598509999970403, 36.094228999990612 ], [ -79.597531999628998, 36.090614000065543 ], [ -79.59777799967631, 36.08943100011853 ], [ -79.597264999665327, 36.088192000169833 ], [ -79.597288999954756, 36.085250999683502 ], [ -79.59564699998964, 36.080913999787875 ], [ -79.595908000105538, 36.079219999881296 ], [ -79.596695999577832, 36.078136000089117 ], [ -79.595385999873727, 36.075781000069739 ], [ -79.596396000002187, 36.072438999987938 ], [ -79.595201999750714, 36.070318000358128 ], [ -79.596041000174949, 36.068889999793853 ], [ -79.596174000244332, 36.067846000080358 ], [ -79.598251000402641, 36.067710000085334 ], [ -79.597863999890023, 36.066228999776946 ], [ -79.599339000348891, 36.065481999942406 ] ] ] } },
{ "type": "Feature", "properties": { "GEOID": "370810170003", "tract": "170", "bg": "3", "score": 0.52, "cat": "High Vitality", "pop": 1538, "pri": 0, "c0": 2.1, "c1": 75.2, "c2": 266200, "c3": 2.6, "c4": 20.9, "c5": 10.8, "c6": 0.0, "c7": 25, "c8": 73.7, "c9": 64 }, "geometry": { "type": "Polygon", "coordinates": [ [ [ -79.640170999917075, 35.988026000224878 ], [ -79.64061100013312, 35.982486999647712 ], [ -79.635026999563493, 35.982202999773101 ], [ -79.628184000241703, 35.9801760003308 ], [ -79.624829999991249, 35.978897999763809 ], [ -79.621127999586264, 35.976633999953975 ], [ -79.607143000293632, 35.974542000095497 ], [ -79.603936000356285, 35.972032000215201 ], [ -79.593432999563987, 35.973033999732912 ], [ -79.589135000205658, 35.971729000046331 ], [ -79.58239499991771, 35.968727000340024 ], [ -79.580480999966028, 35.968340000136529 ], [ -79.577099000126481, 35.965582000029045 ], [ -79.574060000418626, 35.963996999767062 ], [ -79.572856000121433, 35.960822999927984 ], [ -79.569121000104474, 35.957110999801209 ], [ -79.567315999932717, 35.953934999804737 ], [ -79.566606000278242, 35.953529999932897 ], [ -79.55692799966647, 35.95095599991803 ], [ -79.551718000088968, 35.950704000047111 ], [ -79.549476000074222, 35.950149000024716 ], [ -79.548244000187921, 35.95028999965691 ], [ -79.545182000015544, 35.951596000144129 ], [ -79.540656999978154, 35.951937000071062 ], [ -79.53988700004922, 35.993970999636659 ], [ -79.541949999963833, 35.991919000220484 ], [ -79.550391999593032, 35.985688000197946 ], [ -79.556253000172092, 35.991508999793872 ], [ -79.560631999721281, 35.988745000045782 ], [ -79.564421999989818, 35.988889999696895 ], [ -79.567825999570672, 35.987902000264526 ], [ -79.573707000241214, 35.983997000101702 ], [ -79.574775999920888, 35.98274899998728 ], [ -79.58207900044853, 35.977353999923373 ], [ -79.587571000058333, 35.97527899995071 ], [ -79.588069000000701, 35.976393999958596 ], [ -79.588078000221529, 35.980301000335992 ], [ -79.588754000439138, 35.983636999983545 ], [ -79.591936000262152, 35.987179000061616 ], [ -79.597104999831743, 35.991195999762233 ], [ -79.599550000236093, 35.993641999911475 ], [ -79.602261999705789, 35.995328000069499 ], [ -79.605598000412897, 35.999824999703009 ], [ -79.610645999608678, 36.0014359997909 ], [ -79.613321000166792, 36.003240999923591 ], [ -79.619998999632131, 36.006602999982675 ], [ -79.622074000140614, 36.009669999833328 ], [ -79.624433000331223, 36.007061000315005 ], [ -79.626006999625957, 36.003527000303137 ], [ -79.625118999696269, 36.000894000269916 ], [ -79.625855000188324, 35.997813000075965 ], [ -79.624356000338324, 35.995317000020613 ], [ -79.624737999929749, 35.991649000320955 ], [ -79.625861999861016, 35.988465000065567 ], [ -79.633768999737924, 35.989689000132387 ], [ -79.635171000401854, 35.990388000309352 ], [ -79.638990000084377, 35.989762999698684 ], [ -79.639635000339851, 35.989308999792698 ], [ -79.640170999917075, 35.988026000224878 ] ] ] } },
{ "type": "Feature", "properties": { "GEOID": "370810126201", "tract": "126.20", "bg": "1", "score": -0.454, "cat": "Low Vitality", "pop": 1983, "pri": 0, "c0": 5.7, "c1": 65.3, "c2": 217600, "c3": 7.9, "c4": 29.6, "c5": 9.9, "c6": 1.0, "c7": 287, "c8": 61.3, "c9": 43 }, "geometry": { "type": "Polygon", "coordinates": [ [ [ -79.854989000157545, 36.038385000136913 ], [ -79.85431200011503, 36.037236999686876 ], [ -79.849935000215652, 36.037029999722584 ], [ -79.849992000117069, 36.033131999672491 ], [ -79.847805000353901, 36.028156999958469 ], [ -79.84693599979245, 36.024668999771102 ], [ -79.846596000033827, 36.02129500027732 ], [ -79.842106999981468, 36.014016000342401 ], [ -79.840422000358629, 36.015836000273367 ], [ -79.839853000271148, 36.017119000105211 ], [ -79.838992999930525, 36.030257999897799 ], [ -79.841101999875889, 36.03486399997378 ], [ -79.84254100034974, 36.04267899970479 ], [ -79.844504999631809, 36.041222999996684 ], [ -79.854989000157545, 36.038385000136913 ] ] ] } },
{ "type": "Feature", "properties": { "GEOID": "370810171021", "tract": "171.02", "bg": "1", "score": 0.307, "cat": "Moderate Vitality", "pop": 722, "pri": 0, "c0": 8.5, "c1": 80.7, "c2": 282100, "c3": 3.7, "c4": 22.1, "c5": 12.5, "c6": 0.0, "c7": 98, "c8": 75.6, "c9": 46 }, "geometry": { "type": "Polygon", "coordinates": [ [ [ -79.764029000000846, 36.021150999645982 ], [ -79.75693499971058, 36.004102999967188 ], [ -79.755090000254171, 36.001432999811854 ], [ -79.752156000128309, 35.998606000077707 ], [ -79.747037999713996, 36.001020000153012 ], [ -79.742694000324917, 36.004546000259062 ], [ -79.740082000414318, 36.007833000006549 ], [ -79.731878000436481, 36.020990000182579 ], [ -79.72954299963699, 36.02378799982548 ], [ -79.738252000128213, 36.028066999804572 ], [ -79.748530999716209, 36.031772999802214 ], [ -79.749271000406225, 36.030351999685735 ], [ -79.749364000292658, 36.028445999700935 ], [ -79.749811000181381, 36.027818999930211 ], [ -79.761386999953018, 36.024600999915016 ], [ -79.760555000099814, 36.022850000118986 ], [ -79.764029000000846, 36.021150999645982 ] ] ] } },
{ "type": "Feature", "properties": { "GEOID": "370810162012", "tract": "162.01", "bg": "2", "score": 1.395, "cat": "Very High Vitality", "pop": 1852, "pri": 0, "c0": 0.0, "c1": 89.5, "c2": 664850, "c3": 1.3, "c4": 19.3, "c5": 3.8, "c6": 0.0, "c7": 95, "c8": 81.3, "c9": 153 }, "geometry": { "type": "Polygon", "coordinates": [ [ [ -80.014091999765142, 36.144012999704977 ], [ -80.016482999742806, 36.140765999966746 ], [ -80.013524000400878, 36.141143000243694 ], [ -80.007287000078179, 36.138908000251313 ], [ -80.005024000147046, 36.139078999890273 ], [ -79.994404000077196, 36.145502000156419 ], [ -79.987476000366613, 36.148675999712751 ], [ -79.981316000036799, 36.152987000191501 ], [ -79.980095999846057, 36.154426999864143 ], [ -79.979378999620579, 36.159117999678905 ], [ -79.978482000368331, 36.160115000207114 ], [ -79.989175000233132, 36.173604999975417 ], [ -79.990443000104435, 36.173038000202382 ], [ -79.995728999849916, 36.168404999943057 ], [ -80.002900999958001, 36.164500999921898 ], [ -80.004764999680958, 36.162983000006996 ], [ -80.009416999939944, 36.160245999801148 ], [ -80.013064999918257, 36.158559000197329 ], [ -80.011648999908942, 36.154574999706057 ], [ -80.012340000195167, 36.145228999947136 ], [ -80.012520999945124, 36.144320999866565 ], [ -80.014091999765142, 36.144012999704977 ] ] ] } },
{ "type": "Feature", "properties": { "GEOID": "370810154011", "tract": "154.01", "bg": "1", "score": 0.436, "cat": "High Vitality", "pop": 1732, "pri": 0, "c0": 0.0, "c1": 97.1, "c2": 206000, "c3": 4.0, "c4": 23.9, "c5": 8.5, "c6": 0.0, "c7": 48, "c8": 75.5, "c9": 34 }, "geometry": { "type": "Polygon", "coordinates": [ [ [ -79.67449400007429, 36.148804000117835 ], [ -79.674012999850362, 36.147067999859424 ], [ -79.670923000088848, 36.143050999661249 ], [ -79.668660999982635, 36.138855000291791 ], [ -79.662779000385498, 36.133038000158102 ], [ -79.661746999617421, 36.128115999670058 ], [ -79.66097000001578, 36.128609000339551 ], [ -79.661273999789401, 36.130466000329569 ], [ -79.660961999619872, 36.130955000101878 ], [ -79.659445000226526, 36.131305999898409 ], [ -79.657912999866255, 36.133257000101459 ], [ -79.655793000050267, 36.133146999957823 ], [ -79.65554899965278, 36.134349999845668 ], [ -79.653997999924258, 36.135024999722646 ], [ -79.653238000041071, 36.1372119997502 ], [ -79.647532999995931, 36.138870000119681 ], [ -79.648390999788418, 36.142820999732834 ], [ -79.646588999989731, 36.143568000117284 ], [ -79.645564999617591, 36.144809000001942 ], [ -79.644996000428407, 36.144787000322843 ], [ -79.644828000198913, 36.142567000252072 ], [ -79.644314000363025, 36.142127999833171 ], [ -79.641311999566767, 36.142933999763017 ], [ -79.64171699962273, 36.144735999954804 ], [ -79.637795999832932, 36.143119000154378 ], [ -79.637634000349536, 36.141394000258572 ], [ -79.635506999962516, 36.141453000122382 ], [ -79.634461999673974, 36.143666999800494 ], [ -79.632206000313829, 36.143237999787353 ], [ -79.631068999963773, 36.141699000109213 ], [ -79.630011999979672, 36.142417999859816 ], [ -79.628908000139887, 36.142104000088089 ], [ -79.62745000029777, 36.143510000032329 ], [ -79.62702299960219, 36.144367000187316 ], [ -79.627164000067509, 36.144939000156185 ], [ -79.628274999579986, 36.145736000097713 ], [ -79.630837000160184, 36.144220999927846 ], [ -79.631920999908488, 36.144973999937704 ], [ -79.631581000149851, 36.146534999847312 ], [ -79.630062000208369, 36.14773200006664 ], [ -79.627473999688917, 36.147482999922282 ], [ -79.623675000097862, 36.148986000288829 ], [ -79.623812000365206, 36.149979000128432 ], [ -79.626179000053412, 36.149526999730327 ], [ -79.626712999980796, 36.149790999829904 ], [ -79.626808000415366, 36.150455999747081 ], [ -79.624651999716022, 36.151761999657062 ], [ -79.623032000390523, 36.151795999761902 ], [ -79.623321999920435, 36.153107999844778 ], [ -79.621724000336258, 36.154783999702957 ], [ -79.621032000225128, 36.155185000164003 ], [ -79.62002799994444, 36.154728999872304 ], [ -79.619979000438974, 36.151863999927365 ], [ -79.617406999812999, 36.150835999965928 ], [ -79.617313000101689, 36.152057000161214 ], [ -79.616760999732648, 36.152511000259153 ], [ -79.611435999629094, 36.153753999833853 ], [ -79.609545000141964, 36.15349300000517 ], [ -79.608976999879374, 36.154084999670623 ], [ -79.608565999975639, 36.15629199969311 ], [ -79.608071000406312, 36.156879999935747 ], [ -79.606790999941126, 36.156615999765371 ], [ -79.604183000228488, 36.157214999666358 ], [ -79.602301000063846, 36.158080000189024 ], [ -79.601198999873901, 36.159392999734898 ], [ -79.601771000334438, 36.160227999980648 ], [ -79.603989999884647, 36.160513999944051 ], [ -79.608433999731162, 36.162678000244796 ], [ -79.616406999730316, 36.164289000145189 ], [ -79.628260000409696, 36.164800000011041 ], [ -79.634479000290725, 36.162868000343018 ], [ -79.63652999961144, 36.161550999711331 ], [ -79.641981999936576, 36.163228999913699 ], [ -79.649678999751217, 36.162265999740036 ], [ -79.660532000347871, 36.159719999796096 ], [ -79.667138999668111, 36.159609000334136 ], [ -79.669810999853155, 36.158835000207269 ], [ -79.673365000120143, 36.155705000327167 ], [ -79.67449400007429, 36.148804000117835 ] ] ] } },
{ "type": "Feature", "properties": { "GEOID": "370810156023", "tract": "156.02", "bg": "3", "score": 0.604, "cat": "High Vitality", "pop": 2435, "pri": 0, "c0": 0.0, "c1": 95.4, "c2": 351200, "c3": 9.6, "c4": 21.3, "c5": 8.0, "c6": 0.0, "c7": 45, "c8": 74.2, "c9": 79 }, "geometry": { "type": "Polygon", "coordinates": [ [ [ -79.790997999576803, 36.228519999945981 ], [ -79.790607999589483, 36.226286000339663 ], [ -79.787588999973096, 36.218218000274675 ], [ -79.785069000124011, 36.219094999901991 ], [ -79.781256000289247, 36.219572999991904 ], [ -79.777556000432398, 36.222887999829148 ], [ -79.769601999801509, 36.225586999794494 ], [ -79.763555000347921, 36.226427999766734 ], [ -79.757312000177436, 36.229865000321666 ], [ -79.740080999691088, 36.231304000014589 ], [ -79.738565999947568, 36.230483999864852 ], [ -79.735601999684462, 36.225346000283572 ], [ -79.723292999793827, 36.22218599982282 ], [ -79.718571000112959, 36.217486999815222 ], [ -79.715070000447739, 36.215412000262972 ], [ -79.713360999637146, 36.212788000221742 ], [ -79.693339999863284, 36.229172999851265 ], [ -79.692093999733274, 36.23113000024204 ], [ -79.691596999615825, 36.232900000003923 ], [ -79.691902000112648, 36.238619999925085 ], [ -79.691572000399788, 36.240887999840396 ], [ -79.689802000388127, 36.243323000270614 ], [ -79.685704000148007, 36.245550999801331 ], [ -79.78244799999257, 36.248636000215924 ], [ -79.782012999799377, 36.247206000107852 ], [ -79.783504999976685, 36.244485000193457 ], [ -79.78342499961073, 36.241211999942315 ], [ -79.790286000272502, 36.230912999787428 ], [ -79.790997999576803, 36.228519999945981 ] ] ] } },
{ "type": "Feature", "properties": { "GEOID": "370810155002", "tract": "155", "bg": "2", "score": -0.285, "cat": "Moderate Vitality", "pop": 2146, "pri": 0, "c0": 0.0, "c1": 15.6, "c2": 241100, "c3": 5.9, "c4": 26.8, "c5": 15.6, "c6": 0.0, "c7": 226, "c8": 67.4, "c9": 44 }, "geometry": { "type": "Polygon", "coordinates": [ [ [ -79.782895999706213, 36.14835099989908 ], [ -79.782734000222831, 36.147339999881133 ], [ -79.781284999703246, 36.137886999674542 ], [ -79.777818000373216, 36.139997999856057 ], [ -79.776215999692738, 36.140244000052483 ], [ -79.776275000142292, 36.148841999789859 ], [ -79.779258999598568, 36.148964000330416 ], [ -79.782895999706213, 36.14835099989908 ] ] ] } },
{ "type": "Feature", "properties": { "GEOID": "370810127033", "tract": "127.03", "bg": "3", "score": -0.09, "cat": "Moderate Vitality", "pop": 636, "pri": 0, "c0": 0.0, "c1": 25.1, "c2": 165700, "c3": 6.5, "c4": 22.7, "c5": 14.8, "c6": 0.0, "c7": 221, "c8": 69.9, "c9": 78 }, "geometry": { "type": "Polygon", "coordinates": [ [ [ -79.797223000203942, 36.127610000139732 ], [ -79.796119000364158, 36.122038000253717 ], [ -79.790472000045341, 36.122032000051888 ], [ -79.791933000260499, 36.12482999991937 ], [ -79.79310200039761, 36.12486800031931 ], [ -79.793806000204285, 36.127969999644236 ], [ -79.797223000203942, 36.127610000139732 ] ] ] } },
{ "type": "Feature", "properties": { "GEOID": "370810125033", "tract": "125.03", "bg": "3", "score": 0.963, "cat": "High Vitality", "pop": 1770, "pri": 0, "c0": 0.0, "c1": 97.6, "c2": 576750, "c3": 4.9, "c4": 18.9, "c5": 4.3, "c6": 0.0, "c7": 103, "c8": 80.9, "c9": 56 }, "geometry": { "type": "Polygon", "coordinates": [ [ [ -79.8128350002914, 36.11831599981231 ], [ -79.812452999801664, 36.116474000240714 ], [ -79.812515999550854, 36.109849999822188 ], [ -79.807643000257229, 36.108299999798234 ], [ -79.804195000295465, 36.106273 ], [ -79.802633999622898, 36.105869999709185 ], [ -79.799708999717836, 36.106318000010347 ], [ -79.796936000148762, 36.107785000165734 ], [ -79.797315000265442, 36.109864000045413 ], [ -79.799681000128743, 36.110116000008226 ], [ -79.800940999604137, 36.111310999758878 ], [ -79.801347000383316, 36.117469000040394 ], [ -79.80229100038953, 36.118823999653145 ], [ -79.809512999828002, 36.121931000092516 ], [ -79.810810000011614, 36.123019999778116 ], [ -79.812676000282721, 36.122042999816905 ], [ -79.8128350002914, 36.11831599981231 ] ] ] } },
{ "type": "Feature", "properties": { "GEOID": "370810153012", "tract": "153.01", "bg": "2", "score": 0.405, "cat": "High Vitality", "pop": 1539, "pri": 0, "c0": 1.3, "c1": 86.0, "c2": 323800, "c3": 7.5, "c4": 22.0, "c5": 11.2, "c6": 0.0, "c7": 66, "c8": 75.4, "c9": 51 }, "geometry": { "type": "Polygon", "coordinates": [ [ [ -79.619206000136984, 36.068355000094819 ], [ -79.619622000063586, 36.067209000055854 ], [ -79.615462999724102, 36.066292999684684 ], [ -79.610168999582697, 36.063442999645886 ], [ -79.603403000253806, 36.062419999842639 ], [ -79.60181099961909, 36.062835999935565 ], [ -79.598812999919105, 36.065099000024681 ], [ -79.599291999594897, 36.065610000194987 ], [ -79.597831000278063, 36.066324000086439 ], [ -79.598251000402641, 36.067710000085334 ], [ -79.596174000244332, 36.067846000080358 ], [ -79.596041000174949, 36.068889999793853 ], [ -79.595201999750714, 36.070318000358128 ], [ -79.596396000002187, 36.072438999987938 ], [ -79.595385999873727, 36.075781000069739 ], [ -79.596695999577832, 36.078136000089117 ], [ -79.595908000105538, 36.079219999881296 ], [ -79.59561799967733, 36.080661000107099 ], [ -79.597288999954756, 36.085250999683502 ], [ -79.597264999665327, 36.088192000169833 ], [ -79.59777799967631, 36.08943100011853 ], [ -79.597531999628998, 36.090614000065543 ], [ -79.598509999970403, 36.094228999990612 ], [ -79.601371000301356, 36.093389999651286 ], [ -79.605765999744079, 36.092903000236859 ], [ -79.608700999694861, 36.091714000284121 ], [ -79.608211000148401, 36.086824999928389 ], [ -79.612861999684156, 36.080860999884834 ], [ -79.613169999655739, 36.074967000047657 ], [ -79.617106000412463, 36.07024999998557 ], [ -79.619206000136984, 36.068355000094819 ] ] ] } },
{ "type": "Feature", "properties": { "GEOID": "370810160082", "tract": "160.08", "bg": "2", "score": 0.816, "cat": "High Vitality", "pop": 524, "pri": 0, "c0": 0.0, "c1": 90.7, "c2": 254600, "c3": 2.3, "c4": 20.5, "c5": 6.9, "c6": 0.0, "c7": 39, "c8": 82.2, "c9": 84 }, "geometry": { "type": "Polygon", "coordinates": [ [ [ -79.964154999870644, 36.109453000177183 ], [ -79.955201999880273, 36.106892000268523 ], [ -79.953116000399447, 36.107135000135763 ], [ -79.95145699981758, 36.108145999944924 ], [ -79.948982000174325, 36.11068499980432 ], [ -79.944761999735476, 36.118068999853534 ], [ -79.942694999622915, 36.12006800028589 ], [ -79.939202000353617, 36.121736999842 ], [ -79.936465999696139, 36.122443000119752 ], [ -79.933176999743026, 36.122653999911968 ], [ -79.928936000286086, 36.122214999834064 ], [ -79.932169000162702, 36.124746000039288 ], [ -79.934828999753876, 36.128843999701374 ], [ -79.937029999760739, 36.130459000240961 ], [ -79.941215999864411, 36.13592400022246 ], [ -79.943703999926441, 36.138001999700705 ], [ -79.944436000220549, 36.136007999747854 ], [ -79.954473999784128, 36.128747999661144 ], [ -79.958567999826272, 36.124710000063146 ], [ -79.961578000120127, 36.123693999976055 ], [ -79.961712999839349, 36.120195000260154 ], [ -79.964154999870644, 36.109453000177183 ] ] ] } },
{ "type": "Feature", "properties": { "GEOID": "370810126121", "tract": "126.12", "bg": "1", "score": -0.398, "cat": "Low Vitality", "pop": 2171, "pri": 0, "c0": 3.4, "c1": 68.1, "c2": 227200, "c3": 10.9, "c4": 29.0, "c5": 11.2, "c6": 1.0, "c7": 227, "c8": 64.6, "c9": 52 }, "geometry": { "type": "Polygon", "coordinates": [ [ [ -79.83971699982871, 36.011237999904196 ], [ -79.836442000119305, 36.008616999682673 ], [ -79.832072999717525, 36.009338999688261 ], [ -79.818384999627497, 36.008704999723186 ], [ -79.817782000103151, 36.017738000271557 ], [ -79.823548000247669, 36.019919999876826 ], [ -79.833174999907484, 36.01529000020183 ], [ -79.83971699982871, 36.011237999904196 ] ] ] } },
{ "type": "Feature", "properties": { "GEOID": "370810126122", "tract": "126.12", "bg": "2", "score": -0.384, "cat": "Low Vitality", "pop": 2222, "pri": 0, "c0": 7.2, "c1": 66.5, "c2": 192600, "c3": 7.6, "c4": 29.0, "c5": 11.2, "c6": 1.0, "c7": 227, "c8": 64.6, "c9": 52 }, "geometry": { "type": "Polygon", "coordinates": [ [ [ -79.817782000103151, 36.017738000271557 ], [ -79.818384999627497, 36.008704999723186 ], [ -79.805418999785829, 36.008194000065842 ], [ -79.804637000161335, 36.011436999680221 ], [ -79.804315999770978, 36.01743000011799 ], [ -79.814131999576688, 36.017443000295074 ], [ -79.814767999611334, 36.017048999956458 ], [ -79.817782000103151, 36.017738000271557 ] ] ] } },
{ "type": "Feature", "properties": { "GEOID": "370810162052", "tract": "162.05", "bg": "2", "score": 0.787, "cat": "High Vitality", "pop": 1792, "pri": 0, "c0": 0.0, "c1": 94.8, "c2": 376100, "c3": 2.3, "c4": 22.3, "c5": 8.2, "c6": 0.0, "c7": 42, "c8": 77.0, "c9": 78 }, "geometry": { "type": "Polygon", "coordinates": [ [ [ -79.988367999595951, 36.048763000294905 ], [ -79.985753000210622, 36.045719000348491 ], [ -79.980122999610245, 36.045617000199627 ], [ -79.9778189996712, 36.048898000238403 ], [ -79.97533099960917, 36.047575999949537 ], [ -79.967289000013054, 36.045381000146158 ], [ -79.967461000440508, 36.042317999998467 ], [ -79.966057000126739, 36.039296999702515 ], [ -79.96670800023, 36.037395000026912 ], [ -79.966483999924023, 36.035771999952644 ], [ -79.964456000169506, 36.034627000082196 ], [ -79.962888999649138, 36.037068999989074 ], [ -79.962339999653153, 36.039427999674153 ], [ -79.962112000047526, 36.052129999992601 ], [ -79.962574000004878, 36.052345000065429 ], [ -79.972780999622856, 36.05671199996489 ], [ -79.981095999928755, 36.056829999798069 ], [ -79.983189999805504, 36.057773000077923 ], [ -79.983917999901635, 36.052526000049703 ], [ -79.988367999595951, 36.048763000294905 ] ] ] } },
{ "type": "Feature", "properties": { "GEOID": "370810161033", "tract": "161.03", "bg": "3", "score": -0.012, "cat": "Moderate Vitality", "pop": 854, "pri": 0, "c0": 0.0, "c1": 85.0, "c2": 288600, "c3": 4.3, "c4": 24.0, "c5": 12.2, "c6": 1.0, "c7": 143, "c8": 66.6, "c9": 31 }, "geometry": { "type": "Polygon", "coordinates": [ [ [ -79.879302000340289, 36.080141000046545 ], [ -79.879064999615522, 36.076775999761196 ], [ -79.87486299961833, 36.076559999880836 ], [ -79.87282900001604, 36.077938000136562 ], [ -79.871707999559504, 36.078232000282654 ], [ -79.87281300012252, 36.082863999955748 ], [ -79.879062000140763, 36.087225999912469 ], [ -79.879037000026415, 36.084990999653371 ], [ -79.878524000015446, 36.084712000108169 ], [ -79.879302000340289, 36.080141000046545 ] ] ] } },
{ "type": "Feature", "properties": { "GEOID": "370810144074", "tract": "144.07", "bg": "4", "score": 0.575, "cat": "High Vitality", "pop": 1014, "pri": 0, "c0": 0.0, "c1": 100.0, "c2": 345350, "c3": 4.9, "c4": 21.2, "c5": 7.8, "c6": 0.0, "c7": 125, "c8": 73.2, "c9": 54 }, "geometry": { "type": "Polygon", "coordinates": [ [ [ -80.045340000229501, 35.961878999729912 ], [ -80.046049999883991, 35.945456999970652 ], [ -80.042163000429355, 35.94439300034621 ], [ -80.041175000042216, 35.943412000341894 ], [ -80.040652999810405, 35.943915999976987 ], [ -80.040005000080214, 35.943133000291539 ], [ -80.038409000145847, 35.943829999663556 ], [ -80.03682699955688, 35.945250999731819 ], [ -80.033870999689682, 35.945223000349841 ], [ -80.033340000135354, 35.952345999662754 ], [ -80.032314999938279, 35.955318999660328 ], [ -80.03340899973233, 35.958536000201711 ], [ -80.033510000014658, 35.965378999815044 ], [ -80.035449999905623, 35.964771999865484 ], [ -80.036578999859756, 35.963954000008926 ], [ -80.037746000347042, 35.96184399986911 ], [ -80.045340000229501, 35.961878999729912 ] ] ] } },
{ "type": "Feature", "properties": { "GEOID": "370810111014", "tract": "111.01", "bg": "4", "score": -1.129, "cat": "Low Vitality", "pop": 1952, "pri": 0, "c0": 14.0, "c1": 39.7, "c2": 171900, "c3": 11.2, "c4": 33.3, "c5": 10.6, "c6": 1.0, "c7": 511, "c8": 56.8, "c9": 15 }, "geometry": { "type": "Polygon", "coordinates": [ [ [ -79.757733999951824, 36.070362999899679 ], [ -79.757232999636415, 36.06779300008359 ], [ -79.756056000001692, 36.067434999745295 ], [ -79.756312999919629, 36.063206000093778 ], [ -79.750559000369023, 36.062953000087354 ], [ -79.744593000207985, 36.063799000140982 ], [ -79.74137500039997, 36.063375999798936 ], [ -79.740997999933114, 36.072075000076843 ], [ -79.745310000433463, 36.072392999637351 ], [ -79.754593000136708, 36.075933999686278 ], [ -79.757658999608765, 36.074844000162486 ], [ -79.757733999951824, 36.070362999899679 ] ] ] } },
{ "type": "Feature", "properties": { "GEOID": "370810163062", "tract": "163.06", "bg": "2", "score": 0.291, "cat": "Moderate Vitality", "pop": 2643, "pri": 0, "c0": 1.4, "c1": 68.9, "c2": 316700, "c3": 3.1, "c4": 23.1, "c5": 17.0, "c6": 0.0, "c7": 107, "c8": 75.4, "c9": 65 }, "geometry": { "type": "Polygon", "coordinates": [ [ [ -79.984890000395268, 36.009988999975256 ], [ -79.980514000320809, 36.005363000232407 ], [ -79.978062000243767, 36.004204000139623 ], [ -79.977466000392113, 36.002061000205138 ], [ -79.974524999695234, 36.001915000069239 ], [ -79.973183000204074, 36.001025000144224 ], [ -79.971255999833602, 36.001295999920174 ], [ -79.969714000325894, 36.002346999777501 ], [ -79.966149000188281, 36.008787000267084 ], [ -79.965441000183603, 36.00851400027021 ], [ -79.965268999756162, 36.008819999859327 ], [ -79.966005000248217, 36.009039000040005 ], [ -79.964056000136424, 36.012558999934015 ], [ -79.963902999975559, 36.01361599982674 ], [ -79.965729999888595, 36.018326000260537 ], [ -79.969849999870021, 36.019283999747749 ], [ -79.970042000388972, 36.022466999826747 ], [ -79.97109199980207, 36.024088999712426 ], [ -79.972592000375286, 36.024958999652419 ], [ -79.977438999729614, 36.017858999743034 ], [ -79.984890000395268, 36.009988999975256 ] ] ] } },
{ "type": "Feature", "properties": { "GEOID": "370810162032", "tract": "162.03", "bg": "2", "score": 0.487, "cat": "High Vitality", "pop": 1093, "pri": 0, "c0": 11.3, "c1": 44.2, "c2": 379200, "c3": 0.5, "c4": 20.4, "c5": 10.5, "c6": 0.0, "c7": 78, "c8": 79.8, "c9": 63 }, "geometry": { "type": "Polygon", "coordinates": [ [ [ -80.022318000382597, 36.061305999924052 ], [ -80.021652000210722, 36.056343999816619 ], [ -80.018412999588008, 36.056660999766812 ], [ -80.011588999634483, 36.05983500011866 ], [ -80.009144000128458, 36.062089999785975 ], [ -80.004807000412072, 36.070202999960621 ], [ -80.012695000022404, 36.07106800024733 ], [ -80.015579999744475, 36.070690999701142 ], [ -80.020499999792051, 36.070868000250023 ], [ -80.021554000301435, 36.069617999818398 ], [ -80.021089999795947, 36.067080000340489 ], [ -80.021266000421349, 36.064967999928214 ], [ -80.022318000382597, 36.061305999924052 ] ] ] } },
{ "type": "Feature", "properties": { "GEOID": "370810161012", "tract": "161.01", "bg": "2", "score": 0.294, "cat": "Moderate Vitality", "pop": 1293, "pri": 0, "c0": 29.3, "c1": 45.1, "c2": 332550, "c3": 2.4, "c4": 21.1, "c5": 3.8, "c6": 0.0, "c7": 41, "c8": 70.7, "c9": 46 }, "geometry": { "type": "Polygon", "coordinates": [ [ [ -79.903049999735202, 36.090114999947531 ], [ -79.902431000317321, 36.08773999965598 ], [ -79.89910200018123, 36.087429999647973 ], [ -79.897030000045788, 36.087796000323223 ], [ -79.89087499973887, 36.089986999651153 ], [ -79.888853999657044, 36.089840999875243 ], [ -79.891374000404454, 36.09469099991442 ], [ -79.891812999897297, 36.099867000061856 ], [ -79.893136999845098, 36.099233999666417 ], [ -79.899173000326343, 36.099341000267998 ], [ -79.898825999996703, 36.098388999944895 ], [ -79.898887000096067, 36.094891000292883 ], [ -79.899987999562796, 36.093882999852703 ], [ -79.902079999789706, 36.093153000329572 ], [ -79.902955000198943, 36.091554000232428 ], [ -79.903049999735202, 36.090114999947531 ] ] ] } },
{ "type": "Feature", "properties": { "GEOID": "370810164062", "tract": "164.06", "bg": "2", "score": 0.227, "cat": "Moderate Vitality", "pop": 2389, "pri": 0, "c0": 0.0, "c1": 35.1, "c2": 300400, "c3": 2.2, "c4": 21.8, "c5": 9.6, "c6": 0.0, "c7": 178, "c8": 68.0, "c9": 53 }, "geometry": { "type": "Polygon", "coordinates": [ [ [ -79.964344000016524, 36.034784999847005 ], [ -79.963899999602503, 36.034019999697641 ], [ -79.963805999891179, 36.030775999870109 ], [ -79.949343999674255, 36.034438000126514 ], [ -79.947637000310124, 36.035456999995397 ], [ -79.945207999799308, 36.037847000021543 ], [ -79.945531999664411, 36.038718000084202 ], [ -79.941850000249218, 36.0471549998393 ], [ -79.941302000078139, 36.051983000300666 ], [ -79.936099000173328, 36.064072000271828 ], [ -79.941790999799679, 36.063412000287386 ], [ -79.952465000296201, 36.067328999888304 ], [ -79.954423999555402, 36.066063999922257 ], [ -79.960773000031111, 36.064518000086075 ], [ -79.961970999582206, 36.058816999838044 ], [ -79.962372000338533, 36.039003000059466 ], [ -79.962888999649138, 36.037068999989074 ], [ -79.964344000016524, 36.034784999847005 ] ] ] } },
{ "type": "Feature", "properties": { "GEOID": "370810112012", "tract": "112.01", "bg": "2", "score": -1.208, "cat": "Very Low Vitality", "pop": 1526, "pri": 1, "c0": 25.4, "c1": 12.5, "c2": 272300, "c3": 11.7, "c4": 30.0, "c5": null, "c6": 1.0, "c7": 224, "c8": 42.2, "c9": 11 }, "geometry": { "type": "Polygon", "coordinates": [ [ [ -79.789947000338799, 36.067833000235176 ], [ -79.789163000166141, 36.066948999912078 ], [ -79.787923999708852, 36.06655100003271 ], [ -79.78686099987695, 36.064668000077404 ], [ -79.777546000386636, 36.064813000208645 ], [ -79.777333999776218, 36.068876000257951 ], [ -79.777675000258071, 36.070343000106618 ], [ -79.789947000338799, 36.067833000235176 ] ] ] } },
{ "type": "Feature", "properties": { "GEOID": "370810158001", "tract": "158", "bg": "1", "score": 1.302, "cat": "Very High Vitality", "pop": 586, "pri": 0, "c0": 0.0, "c1": 62.0, "c2": 439650, "c3": 1.6, "c4": 18.3, "c5": 3.2, "c6": 0.0, "c7": 10, "c8": 81.1, "c9": 178 }, "geometry": { "type": "Polygon", "coordinates": [ [ [ -79.906097999663885, 36.208160000336235 ], [ -79.90253500007438, 36.198864999668665 ], [ -79.900128000203196, 36.196665999866326 ], [ -79.894885000115437, 36.194077000163496 ], [ -79.888898000037983, 36.194646000056245 ], [ -79.884090000143402, 36.196526999855827 ], [ -79.878276000318323, 36.196746999784686 ], [ -79.874369999698828, 36.19804900031717 ], [ -79.874775999579697, 36.202294000073707 ], [ -79.876518999827155, 36.203665999770848 ], [ -79.876933000103946, 36.205363999980079 ], [ -79.875982000425026, 36.20737400028716 ], [ -79.875958000135597, 36.208974000330763 ], [ -79.879781000016095, 36.215544999782942 ], [ -79.879909999887516, 36.219675999801659 ], [ -79.882885999846195, 36.218692000131426 ], [ -79.886656999848157, 36.218466000209361 ], [ -79.895127999789679, 36.212055000059678 ], [ -79.90176400032054, 36.210093000300922 ], [ -79.906097999663885, 36.208160000336235 ] ] ] } },
{ "type": "Feature", "properties": { "GEOID": "370810152014", "tract": "152.01", "bg": "4", "score": 0.389, "cat": "High Vitality", "pop": 1807, "pri": 0, "c0": 0.0, "c1": 62.0, "c2": 206300, "c3": 3.3, "c4": 22.8, "c5": 8.4, "c6": 0.0, "c7": 50, "c8": 71.4, "c9": 59 }, "geometry": { "type": "Polygon", "coordinates": [ [ [ -79.578161000133477, 36.10546899977556 ], [ -79.579796000425901, 36.103954000327477 ], [ -79.572880000410862, 36.104355000010763 ], [ -79.572928999916357, 36.100604999670729 ], [ -79.57408800000772, 36.099661000275042 ], [ -79.571954999772913, 36.099102000337993 ], [ -79.56728099977262, 36.098813999647945 ], [ -79.560595999736265, 36.093210000323623 ], [ -79.549558000089988, 36.101595000049635 ], [ -79.541898999910202, 36.095389999849004 ], [ -79.540588000381177, 36.097466999939876 ], [ -79.539682000009805, 36.103424999865723 ], [ -79.539266999908122, 36.104159999745292 ], [ -79.554500999703805, 36.110269000290955 ], [ -79.563852999902352, 36.111909000093981 ], [ -79.574219000427291, 36.113051000173051 ], [ -79.576315999778757, 36.112584999943792 ], [ -79.578331000012781, 36.111279000352901 ], [ -79.578161000133477, 36.10546899977556 ] ] ] } },
{ "type": "Feature", "properties": { "GEOID": "370810169004", "tract": "169", "bg": "4", "score": 0.663, "cat": "High Vitality", "pop": 1217, "pri": 0, "c0": 5.0, "c1": 80.9, "c2": 283450, "c3": 2.7, "c4": 20.7, "c5": 6.8, "c6": 0.0, "c7": 27, "c8": 75.2, "c9": 73 }, "geometry": { "type": "Polygon", "coordinates": [ [ [ -79.798163999837087, 35.919930000168662 ], [ -79.768400999877343, 35.916789000360893 ], [ -79.758663999714329, 35.914755999713364 ], [ -79.750737999570859, 35.914974999718922 ], [ -79.749386000033951, 35.914833999655315 ], [ -79.749391000056832, 35.914534000185263 ], [ -79.749083000085236, 35.914803000051386 ], [ -79.734557000294231, 35.913274999682457 ], [ -79.732989999773864, 35.916750999882915 ], [ -79.733137999911861, 35.919430999712958 ], [ -79.735307000131669, 35.92181999971497 ], [ -79.737438999643246, 35.925040000074709 ], [ -79.741857000448832, 35.937241999740458 ], [ -79.750428999774357, 35.9444529996399 ], [ -79.752208000006831, 35.947008000012659 ], [ -79.759882000255232, 35.952212000019095 ], [ -79.763057000405553, 35.956093000002632 ], [ -79.764634999898249, 35.9605550000893 ], [ -79.765207000358771, 35.960568000189298 ], [ -79.765029999908464, 35.958809000105511 ], [ -79.765296999872149, 35.958487000063187 ], [ -79.772617999943137, 35.95502600006872 ], [ -79.776516000166708, 35.954496000026879 ], [ -79.781000000196201, 35.952638999741474 ], [ -79.786576000369905, 35.952407000076462 ], [ -79.791787999597219, 35.954118000132318 ], [ -79.794829999678129, 35.954306999942105 ], [ -79.79481799998257, 35.951555999872816 ], [ -79.797058000347491, 35.937812999927537 ], [ -79.795737999699327, 35.932425000025646 ], [ -79.79732399958796, 35.928116000016622 ], [ -79.797372000166845, 35.92393999968597 ], [ -79.798163999837087, 35.919930000168662 ] ] ] } },
{ "type": "Feature", "properties": { "GEOID": "370810163042", "tract": "163.04", "bg": "2", "score": 0.628, "cat": "High Vitality", "pop": 2356, "pri": 0, "c0": 2.0, "c1": 91.4, "c2": 372900, "c3": 2.5, "c4": 19.4, "c5": 14.8, "c6": 0.0, "c7": 34, "c8": 86.4, "c9": 39 }, "geometry": { "type": "Polygon", "coordinates": [ [ [ -80.020426999997113, 36.02593400028217 ], [ -80.020149000162775, 36.024692000093751 ], [ -80.018611999779637, 36.023335000082618 ], [ -80.017069000447037, 36.021073999785678 ], [ -80.01285300020615, 36.024035000331487 ], [ -80.009703999995111, 36.025608999717683 ], [ -80.008314999749985, 36.027446999744605 ], [ -80.00541699960911, 36.027631000009087 ], [ -80.002458000267197, 36.026620999848483 ], [ -80.000905999815444, 36.027405999745575 ], [ -80.002915000201696, 36.03153699966493 ], [ -80.002162999816093, 36.036703000081005 ], [ -80.001315000069368, 36.038531999796447 ], [ -80.001407000130868, 36.039118999807592 ], [ -80.006190999736006, 36.03896299978112 ], [ -80.010930999858545, 36.038027999925163 ], [ -80.017863999592024, 36.037457000340403 ], [ -80.019601999816601, 36.036795000352939 ], [ -80.018719999734671, 36.034566000019204 ], [ -80.020426999997113, 36.02593400028217 ] ] ] } },
{ "type": "Feature", "properties": { "GEOID": "370810126182", "tract": "126.18", "bg": "2", "score": -1.167, "cat": "Very Low Vitality", "pop": 2932, "pri": 0, "c0": 11.6, "c1": 4.6, "c2": 129500, "c3": 12.9, "c4": 29.4, "c5": 19.0, "c6": 1.0, "c7": 221, "c8": 47.0, "c9": 48 }, "geometry": { "type": "Polygon", "coordinates": [ [ [ -79.865581999564895, 36.05656200005695 ], [ -79.866489999586094, 36.052945999693762 ], [ -79.859105999765916, 36.054859000361468 ], [ -79.852985999619094, 36.05733199984342 ], [ -79.842891000154111, 36.05974399987916 ], [ -79.843394000119346, 36.060862999951972 ], [ -79.847631000276635, 36.063945000347395 ], [ -79.848238999823863, 36.065149999836933 ], [ -79.857684999733735, 36.063202000352568 ], [ -79.864353000051651, 36.060171000035581 ], [ -79.859869000022158, 36.060067999757521 ], [ -79.85982700018937, 36.058493999887375 ], [ -79.863915000383741, 36.056836999911859 ], [ -79.865581999564895, 36.05656200005695 ] ] ] } },
{ "type": "Feature", "properties": { "GEOID": "370810126202", "tract": "126.20", "bg": "2", "score": -0.634, "cat": "Low Vitality", "pop": 1646, "pri": 0, "c0": 7.2, "c1": 4.2, "c2": 283100, "c3": 7.9, "c4": 29.6, "c5": 9.9, "c6": 1.0, "c7": 287, "c8": 61.3, "c9": 43 }, "geometry": { "type": "Polygon", "coordinates": [ [ [ -79.862015999602349, 36.031700999650589 ], [ -79.861911999845262, 36.030525000207952 ], [ -79.854690000406805, 36.031252999892082 ], [ -79.853262999628512, 36.031046999799834 ], [ -79.850911000008921, 36.029788000002014 ], [ -79.848580000305716, 36.030022999937223 ], [ -79.849992000117069, 36.033131999672491 ], [ -79.849935000215652, 36.037029999722584 ], [ -79.85431200011503, 36.037236999686876 ], [ -79.854989000157545, 36.038385000136913 ], [ -79.859551000004842, 36.037171000315311 ], [ -79.861551000170238, 36.037023000026579 ], [ -79.861525000230984, 36.032919999668472 ], [ -79.862015999602349, 36.031700999650589 ] ] ] } },
{ "type": "Feature", "properties": { "GEOID": "370810165053", "tract": "165.05", "bg": "3", "score": 0.211, "cat": "Moderate Vitality", "pop": 1461, "pri": 0, "c0": 3.0, "c1": 32.0, "c2": 336600, "c3": 5.4, "c4": 21.4, "c5": 8.0, "c6": 0.0, "c7": 125, "c8": 71.1, "c9": 37 }, "geometry": { "type": "Polygon", "coordinates": [ [ [ -79.91418399964094, 36.039003000059466 ], [ -79.913424999582659, 36.03592099996856 ], [ -79.908953999971956, 36.031625000266686 ], [ -79.908851000039803, 36.028931999732876 ], [ -79.909688999740808, 36.027555000330999 ], [ -79.909168000232199, 36.026622999922047 ], [ -79.911466000323443, 36.024257999917261 ], [ -79.910605999982835, 36.02276499978047 ], [ -79.910759999968604, 36.021945000054096 ], [ -79.909930999590131, 36.02253299989416 ], [ -79.907682999727612, 36.02254300005368 ], [ -79.908387000432612, 36.023540999998261 ], [ -79.908388000257531, 36.024926000278384 ], [ -79.905398000055143, 36.028476000103602 ], [ -79.904799999655353, 36.029892000304038 ], [ -79.905083000410883, 36.03142700022741 ], [ -79.906820999737164, 36.033563999737623 ], [ -79.907142999952441, 36.034496999688599 ], [ -79.906735000421762, 36.038842000032005 ], [ -79.91418399964094, 36.039003000059466 ] ] ] } },
{ "type": "Feature", "properties": { "GEOID": "370810161013", "tract": "161.01", "bg": "3", "score": 0.629, "cat": "High Vitality", "pop": 1222, "pri": 0, "c0": 6.6, "c1": 95.0, "c2": 272500, "c3": 2.0, "c4": 21.1, "c5": 3.8, "c6": 0.0, "c7": 41, "c8": 70.7, "c9": 46 }, "geometry": { "type": "Polygon", "coordinates": [ [ [ -79.914729000337303, 36.097783000160284 ], [ -79.91463999975052, 36.089378000149701 ], [ -79.911796999861252, 36.088840000169242 ], [ -79.902431000317321, 36.08773999965598 ], [ -79.903037000214709, 36.089826000116609 ], [ -79.902829999627173, 36.091821999808268 ], [ -79.902079999789706, 36.093153000329572 ], [ -79.899987999562796, 36.093882999852703 ], [ -79.898835000217545, 36.095023999692955 ], [ -79.898825999996703, 36.098388999944895 ], [ -79.899173000326343, 36.099341000267998 ], [ -79.90332500009481, 36.098713000312713 ], [ -79.90600499977748, 36.099497000361644 ], [ -79.908573000205465, 36.101204999849912 ], [ -79.910899999710693, 36.102024999942842 ], [ -79.913991000195409, 36.101450999687657 ], [ -79.914729000337303, 36.097783000160284 ] ] ] } },
{ "type": "Feature", "properties": { "GEOID": "370810111013", "tract": "111.01", "bg": "3", "score": -1.565, "cat": "Very Low Vitality", "pop": 597, "pri": 0, "c0": 50.1, "c1": 9.6, "c2": 145800, "c3": 11.2, "c4": 33.3, "c5": 10.6, "c6": 1.0, "c7": 511, "c8": 56.8, "c9": 15 }, "geometry": { "type": "Polygon", "coordinates": [ [ [ -79.767408000365634, 36.06353499989558 ], [ -79.759890999577763, 36.062558000155633 ], [ -79.754173000012131, 36.059769000083108 ], [ -79.754132999829167, 36.063073999813035 ], [ -79.757584999988907, 36.063270000282138 ], [ -79.761017000057166, 36.064282000062953 ], [ -79.76326800029274, 36.064464000106305 ], [ -79.765131000190806, 36.065533000232492 ], [ -79.764228000192475, 36.069838999867152 ], [ -79.764050999742139, 36.073131999993365 ], [ -79.766368999924893, 36.072509000280384 ], [ -79.766149999641769, 36.068615999814895 ], [ -79.767408000365634, 36.06353499989558 ] ] ] } },
{ "type": "Feature", "properties": { "GEOID": "370810144114", "tract": "144.11", "bg": "4", "score": -0.776, "cat": "Low Vitality", "pop": 409, "pri": 0, "c0": 35.4, "c1": 69.3, "c2": 159200, "c3": 10.7, "c4": 28.4, "c5": 13.0, "c6": 1.0, "c7": 186, "c8": 64.2, "c9": 31 }, "geometry": { "type": "Polygon", "coordinates": [ [ [ -79.990669000060251, 35.97967299970432 ], [ -79.987739999957242, 35.980148999780283 ], [ -79.984031999704456, 35.979592999959522 ], [ -79.980181000234879, 35.980435999828408 ], [ -79.980808999873588, 35.982343000095007 ], [ -79.983797000426136, 35.981690000183576 ], [ -79.985455000284787, 35.981960000000647 ], [ -79.98464400034797, 35.985250999839678 ], [ -79.986015999976345, 35.986242999775577 ], [ -79.985488999721667, 35.986972000164911 ], [ -79.982858000442818, 35.98615500010952 ], [ -79.981940000375857, 35.986222999694874 ], [ -79.981803999933419, 35.985855999676637 ], [ -79.977597999738279, 35.985805000119342 ], [ -79.977406999942573, 35.987331000159685 ], [ -79.982254000195212, 35.99090499982168 ], [ -79.982665999923867, 35.99072299984276 ], [ -79.983403000240841, 35.989337000262765 ], [ -79.985486000246922, 35.98904099998272 ], [ -79.986750999745183, 35.988124000149419 ], [ -79.986876000316983, 35.986081000066577 ], [ -79.987664999614168, 35.983352999886321 ], [ -79.988765999979222, 35.98275799987529 ], [ -79.990669000060251, 35.97967299970432 ] ] ] } },
{ "type": "Feature", "properties": { "GEOID": "370810157071", "tract": "157.07", "bg": "1", "score": 0.644, "cat": "High Vitality", "pop": 888, "pri": 0, "c0": 5.5, "c1": 49.1, "c2": 281000, "c3": 1.1, "c4": 19.1, "c5": 3.0, "c6": 0.0, "c7": 41, "c8": 78.3, "c9": 49 }, "geometry": { "type": "Polygon", "coordinates": [ [ [ -79.832789999943031, 36.138083999761541 ], [ -79.832281000129996, 36.135878999766014 ], [ -79.832420999872085, 36.13373399983076 ], [ -79.831729999585875, 36.125389000339013 ], [ -79.829569999586866, 36.128143000296085 ], [ -79.828278000324431, 36.130840999706237 ], [ -79.824027999748367, 36.132454000223298 ], [ -79.821046999766821, 36.135995000293562 ], [ -79.823811999838298, 36.136903000249468 ], [ -79.825175000144171, 36.138120999840524 ], [ -79.828616000433243, 36.139592000198299 ], [ -79.830470999935386, 36.139473000113142 ], [ -79.831717999890301, 36.138414999710953 ], [ -79.832789999943031, 36.138083999761541 ] ] ] } },
{ "type": "Feature", "properties": { "GEOID": "370810126112", "tract": "126.11", "bg": "2", "score": -0.823, "cat": "Low Vitality", "pop": 924, "pri": 0, "c0": 14.9, "c1": 14.1, "c2": 214800, "c3": 12.1, "c4": 29.4, "c5": 9.8, "c6": 1.0, "c7": 181, "c8": 57.7, "c9": 19 }, "geometry": { "type": "Polygon", "coordinates": [ [ [ -79.836510999716268, 36.023409999758016 ], [ -79.837499000103406, 36.021123000299966 ], [ -79.82773900037418, 36.02140700026353 ], [ -79.82624200017402, 36.021075000256175 ], [ -79.825873999927992, 36.023835999669714 ], [ -79.821979000077462, 36.031498999903008 ], [ -79.823339999835198, 36.029676000305592 ], [ -79.825240000441482, 36.02861900005 ], [ -79.829043000230513, 36.028445000050525 ], [ -79.8308450000292, 36.027722999980199 ], [ -79.836510999716268, 36.023409999758016 ] ] ] } },
{ "type": "Feature", "properties": { "GEOID": "370810114004", "tract": "114", "bg": "4", "score": -1.092, "cat": "Low Vitality", "pop": 977, "pri": 1, "c0": 3.0, "c1": 78.2, "c2": 131200, "c3": 9.8, "c4": 33.0, "c5": 16.7, "c6": 1.0, "c7": 554, "c8": 53.9, "c9": 17 }, "geometry": { "type": "Polygon", "coordinates": [ [ [ -79.798143999745619, 36.050664999907895 ], [ -79.800418000445717, 36.044893999757093 ], [ -79.791580000083073, 36.043994999798628 ], [ -79.791502000265282, 36.049915000166607 ], [ -79.798143999745619, 36.050664999907895 ] ] ] } },
{ "type": "Feature", "properties": { "GEOID": "370810126124", "tract": "126.12", "bg": "4", "score": -0.433, "cat": "Low Vitality", "pop": 1238, "pri": 0, "c0": 4.2, "c1": 67.3, "c2": 130900, "c3": 8.9, "c4": 29.0, "c5": 11.2, "c6": 1.0, "c7": 227, "c8": 64.6, "c9": 52 }, "geometry": { "type": "Polygon", "coordinates": [ [ [ -79.817746000118134, 36.019126999903854 ], [ -79.817782000103151, 36.017738000271557 ], [ -79.814767999611334, 36.017048999956458 ], [ -79.814131999576688, 36.017443000295074 ], [ -79.804315999770978, 36.01743000011799 ], [ -79.804088999990256, 36.018901000287457 ], [ -79.802686000399746, 36.022085000310199 ], [ -79.8022899996663, 36.024252999946512 ], [ -79.802473999789314, 36.026540999771449 ], [ -79.801760999761797, 36.029278999735844 ], [ -79.802965999883895, 36.028650999682363 ], [ -79.804027999890891, 36.027349000012713 ], [ -79.805862000374944, 36.026716999688368 ], [ -79.807972000145213, 36.025365000308454 ], [ -79.809120000365922, 36.025473999804433 ], [ -79.809518999675774, 36.022975000065614 ], [ -79.811272999793886, 36.020441999985927 ], [ -79.813912000366983, 36.018748000227468 ], [ -79.817746000118134, 36.019126999903854 ] ] ] } },
{ "type": "Feature", "properties": { "GEOID": "370810128043", "tract": "128.04", "bg": "3", "score": -0.611, "cat": "Low Vitality", "pop": 928, "pri": 0, "c0": 4.3, "c1": 56.8, "c2": 222300, "c3": 11.0, "c4": 29.2, "c5": 15.3, "c6": 1.0, "c7": 303, "c8": 66.9, "c9": 46 }, "geometry": { "type": "Polygon", "coordinates": [ [ [ -79.804088999990256, 36.018901000287457 ], [ -79.804392999763863, 36.015211000064561 ], [ -79.793543000438575, 36.015101000357781 ], [ -79.791807999688729, 36.021240999708105 ], [ -79.791663999748664, 36.026749000093353 ], [ -79.79316400032188, 36.026698999772698 ], [ -79.793964000388044, 36.023867000083285 ], [ -79.802317000328785, 36.023969999776263 ], [ -79.80285600027905, 36.021566999863829 ], [ -79.804088999990256, 36.018901000287457 ] ] ] } },
{ "type": "Feature", "properties": { "GEOID": "370810112011", "tract": "112.01", "bg": "1", "score": -1.337, "cat": "Very Low Vitality", "pop": 1770, "pri": 1, "c0": 34.2, "c1": 26.9, "c2": 150800, "c3": 11.7, "c4": 30.0, "c5": null, "c6": 1.0, "c7": 224, "c8": 42.2, "c9": 11 }, "geometry": { "type": "Polygon", "coordinates": [ [ [ -79.777675000258071, 36.070343000106618 ], [ -79.777333999776218, 36.068876000257951 ], [ -79.777546000386636, 36.064813000208645 ], [ -79.771126999590763, 36.064363000206072 ], [ -79.767408000365634, 36.06353499989558 ], [ -79.766149999641769, 36.068615999814895 ], [ -79.766368999924893, 36.072509000280384 ], [ -79.777675000258071, 36.070343000106618 ] ] ] } },
{ "type": "Feature", "properties": { "GEOID": "370810108003", "tract": "108", "bg": "3", "score": -0.239, "cat": "Moderate Vitality", "pop": 1847, "pri": 0, "c0": 34.7, "c1": 3.0, "c2": 192300, "c3": 3.0, "c4": 23.6, "c5": null, "c6": 0.0, "c7": 287, "c8": 57.8, "c9": 151 }, "geometry": { "type": "Polygon", "coordinates": [ [ [ -79.796451999551778, 36.06894699995312 ], [ -79.798818000313403, 36.065619999967716 ], [ -79.793028999704362, 36.067051000009471 ], [ -79.792674999702015, 36.066010000277487 ], [ -79.792960000107385, 36.064810999652778 ], [ -79.790878999751115, 36.064627999768803 ], [ -79.789706000314368, 36.079832000290239 ], [ -79.794796000241263, 36.080078000237059 ], [ -79.795696999691458, 36.079667999656081 ], [ -79.796451999551778, 36.06894699995312 ] ] ] } },
{ "type": "Feature", "properties": { "GEOID": "370810144082", "tract": "144.08", "bg": "2", "score": -0.403, "cat": "Low Vitality", "pop": 1777, "pri": 0, "c0": 0.4, "c1": 59.5, "c2": 255800, "c3": 9.1, "c4": 29.0, "c5": 4.0, "c6": 1.0, "c7": 280, "c8": 56.9, "c9": 14 }, "geometry": { "type": "Polygon", "coordinates": [ [ [ -80.046049999883991, 35.945456999970652 ], [ -80.046414999756962, 35.930594000274354 ], [ -80.041061000239424, 35.930178999832322 ], [ -80.040344999838851, 35.938810999892176 ], [ -80.036670000096336, 35.938116000030412 ], [ -80.034744000449081, 35.937353999791554 ], [ -80.033870999689682, 35.945223000349841 ], [ -80.03682699955688, 35.945250999731819 ], [ -80.038409000145847, 35.943829999663556 ], [ -80.040005000080214, 35.943133000291539 ], [ -80.040652999810405, 35.943915999976987 ], [ -80.041175000042216, 35.943412000341894 ], [ -80.042163000429355, 35.94439300034621 ], [ -80.046049999883991, 35.945456999970652 ] ] ] } },
{ "type": "Feature", "properties": { "GEOID": "370810161034", "tract": "161.03", "bg": "4", "score": -0.219, "cat": "Moderate Vitality", "pop": 1131, "pri": 0, "c0": 10.2, "c1": 36.0, "c2": 369500, "c3": 4.6, "c4": 24.0, "c5": 12.2, "c6": 1.0, "c7": 143, "c8": 66.6, "c9": 31 }, "geometry": { "type": "Polygon", "coordinates": [ [ [ -79.887535999557031, 36.081652999932714 ], [ -79.8847599996149, 36.080893999773863 ], [ -79.88436899980266, 36.078641999638897 ], [ -79.883565000436846, 36.07787599976286 ], [ -79.879064999615522, 36.076775999761196 ], [ -79.879302000340289, 36.080141000046545 ], [ -79.878524000015446, 36.084712000108169 ], [ -79.879037000026415, 36.084990999653371 ], [ -79.879062000140763, 36.087225999912469 ], [ -79.8804379999671, 36.08922400022918 ], [ -79.884485000153617, 36.089171999725934 ], [ -79.885922000079319, 36.083654000077921 ], [ -79.887535999557031, 36.081652999932714 ] ] ] } },
{ "type": "Feature", "properties": { "GEOID": "370810160111", "tract": "160.11", "bg": "1", "score": -0.123, "cat": "Moderate Vitality", "pop": 895, "pri": 0, "c0": 0.0, "c1": 0.0, "c2": 97850, "c3": 4.4, "c4": 24.3, "c5": 10.8, "c6": 0.0, "c7": 245, "c8": 65.4, "c9": 97 }, "geometry": { "type": "Polygon", "coordinates": [ [ [ -79.902585000303105, 36.068697999717841 ], [ -79.907616999605366, 36.062594000292229 ], [ -79.891233999764069, 36.056561000037249 ], [ -79.89014900019086, 36.057026999857626 ], [ -79.891663999934366, 36.057944999906212 ], [ -79.894240999684882, 36.060612000336221 ], [ -79.898159, 36.062807000218598 ], [ -79.900344000113265, 36.065066000043103 ], [ -79.899529999803406, 36.067699999852167 ], [ -79.90035800035696, 36.070698000034 ], [ -79.902585000303105, 36.068697999717841 ] ] ] } },
{ "type": "Feature", "properties": { "GEOID": "370810154024", "tract": "154.02", "bg": "4", "score": -0.263, "cat": "Moderate Vitality", "pop": 4303, "pri": 0, "c0": 3.9, "c1": 70.4, "c2": 275000, "c3": 16.2, "c4": 26.9, "c5": 10.3, "c6": 1.0, "c7": 174, "c8": 64.2, "c9": 88 }, "geometry": { "type": "Polygon", "coordinates": [ [ [ -79.749097000328959, 36.124111000093642 ], [ -79.744876000065204, 36.124505000005335 ], [ -79.743046999604005, 36.123511000013352 ], [ -79.741163999614457, 36.124852999991774 ], [ -79.740221000331474, 36.125085999966977 ], [ -79.739539000266078, 36.124293000224981 ], [ -79.739699999924582, 36.122567000162618 ], [ -79.738776999834769, 36.120951999787586 ], [ -79.736595999919373, 36.119975000214474 ], [ -79.734814000212168, 36.11818399989285 ], [ -79.733065999941843, 36.118119000175298 ], [ -79.730789999591906, 36.116629999692705 ], [ -79.729632000223774, 36.11746600012777 ], [ -79.728386000093764, 36.11752099995892 ], [ -79.727082000237459, 36.115582999705282 ], [ -79.725596999732844, 36.117043999666514 ], [ -79.721982000264802, 36.117072999698536 ], [ -79.722572000268684, 36.118018000261792 ], [ -79.722572000268684, 36.11903199988523 ], [ -79.719257000376302, 36.119228000185778 ], [ -79.718473000203659, 36.121585000051354 ], [ -79.717017999836301, 36.122915000032656 ], [ -79.712455999989004, 36.123284999720525 ], [ -79.712445000118336, 36.122952999908371 ], [ -79.710947999918176, 36.122888999686992 ], [ -79.709058000255936, 36.120460000304838 ], [ -79.7083440004035, 36.120128000156498 ], [ -79.707516999674837, 36.12305900022826 ], [ -79.708243000121172, 36.130194999657029 ], [ -79.709917999698234, 36.137434999969827 ], [ -79.711773000098688, 36.142127999833171 ], [ -79.710484000310998, 36.152672999932598 ], [ -79.717371999838619, 36.153000999975063 ], [ -79.724960999698226, 36.151341999876855 ], [ -79.72936600008498, 36.151310000105333 ], [ -79.749097000328959, 36.124111000093642 ] ] ] } },
{ "type": "Feature", "properties": { "GEOID": "370810161023", "tract": "161.02", "bg": "3", "score": -0.348, "cat": "Moderate Vitality", "pop": 906, "pri": 0, "c0": 20.1, "c1": 46.8, "c2": 239800, "c3": 3.7, "c4": 24.6, "c5": 10.5, "c6": 1.0, "c7": 202, "c8": 58.5, "c9": 60 }, "geometry": { "type": "Polygon", "coordinates": [ [ [ -79.897507999896661, 36.076842999811952 ], [ -79.893731000046941, 36.076515000254574 ], [ -79.893147999715751, 36.077787000288644 ], [ -79.891393999597639, 36.079300999888616 ], [ -79.887794000198198, 36.081399000021882 ], [ -79.885922000079319, 36.083654000077921 ], [ -79.884485000153617, 36.089171999725934 ], [ -79.89060799977517, 36.0900320002782 ], [ -79.897030000045788, 36.087796000323223 ], [ -79.897082999749244, 36.081170999660273 ], [ -79.895012000337033, 36.079756999905413 ], [ -79.897507999896661, 36.076842999811952 ] ] ] } },
{ "type": "Feature", "properties": { "GEOID": "370810168004", "tract": "168", "bg": "4", "score": 0.567, "cat": "High Vitality", "pop": 977, "pri": 0, "c0": 6.4, "c1": 100.0, "c2": 301350, "c3": 1.6, "c4": 25.0, "c5": 5.5, "c6": 0.0, "c7": 98, "c8": 64.8, "c9": 80 }, "geometry": { "type": "Polygon", "coordinates": [ [ [ -79.771432000087586, 35.976822999673018 ], [ -79.773247000305076, 35.97691300017636 ], [ -79.76821599992941, 35.972285999647866 ], [ -79.766148999816849, 35.969324000055948 ], [ -79.765209999833516, 35.966227999987808 ], [ -79.764634999898249, 35.9605550000893 ], [ -79.762196000239996, 35.960286000280895 ], [ -79.762091999584626, 35.962104000126828 ], [ -79.75701099987856, 35.962054000255584 ], [ -79.751633999896484, 35.966683000063867 ], [ -79.743444999987275, 35.966739000328289 ], [ -79.74235299984305, 35.967163999910724 ], [ -79.740696999634224, 35.969989000106843 ], [ -79.739966000063347, 35.973526000325478 ], [ -79.740505000013613, 35.981189999779097 ], [ -79.739226000271657, 35.984844999736524 ], [ -79.744484000428017, 35.991558999906786 ], [ -79.747922000344076, 35.994839999793932 ], [ -79.749736999663227, 35.996024000242777 ], [ -79.750452000238909, 35.983818000100825 ], [ -79.751745000224574, 35.981583000242786 ], [ -79.752699000276522, 35.977930999822583 ], [ -79.767795999804846, 35.977982000107197 ], [ -79.771432000087586, 35.976822999673018 ] ] ] } },
{ "type": "Feature", "properties": { "GEOID": "370810169002", "tract": "169", "bg": "2", "score": 0.711, "cat": "High Vitality", "pop": 1228, "pri": 0, "c0": 2.2, "c1": 97.6, "c2": 227850, "c3": 2.4, "c4": 20.7, "c5": 6.8, "c6": 0.0, "c7": 27, "c8": 75.2, "c9": 73 }, "geometry": { "type": "Polygon", "coordinates": [ [ [ -79.747073999699012, 35.941757000230105 ], [ -79.741857000448832, 35.937241999740458 ], [ -79.737438999643246, 35.925040000074709 ], [ -79.735307000131669, 35.92181999971497 ], [ -79.733137999911861, 35.919430999712958 ], [ -79.733085000208419, 35.916348999642892 ], [ -79.735081000175867, 35.912260000253013 ], [ -79.7372310001291, 35.910178999787661 ], [ -79.738304999831655, 35.907793000263695 ], [ -79.670774000125931, 35.905087000282435 ], [ -79.691883999670992, 35.952110000300777 ], [ -79.694141999579273, 35.95542399987238 ], [ -79.696980000343984, 35.958586000118835 ], [ -79.70029299968823, 35.961213999721686 ], [ -79.703704999664993, 35.96314399986845 ], [ -79.703378000325174, 35.960542999771398 ], [ -79.700615999728413, 35.955347999677443 ], [ -79.700429999955588, 35.953030000054923 ], [ -79.700763000041519, 35.950194999772478 ], [ -79.700228000289215, 35.946521999774909 ], [ -79.700082999625948, 35.940829999887676 ], [ -79.705237000025264, 35.940910999666237 ], [ -79.711347000126338, 35.938459000075042 ], [ -79.712857999671897, 35.937370000305428 ], [ -79.713868999625262, 35.938338000275884 ], [ -79.714543000193046, 35.940339000001103 ], [ -79.715505999567512, 35.940837000123224 ], [ -79.720016000434597, 35.940595999657106 ], [ -79.721949999579451, 35.940068000358551 ], [ -79.726565000028501, 35.940264999922519 ], [ -79.728622000095328, 35.941206000025495 ], [ -79.731045999684937, 35.941478000155229 ], [ -79.745801999629734, 35.942035000028923 ], [ -79.747073999699012, 35.941757000230105 ] ] ] } },
{ "type": "Feature", "properties": { "GEOID": "370810157042", "tract": "157.04", "bg": "2", "score": 0.542, "cat": "High Vitality", "pop": 611, "pri": 0, "c0": 0.0, "c1": 87.8, "c2": 245800, "c3": 4.2, "c4": 20.1, "c5": 11.9, "c6": 0.0, "c7": 52, "c8": 74.7, "c9": 76 }, "geometry": { "type": "Polygon", "coordinates": [ [ [ -79.848044999655116, 36.13912699977282 ], [ -79.847468999894929, 36.138202999776986 ], [ -79.845609000369919, 36.138320999906767 ], [ -79.833519999689003, 36.141572000106187 ], [ -79.83582799982598, 36.15134300014148 ], [ -79.835467000150956, 36.15325400024485 ], [ -79.835955000047591, 36.153215000293734 ], [ -79.846565999896612, 36.14036200001447 ], [ -79.848044999655116, 36.13912699977282 ] ] ] } },
{ "type": "Feature", "properties": { "GEOID": "370810157061", "tract": "157.06", "bg": "1", "score": 1.109, "cat": "High Vitality", "pop": 4281, "pri": 0, "c0": 0.7, "c1": 94.8, "c2": 537000, "c3": 2.4, "c4": 20.4, "c5": 6.4, "c6": 0.0, "c7": 49, "c8": 85.2, "c9": 97 }, "geometry": { "type": "Polygon", "coordinates": [ [ [ -79.837879000045021, 36.173216000016595 ], [ -79.836694000014376, 36.167610999947868 ], [ -79.83379199967554, 36.164936000210268 ], [ -79.832827999577844, 36.158758000204955 ], [ -79.830507999745308, 36.158550000093975 ], [ -79.82413300022867, 36.160030000231622 ], [ -79.820103999585527, 36.159717000047955 ], [ -79.815501999555252, 36.155977000132424 ], [ -79.81354400012097, 36.153783000083578 ], [ -79.812841000139173, 36.152384000352733 ], [ -79.812271000226787, 36.149060999869739 ], [ -79.810008000295625, 36.146231000268109 ], [ -79.805859999826808, 36.145562000170735 ], [ -79.799960999612921, 36.143966999902077 ], [ -79.798892999758152, 36.144635000194917 ], [ -79.797371000341926, 36.144695999770974 ], [ -79.790314999686501, 36.142509999804354 ], [ -79.791318000142255, 36.14549400034447 ], [ -79.791298000050773, 36.150595999812872 ], [ -79.790791999712482, 36.152697000070702 ], [ -79.788768999980846, 36.15553699984811 ], [ -79.787874000378451, 36.157740999795628 ], [ -79.788298999627571, 36.162726000190943 ], [ -79.790006999714933, 36.164942000032298 ], [ -79.792278999866895, 36.169874000088285 ], [ -79.7925180002415, 36.173587000321952 ], [ -79.791084999615435, 36.176547000170601 ], [ -79.794360000223165, 36.177006000258949 ], [ -79.795739000422557, 36.175960000197833 ], [ -79.799526000318053, 36.176701999897645 ], [ -79.799967000359018, 36.176382999905641 ], [ -79.800124999644453, 36.175435999686833 ], [ -79.800842999694837, 36.175026000181241 ], [ -79.805116999662047, 36.17441199977123 ], [ -79.808012000328176, 36.174933999951456 ], [ -79.810338999833434, 36.17415199980104 ], [ -79.813101000430166, 36.172511999741111 ], [ -79.816878000279914, 36.171529000351313 ], [ -79.818321999878307, 36.172837000207196 ], [ -79.823384000216123, 36.172797999845343 ], [ -79.827858000199868, 36.171731000080193 ], [ -79.829627000386594, 36.17303300026289 ], [ -79.832738000064481, 36.173863000355681 ], [ -79.835279999654887, 36.173828999668373 ], [ -79.837879000045021, 36.173216000016595 ] ] ] } },
{ "type": "Feature", "properties": { "GEOID": "370810106024", "tract": "106.02", "bg": "4", "score": -0.36, "cat": "Moderate Vitality", "pop": 1694, "pri": 0, "c0": 0.0, "c1": 8.6, "c2": 356750, "c3": 4.1, "c4": 24.6, "c5": 13.3, "c6": 1.0, "c7": 92, "c8": 52.9, "c9": 27 }, "geometry": { "type": "Polygon", "coordinates": [ [ [ -79.819029000058066, 36.063807000288627 ], [ -79.815334000224098, 36.064709000281802 ], [ -79.814738000372415, 36.073882999714115 ], [ -79.818494000305762, 36.074050999985971 ], [ -79.81858499964406, 36.072391000000344 ], [ -79.818984999677127, 36.071890000014918 ], [ -79.818654000139333, 36.071314000018532 ], [ -79.819029000058066, 36.063807000288627 ] ] ] } },
{ "type": "Feature", "properties": { "GEOID": "370810159011", "tract": "159.01", "bg": "1", "score": 0.968, "cat": "High Vitality", "pop": 1221, "pri": 0, "c0": 0.0, "c1": 100.0, "c2": 467200, "c3": 1.0, "c4": 20.3, "c5": 6.8, "c6": 0.0, "c7": 100, "c8": 75.4, "c9": 96 }, "geometry": { "type": "Polygon", "coordinates": [ [ [ -79.991424999745476, 36.218851000297846 ], [ -79.990951000092551, 36.215990999645371 ], [ -79.986139, 36.202162000119621 ], [ -79.985272999811599, 36.197792000247361 ], [ -79.973122000104709, 36.204662000028755 ], [ -79.971230999719239, 36.205377000255375 ], [ -79.969780000448154, 36.206734999946406 ], [ -79.967453999869491, 36.206966000358655 ], [ -79.962640999952015, 36.210840999824768 ], [ -79.956709999951087, 36.213189000288047 ], [ -79.954503999921357, 36.224553000015725 ], [ -79.955279999698078, 36.225944000038602 ], [ -79.957754000414724, 36.227272000176072 ], [ -79.962418000369283, 36.232152999760252 ], [ -79.963723999875398, 36.232079999924999 ], [ -79.967838000009039, 36.233602000214844 ], [ -79.971866999753871, 36.233739999651235 ], [ -79.974913999857648, 36.23448500009421 ], [ -79.977248999758828, 36.235524999913849 ], [ -79.979354000404541, 36.237274000269885 ], [ -79.988230000402012, 36.227868999685306 ], [ -79.990942999696628, 36.221648000062828 ], [ -79.991424999745476, 36.218851000297846 ] ] ] } },
{ "type": "Feature", "properties": { "GEOID": "370810102002", "tract": "102", "bg": "2", "score": -0.348, "cat": "Moderate Vitality", "pop": 2082, "pri": 0, "c0": 8.8, "c1": 40.2, "c2": 250500, "c3": 8.1, "c4": 25.4, "c5": 10.6, "c6": 1.0, "c7": 223, "c8": 64.5, "c9": 60 }, "geometry": { "type": "Polygon", "coordinates": [ [ [ -79.791062000049223, 36.10948200010948 ], [ -79.788947000256073, 36.105875000301715 ], [ -79.78793299992968, 36.10272799986943 ], [ -79.779826000036223, 36.101985999933099 ], [ -79.777096999949748, 36.105279000002703 ], [ -79.776236999609139, 36.106983999763131 ], [ -79.777380999631887, 36.112651999952277 ], [ -79.781969000316764, 36.111254999882654 ], [ -79.785356000179178, 36.111106000276813 ], [ -79.788510000413083, 36.110464999966347 ], [ -79.791062000049223, 36.10948200010948 ] ] ] } },
{ "type": "Feature", "properties": { "GEOID": "370810160051", "tract": "160.05", "bg": "1", "score": 0.63, "cat": "High Vitality", "pop": 2150, "pri": 0, "c0": 0.0, "c1": 59.9, "c2": 437600, "c3": 1.2, "c4": 17.8, "c5": 7.4, "c6": 0.0, "c7": 72, "c8": 79.4, "c9": 10 }, "geometry": { "type": "Polygon", "coordinates": [ [ [ -79.905345000351701, 36.158537000023372 ], [ -79.904151000100242, 36.15340999985532 ], [ -79.902913000366155, 36.151708000142918 ], [ -79.897065000205899, 36.148043000328251 ], [ -79.89495500043563, 36.146193000056527 ], [ -79.894982000199803, 36.143125000195077 ], [ -79.895561000333018, 36.140605000041184 ], [ -79.893468000281203, 36.140654000116591 ], [ -79.891038999770387, 36.141307000243167 ], [ -79.886441999763008, 36.141024000334632 ], [ -79.886190999692829, 36.144676000034124 ], [ -79.885754999674731, 36.145556000316446 ], [ -79.879867000229808, 36.147845000276334 ], [ -79.874333999713812, 36.147812000219091 ], [ -79.87056000023712, 36.14622499973958 ], [ -79.868972999625271, 36.14622499973958 ], [ -79.872998999895358, 36.156119999656937 ], [ -79.874979999794192, 36.158873000095724 ], [ -79.87810700026391, 36.164517000018641 ], [ -79.88132699972175, 36.173751999891465 ], [ -79.885081000005258, 36.174691999666855 ], [ -79.889548000316324, 36.176888000325562 ], [ -79.899185999846821, 36.177897000176188 ], [ -79.902923000411917, 36.178646999715667 ], [ -79.902956000023863, 36.174461999722368 ], [ -79.904254000032395, 36.171243999977534 ], [ -79.903534000332172, 36.165408999881549 ], [ -79.905345000351701, 36.158537000023372 ] ] ] } },
{ "type": "Feature", "properties": { "GEOID": "370810161031", "tract": "161.03", "bg": "1", "score": -0.362, "cat": "Moderate Vitality", "pop": 2468, "pri": 0, "c0": 17.4, "c1": 38.5, "c2": 218500, "c3": 3.6, "c4": 24.0, "c5": 12.2, "c6": 1.0, "c7": 143, "c8": 66.6, "c9": 31 }, "geometry": { "type": "Polygon", "coordinates": [ [ [ -79.891393999597639, 36.079300999888616 ], [ -79.887114999607547, 36.077463999808892 ], [ -79.887189000125716, 36.075122999873187 ], [ -79.887998000412708, 36.074148999676268 ], [ -79.8794939999609, 36.069334000171473 ], [ -79.87732300009128, 36.068602000230229 ], [ -79.874640000035569, 36.068356999834492 ], [ -79.868582999637923, 36.069739000184853 ], [ -79.870617999963443, 36.073881999914569 ], [ -79.871707999559504, 36.078232000282654 ], [ -79.875174999787873, 36.076501999664025 ], [ -79.879664999665138, 36.076823000214588 ], [ -79.881247000254106, 36.077551000142805 ], [ -79.883757999882377, 36.077990000084348 ], [ -79.884449999993507, 36.078850000265732 ], [ -79.8847599996149, 36.080893999773863 ], [ -79.887535999557031, 36.081652999932714 ], [ -79.891393999597639, 36.079300999888616 ] ] ] } },
{ "type": "Feature", "properties": { "GEOID": "370810119053", "tract": "119.05", "bg": "3", "score": -0.496, "cat": "Low Vitality", "pop": 2033, "pri": 0, "c0": 11.7, "c1": 68.7, "c2": 213700, "c3": 6.1, "c4": 28.8, "c5": 14.8, "c6": 1.0, "c7": 203, "c8": 61.8, "c9": 38 }, "geometry": { "type": "Polygon", "coordinates": [ [ [ -79.757739999799611, 36.145515000211766 ], [ -79.758605000163101, 36.142721000058266 ], [ -79.7555920003945, 36.137592000287576 ], [ -79.754306999906461, 36.138333999701132 ], [ -79.754038000292937, 36.137878000100642 ], [ -79.754398999967961, 36.132573000070586 ], [ -79.754193999928546, 36.130340999897335 ], [ -79.753664000199123, 36.130652999977656 ], [ -79.74489299978363, 36.130396000141062 ], [ -79.745984000102951, 36.138696999898912 ], [ -79.744818000338881, 36.143754999736416 ], [ -79.745670000283567, 36.145738000044624 ], [ -79.747084999569665, 36.146476000178659 ], [ -79.754153999745569, 36.147704000066554 ], [ -79.755633000402398, 36.146185999920064 ], [ -79.757739999799611, 36.145515000211766 ] ] ] } },
{ "type": "Feature", "properties": { "GEOID": "370810126111", "tract": "126.11", "bg": "1", "score": -0.783, "cat": "Low Vitality", "pop": 1432, "pri": 0, "c0": 11.6, "c1": 18.5, "c2": 150650, "c3": 10.1, "c4": 29.4, "c5": 9.8, "c6": 1.0, "c7": 181, "c8": 57.7, "c9": 19 }, "geometry": { "type": "Polygon", "coordinates": [ [ [ -79.823812999663204, 36.027971999813147 ], [ -79.819573999856118, 36.027232999638748 ], [ -79.81883800026236, 36.022228000231955 ], [ -79.813017999691183, 36.025183999639154 ], [ -79.806265999707691, 36.032034999859 ], [ -79.803001000044006, 36.033355999975129 ], [ -79.808706999914051, 36.032038000126356 ], [ -79.810523999781353, 36.032023000241452 ], [ -79.814842000129488, 36.033173999913998 ], [ -79.819763000001998, 36.035719999705236 ], [ -79.823812999663204, 36.027971999813147 ] ] ] } },
{ "type": "Feature", "properties": { "GEOID": "370810126123", "tract": "126.12", "bg": "3", "score": -0.5, "cat": "Low Vitality", "pop": 1104, "pri": 0, "c0": 7.1, "c1": 35.0, "c2": 203500, "c3": 8.2, "c4": 29.0, "c5": 11.2, "c6": 1.0, "c7": 227, "c8": 64.6, "c9": 52 }, "geometry": { "type": "Polygon", "coordinates": [ [ [ -79.823548000247669, 36.019919999876826 ], [ -79.817782000103151, 36.017738000271557 ], [ -79.817746000118134, 36.019126999903854 ], [ -79.813912000366983, 36.018748000227468 ], [ -79.810570999637022, 36.021064999910358 ], [ -79.809415999743607, 36.023278000310611 ], [ -79.809120000365922, 36.025473999804433 ], [ -79.807972000145213, 36.025365000308454 ], [ -79.805862000374944, 36.026716999688368 ], [ -79.804027999890891, 36.027349000012713 ], [ -79.802965999883895, 36.028650999682363 ], [ -79.801760999761797, 36.029278999735844 ], [ -79.800866999984294, 36.033967000166044 ], [ -79.806017000185633, 36.032206999988098 ], [ -79.813017999691183, 36.025183999639154 ], [ -79.823548000247669, 36.019919999876826 ] ] ] } },
{ "type": "Feature", "properties": { "GEOID": "370810137003", "tract": "137", "bg": "3", "score": 0.264, "cat": "Moderate Vitality", "pop": 951, "pri": 0, "c0": 3.1, "c1": 52.4, "c2": 207450, "c3": 8.4, "c4": 19.1, "c5": 11.0, "c6": 0.0, "c7": 132, "c8": 70.6, "c9": 96 }, "geometry": { "type": "Polygon", "coordinates": [ [ [ -80.032980000285235, 35.976414999932764 ], [ -80.027117999881256, 35.974151000143422 ], [ -80.0232120001601, 35.974875000091146 ], [ -80.023079999915609, 35.975773999864117 ], [ -80.0214599996918, 35.975830999813439 ], [ -80.019528000196757, 35.976685000349711 ], [ -80.023017999991325, 35.982696000141409 ], [ -80.029214000306141, 35.982703000301385 ], [ -80.030586999759436, 35.982310000327075 ], [ -80.031334000122158, 35.981521000312604 ], [ -80.031697000345318, 35.978981000319244 ], [ -80.032980000285235, 35.976414999932764 ] ] ] } },
{ "type": "Feature", "properties": { "GEOID": "370810138005", "tract": "138", "bg": "5", "score": -1.109, "cat": "Low Vitality", "pop": 1177, "pri": 1, "c0": 24.0, "c1": 54.5, "c2": 117650, "c3": 6.1, "c4": 32.8, "c5": 17.9, "c6": 1.0, "c7": 303, "c8": 48.9, "c9": 27 }, "geometry": { "type": "Polygon", "coordinates": [ [ [ -80.012490999807909, 35.965639000066965 ], [ -80.005728999778668, 35.957700999888893 ], [ -79.992552999874704, 35.962673999765812 ], [ -79.993593000140379, 35.962450999785965 ], [ -79.994121000219977, 35.963674000047227 ], [ -79.993609000033899, 35.968582999674332 ], [ -79.99145300023288, 35.969109999943697 ], [ -79.989675999650231, 35.969053000230488 ], [ -79.989723000404226, 35.969550999663291 ], [ -79.991411000400092, 35.971761000234231 ], [ -79.992475000056899, 35.969521999772276 ], [ -79.993669000308358, 35.968760999651046 ], [ -80.007236000024548, 35.968294999736166 ], [ -80.012490999807909, 35.965639000066965 ] ] ] } },
{ "type": "Feature", "properties": { "GEOID": "370810139002", "tract": "139", "bg": "2", "score": -1.848, "cat": "Very Low Vitality", "pop": 854, "pri": 1, "c0": 53.9, "c1": 4.3, "c2": 68400, "c3": 14.3, "c4": 34.8, "c5": 16.1, "c6": 1.0, "c7": 390, "c8": 51.5, "c9": 16 }, "geometry": { "type": "Polygon", "coordinates": [ [ [ -80.005013000276392, 35.955617000306681 ], [ -80.004890000252743, 35.953784999851948 ], [ -79.998777999603519, 35.954199999970641 ], [ -79.986751999570103, 35.953455999845048 ], [ -79.986309999704218, 35.955084000307451 ], [ -79.985388000337636, 35.955050000197737 ], [ -79.985194999993794, 35.955954000232111 ], [ -79.988052999951691, 35.956124000143035 ], [ -79.987826999995875, 35.958981999827728 ], [ -79.994814999980946, 35.959362999838369 ], [ -79.994892999798722, 35.958122999952074 ], [ -79.993812000423503, 35.958079000088667 ], [ -79.993917999830387, 35.95643900005885 ], [ -79.997672000113923, 35.956577999703015 ], [ -80.005013000276392, 35.955617000306681 ] ] ] } },
{ "type": "Feature", "properties": { "GEOID": "370810143003", "tract": "143", "bg": "3", "score": -1.194, "cat": "Very Low Vitality", "pop": 761, "pri": 1, "c0": 25.8, "c1": 3.7, "c2": 81200, "c3": 6.6, "c4": 33.5, "c5": 11.2, "c6": 1.0, "c7": 311, "c8": 46.2, "c9": 40 }, "geometry": { "type": "Polygon", "coordinates": [ [ [ -80.009576999773515, 35.944914999948068 ], [ -80.007800000089176, 35.939570999804282 ], [ -80.007375999766651, 35.938925000017619 ], [ -80.005775999634309, 35.939171000034229 ], [ -80.005979999848819, 35.937887000119872 ], [ -80.004340000431839, 35.937838000265671 ], [ -80.001062000349378, 35.940024999937968 ], [ -80.001679999942354, 35.941039000107715 ], [ -79.999874999770611, 35.941651000012691 ], [ -80.002402000190699, 35.943768999900307 ], [ -80.003095999951668, 35.945461999846202 ], [ -80.009576999773515, 35.944914999948068 ] ] ] } },
{ "type": "Feature", "properties": { "GEOID": "370810144111", "tract": "144.11", "bg": "1", "score": -0.455, "cat": "Low Vitality", "pop": 1963, "pri": 0, "c0": 9.7, "c1": 59.5, "c2": 200400, "c3": 6.1, "c4": 28.4, "c5": 13.0, "c6": 1.0, "c7": 186, "c8": 64.2, "c9": 31 }, "geometry": { "type": "Polygon", "coordinates": [ [ [ -80.00497599956816, 35.986398000047281 ], [ -80.00277100026166, 35.984176999908335 ], [ -79.997724999817365, 35.98216399997672 ], [ -79.996799000252821, 35.981073000284013 ], [ -79.996061000110942, 35.97921399997562 ], [ -79.991252000391441, 35.979548999701848 ], [ -79.991408999851942, 35.982155000020967 ], [ -79.990999999598031, 35.98313000016347 ], [ -79.990999999598031, 35.985128000079122 ], [ -79.991767999877155, 35.985599999912893 ], [ -79.994844000293256, 35.985756000185823 ], [ -79.994072999641091, 35.993720999858013 ], [ -79.992866999694058, 35.996087999799975 ], [ -79.992538999630995, 35.998070000216678 ], [ -79.994374999764872, 35.998122999909626 ], [ -79.997072000064293, 35.994106999811429 ], [ -80.00497599956816, 35.986398000047281 ] ] ] } },
{ "type": "Feature", "properties": { "GEOID": "370810157072", "tract": "157.07", "bg": "2", "score": 0.67, "cat": "High Vitality", "pop": 1299, "pri": 0, "c0": 0.0, "c1": 50.6, "c2": 258850, "c3": 1.5, "c4": 19.1, "c5": 3.0, "c6": 0.0, "c7": 41, "c8": 78.3, "c9": 49 }, "geometry": { "type": "Polygon", "coordinates": [ [ [ -79.834197999556437, 36.143901000137767 ], [ -79.832789999943031, 36.138083999761541 ], [ -79.831717999890301, 36.138414999710953 ], [ -79.830470999935386, 36.139473000113142 ], [ -79.828616000433243, 36.139592000198299 ], [ -79.825175000144171, 36.138120999840524 ], [ -79.823811999838298, 36.136903000249468 ], [ -79.821046999766821, 36.135995000293562 ], [ -79.815247000185451, 36.141183000062824 ], [ -79.813538000273169, 36.143330999862542 ], [ -79.815805000402278, 36.144314000288539 ], [ -79.818137999755294, 36.143837999948197 ], [ -79.821271999897718, 36.143877000209713 ], [ -79.823533000179054, 36.142890999719334 ], [ -79.825729999987956, 36.144390000337602 ], [ -79.830029999894421, 36.142586999801154 ], [ -79.830597000332091, 36.142832000211534 ], [ -79.831445999903735, 36.144150999677265 ], [ -79.834197999556437, 36.143901000137767 ] ] ] } },
{ "type": "Feature", "properties": { "GEOID": "370810139003", "tract": "139", "bg": "3", "score": -1.539, "cat": "Very Low Vitality", "pop": 531, "pri": 1, "c0": 34.3, "c1": 50.8, "c2": 81550, "c3": 15.7, "c4": 34.8, "c5": 16.1, "c6": 1.0, "c7": 390, "c8": 51.5, "c9": 16 }, "geometry": { "type": "Polygon", "coordinates": [ [ [ -79.988114000051056, 35.956260999937591 ], [ -79.985194999993794, 35.955954000232111 ], [ -79.985388000337636, 35.955050000197737 ], [ -79.986309999704218, 35.955084000307451 ], [ -79.986751999570103, 35.953455999845048 ], [ -79.979818999836624, 35.95308900018339 ], [ -79.975380999837881, 35.954667000025566 ], [ -79.974538999938943, 35.960831000354126 ], [ -79.974579000121906, 35.966836999786587 ], [ -79.977831000265098, 35.966752999842882 ], [ -79.978597999820991, 35.958556000026945 ], [ -79.985328999888097, 35.958854999900467 ], [ -79.985302000123923, 35.960215000070491 ], [ -79.987635000375263, 35.960414999660046 ], [ -79.988114000051056, 35.956260999937591 ] ] ] } },
{ "type": "Feature", "properties": { "GEOID": "370810144072", "tract": "144.07", "bg": "2", "score": 0.274, "cat": "Moderate Vitality", "pop": 1022, "pri": 0, "c0": 0.0, "c1": 30.4, "c2": 216100, "c3": 3.1, "c4": 21.2, "c5": 7.8, "c6": 0.0, "c7": 125, "c8": 73.2, "c9": 54 }, "geometry": { "type": "Polygon", "coordinates": [ [ [ -80.043991000167338, 35.993515999869778 ], [ -80.041682000205441, 35.994505000301082 ], [ -80.036142000016739, 35.993934000018811 ], [ -80.032470999573903, 35.995686999832515 ], [ -80.03556299988351, 35.999815000294859 ], [ -80.036157000085353, 36.001539999720855 ], [ -80.034234999737748, 36.00985500007517 ], [ -80.037995999693962, 36.014458000328013 ], [ -80.043053000008896, 36.01725099969746 ], [ -80.043991000167338, 35.993515999869778 ] ] ] } },
{ "type": "Feature", "properties": { "GEOID": "370810126081", "tract": "126.08", "bg": "1", "score": -1.033, "cat": "Low Vitality", "pop": 2011, "pri": 0, "c0": 21.1, "c1": 8.5, "c2": 119000, "c3": 11.7, "c4": 30.0, "c5": 5.1, "c6": 1.0, "c7": 270, "c8": 49.1, "c9": 14 }, "geometry": { "type": "Polygon", "coordinates": [ [ [ -79.862676999751343, 36.043446999831481 ], [ -79.862470000062103, 36.042011999738037 ], [ -79.851803999961504, 36.041692999935719 ], [ -79.851752000082968, 36.040740999689298 ], [ -79.850724000411176, 36.040531999772242 ], [ -79.850172999867027, 36.040862999645114 ], [ -79.850411000416713, 36.045181000224112 ], [ -79.849449999793762, 36.046589999769168 ], [ -79.856590999939684, 36.048221000133445 ], [ -79.859665999632568, 36.04667499982029 ], [ -79.86220399992331, 36.044573999837588 ], [ -79.862676999751343, 36.043446999831481 ] ] ] } },
{ "type": "Feature", "properties": { "GEOID": "370810126101", "tract": "126.10", "bg": "1", "score": -0.135, "cat": "Moderate Vitality", "pop": 1429, "pri": 0, "c0": 2.9, "c1": 58.1, "c2": 236700, "c3": 6.4, "c4": 30.5, "c5": 15.8, "c6": 0.0, "c7": 119, "c8": 71.9, "c9": 39 }, "geometry": { "type": "Polygon", "coordinates": [ [ [ -79.84254100034974, 36.04267899970479 ], [ -79.841485000190531, 36.037089000248592 ], [ -79.835041000178606, 36.038218000235219 ], [ -79.833835000231574, 36.03573799973887 ], [ -79.832319999589757, 36.034148999847673 ], [ -79.829856999642061, 36.032454999850941 ], [ -79.830127999803707, 36.032040000062388 ], [ -79.831803000279109, 36.032087000360001 ], [ -79.831641999722322, 36.02719299992112 ], [ -79.829397000232845, 36.028361000314064 ], [ -79.825673999911444, 36.028505999768406 ], [ -79.823717000302068, 36.029399000009256 ], [ -79.822287999873964, 36.030991000140091 ], [ -79.819763000001998, 36.035719999705236 ], [ -79.824815000294066, 36.03833000013443 ], [ -79.83270600027744, 36.040936999847744 ], [ -79.84072699995717, 36.044275000133375 ], [ -79.84254100034974, 36.04267899970479 ] ] ] } },
{ "type": "Feature", "properties": { "GEOID": "370810126102", "tract": "126.10", "bg": "2", "score": -0.197, "cat": "Moderate Vitality", "pop": 1551, "pri": 0, "c0": 11.1, "c1": 64.1, "c2": 233200, "c3": 6.8, "c4": 30.5, "c5": 15.8, "c6": 0.0, "c7": 119, "c8": 71.9, "c9": 39 }, "geometry": { "type": "Polygon", "coordinates": [ [ [ -79.841485000190531, 36.037089000248592 ], [ -79.840936000194532, 36.034298000028343 ], [ -79.839021000417944, 36.030492000259414 ], [ -79.839550000322447, 36.021016000086568 ], [ -79.837499000103406, 36.021123000299966 ], [ -79.836678999945775, 36.023242000356902 ], [ -79.831641999722322, 36.02719299992112 ], [ -79.831803000279109, 36.032087000360001 ], [ -79.829745000387376, 36.03221400011212 ], [ -79.833835000231574, 36.03573799973887 ], [ -79.835041000178606, 36.038218000235219 ], [ -79.841485000190531, 36.037089000248592 ] ] ] } },
{ "type": "Feature", "properties": { "GEOID": "370810126071", "tract": "126.07", "bg": "1", "score": 0.057, "cat": "Moderate Vitality", "pop": 3262, "pri": 0, "c0": 3.1, "c1": 66.0, "c2": 252400, "c3": 4.4, "c4": 24.1, "c5": 18.9, "c6": 0.0, "c7": 88, "c8": 74.7, "c9": 40 }, "geometry": { "type": "Polygon", "coordinates": [ [ [ -79.89419800002716, 36.05593699978386 ], [ -79.893659999901828, 36.054293000343428 ], [ -79.891422000085043, 36.05408600019156 ], [ -79.890232000031531, 36.052835999657781 ], [ -79.890672000247591, 36.042046000148524 ], [ -79.889048999650726, 36.039197999945301 ], [ -79.888923000152346, 36.038137000059685 ], [ -79.888966999634945, 36.035956999939863 ], [ -79.890016999946383, 36.036150000272272 ], [ -79.886692999833159, 36.029973000241576 ], [ -79.886132000141615, 36.029318000208001 ], [ -79.881792999877078, 36.033774000295701 ], [ -79.875819000218414, 36.033297999873582 ], [ -79.874387000315579, 36.037459000138846 ], [ -79.873741000235199, 36.042233999803301 ], [ -79.877564999940617, 36.042308000170173 ], [ -79.875206999574928, 36.04786500034195 ], [ -79.873444000134285, 36.049972999650095 ], [ -79.891233999764069, 36.056561000037249 ], [ -79.89419800002716, 36.05593699978386 ] ] ] } },
{ "type": "Feature", "properties": { "GEOID": "370810116013", "tract": "116.01", "bg": "3", "score": -0.383, "cat": "Low Vitality", "pop": 967, "pri": 0, "c0": 8.0, "c1": 46.6, "c2": 169200, "c3": 9.0, "c4": 30.2, "c5": 2.4, "c6": 1.0, "c7": 247, "c8": 62.0, "c9": 48 }, "geometry": { "type": "Polygon", "coordinates": [ [ [ -79.835052000049274, 36.049463999832376 ], [ -79.833422999604608, 36.048956999861254 ], [ -79.832127000144212, 36.046246000222872 ], [ -79.829347999829025, 36.046217000202958 ], [ -79.826279999808847, 36.047153999700022 ], [ -79.826197999793095, 36.0520560001425 ], [ -79.822497000111326, 36.052276000062129 ], [ -79.823935999686867, 36.061371000164229 ], [ -79.826921999691265, 36.060144000010958 ], [ -79.827941000040553, 36.058108000084779 ], [ -79.831414000116681, 36.055091000170371 ], [ -79.835052000049274, 36.049463999832376 ] ] ] } },
{ "type": "Feature", "properties": { "GEOID": "370810116021", "tract": "116.02", "bg": "1", "score": -0.71, "cat": "Low Vitality", "pop": 765, "pri": 0, "c0": 25.1, "c1": 63.0, "c2": 157900, "c3": 11.4, "c4": 29.1, "c5": 13.2, "c6": 1.0, "c7": 257, "c8": 58.8, "c9": 78 }, "geometry": { "type": "Polygon", "coordinates": [ [ [ -79.843964000031747, 36.052184999796921 ], [ -79.843111000262127, 36.051509999804544 ], [ -79.842731000320541, 36.05148200035552 ], [ -79.842642999558663, 36.051994999781854 ], [ -79.839181000251514, 36.051320999698973 ], [ -79.83863100043061, 36.052885000022926 ], [ -79.833030000142529, 36.052658999937371 ], [ -79.830982000296544, 36.055618999790646 ], [ -79.827941000040553, 36.058108000084779 ], [ -79.826921999691265, 36.060144000010958 ], [ -79.82617900042483, 36.060683000227748 ], [ -79.824360999834298, 36.060930999724498 ], [ -79.823912000295721, 36.06177299992023 ], [ -79.842891000154111, 36.05974399987916 ], [ -79.842276999860786, 36.05793699988876 ], [ -79.843196999577529, 36.05679900001288 ], [ -79.843964000031747, 36.052184999796921 ] ] ] } },
{ "type": "Feature", "properties": { "GEOID": "370810116022", "tract": "116.02", "bg": "2", "score": -0.706, "cat": "Low Vitality", "pop": 1062, "pri": 0, "c0": 6.3, "c1": 37.4, "c2": 146450, "c3": 13.9, "c4": 29.1, "c5": 13.2, "c6": 1.0, "c7": 257, "c8": 58.8, "c9": 78 }, "geometry": { "type": "Polygon", "coordinates": [ [ [ -79.856590999939684, 36.048221000133445 ], [ -79.843960999658691, 36.045395999665871 ], [ -79.84072699995717, 36.044275000133375 ], [ -79.835899999795984, 36.048172999896373 ], [ -79.833030000142529, 36.052658999937371 ], [ -79.83863100043061, 36.052885000022926 ], [ -79.839181000251514, 36.051320999698973 ], [ -79.842642999558663, 36.051994999781854 ], [ -79.842731000320541, 36.05148200035552 ], [ -79.843111000262127, 36.051509999804544 ], [ -79.843970999704439, 36.051999000092714 ], [ -79.843753999969451, 36.053391000053132 ], [ -79.848806000261519, 36.05389999989594 ], [ -79.848756999857713, 36.0547200003017 ], [ -79.850803999878806, 36.05367900010171 ], [ -79.853804999951819, 36.053399999866301 ], [ -79.854235999947051, 36.050012000042614 ], [ -79.855215000113347, 36.048900999863321 ], [ -79.856590999939684, 36.048221000133445 ] ] ] } },
{ "type": "Feature", "properties": { "GEOID": "370810165061", "tract": "165.06", "bg": "1", "score": 0.717, "cat": "High Vitality", "pop": 1001, "pri": 0, "c0": 2.4, "c1": 90.3, "c2": 378800, "c3": 3.8, "c4": 21.5, "c5": 9.7, "c6": 0.0, "c7": 45, "c8": 79.6, "c9": 77 }, "geometry": { "type": "Polygon", "coordinates": [ [ [ -79.908495000387646, 36.024220000276834 ], [ -79.907682999727612, 36.02254300005368 ], [ -79.903273000216274, 36.02496999992502 ], [ -79.901752999551562, 36.028148999819798 ], [ -79.901156999699907, 36.02843600029064 ], [ -79.900657000107728, 36.029535999734648 ], [ -79.897221999666428, 36.033517000321275 ], [ -79.895173999820429, 36.034308000147412 ], [ -79.893972000071358, 36.035442000035168 ], [ -79.89309900021027, 36.037493999871572 ], [ -79.89467300040333, 36.038460000012329 ], [ -79.898620999957288, 36.039103000303392 ], [ -79.906735000421762, 36.038842000032005 ], [ -79.907142999952441, 36.034496999688599 ], [ -79.906820999737164, 36.033563999737623 ], [ -79.905083000410883, 36.03142700022741 ], [ -79.904799999655353, 36.029892000304038 ], [ -79.905398000055143, 36.028476000103602 ], [ -79.908209999982304, 36.02537700021368 ], [ -79.908495000387646, 36.024220000276834 ] ] ] } },
{ "type": "Feature", "properties": { "GEOID": "370810165062", "tract": "165.06", "bg": "2", "score": 0.668, "cat": "High Vitality", "pop": 2920, "pri": 0, "c0": 0.0, "c1": 87.2, "c2": 312950, "c3": 4.2, "c4": 21.5, "c5": 9.7, "c6": 0.0, "c7": 45, "c8": 79.6, "c9": 77 }, "geometry": { "type": "Polygon", "coordinates": [ [ [ -79.907604999909793, 36.022564999818862 ], [ -79.905171000274436, 36.020497000127321 ], [ -79.904816000447184, 36.019431000178827 ], [ -79.90496200003706, 36.017851000011873 ], [ -79.900917000398721, 36.017391000300499 ], [ -79.899543000222195, 36.016661000080695 ], [ -79.89476899976448, 36.020520000214709 ], [ -79.886132000141615, 36.029318000208001 ], [ -79.887365999677712, 36.030840000275369 ], [ -79.890016999946383, 36.036150000272272 ], [ -79.89309900021027, 36.037493999871572 ], [ -79.893972000071358, 36.035442000035168 ], [ -79.895173999820429, 36.034308000147412 ], [ -79.897221999666428, 36.033517000321275 ], [ -79.900657000107728, 36.029535999734648 ], [ -79.901156999699907, 36.02843600029064 ], [ -79.901752999551562, 36.028148999819798 ], [ -79.903273000216274, 36.02496999992502 ], [ -79.907604999909793, 36.022564999818862 ] ] ] } },
{ "type": "Feature", "properties": { "GEOID": "370810165063", "tract": "165.06", "bg": "3", "score": 0.641, "cat": "High Vitality", "pop": 1126, "pri": 0, "c0": 2.7, "c1": 97.1, "c2": 290950, "c3": 5.2, "c4": 21.5, "c5": 9.7, "c6": 0.0, "c7": 45, "c8": 79.6, "c9": 77 }, "geometry": { "type": "Polygon", "coordinates": [ [ [ -79.919552000300513, 36.007321999783912 ], [ -79.91371099981292, 36.004006000233858 ], [ -79.909702000159598, 36.006635999762395 ], [ -79.899543000222195, 36.016661000080695 ], [ -79.900917000398721, 36.017391000300499 ], [ -79.905901000020393, 36.017952999792726 ], [ -79.908806999658879, 36.0187220003017 ], [ -79.912083999916419, 36.018500000083364 ], [ -79.9126530000039, 36.018141000282299 ], [ -79.912437999918737, 36.016532000358076 ], [ -79.913277000342973, 36.014135999883294 ], [ -79.912749000263375, 36.011176000028385 ], [ -79.91401299993673, 36.010984000150408 ], [ -79.915213000035976, 36.008552000217271 ], [ -79.916109000361601, 36.007832000094638 ], [ -79.918764999754828, 36.007848000136534 ], [ -79.919552000300513, 36.007321999783912 ] ] ] } },
{ "type": "Feature", "properties": { "GEOID": "370810167013", "tract": "167.01", "bg": "3", "score": 0.314, "cat": "Moderate Vitality", "pop": 950, "pri": 0, "c0": 0.0, "c1": 95.6, "c2": 264750, "c3": 5.2, "c4": 27.7, "c5": 11.8, "c6": 0.0, "c7": 111, "c8": 71.0, "c9": 71 }, "geometry": { "type": "Polygon", "coordinates": [ [ [ -79.81294400007134, 35.966568000292263 ], [ -79.811167000387002, 35.96588100020324 ], [ -79.80890799975549, 35.965860000335006 ], [ -79.801622999669533, 35.981332000213158 ], [ -79.801503999843831, 35.983335000245006 ], [ -79.804709000131368, 35.99647699996622 ], [ -79.807227000330641, 35.996525999782016 ], [ -79.807463000332177, 35.99485400013883 ], [ -79.808740000424336, 35.992794000341767 ], [ -79.808417000384125, 35.991921999834645 ], [ -79.81026500021359, 35.990263000292643 ], [ -79.810584999880717, 35.988054999859209 ], [ -79.811753000192908, 35.985302999952602 ], [ -79.812569000152607, 35.979543000259575 ], [ -79.811384999946881, 35.976503000283238 ], [ -79.811369000053361, 35.97477499977068 ], [ -79.811848999554073, 35.973223000075031 ], [ -79.811369000053361, 35.972726999801303 ], [ -79.812713000092657, 35.969815000112028 ], [ -79.81294400007134, 35.966568000292263 ] ] ] } },
{ "type": "Feature", "properties": { "GEOID": "370819801001", "tract": "9801", "bg": "1", "score": null, "cat": null, "pop": 0, "pri": 0, "c0": null, "c1": null, "c2": 0, "c3": 0.0, "c4": null, "c5": null, "c6": null, "c7": 0, "c8": null, "c9": 2 }, "geometry": { "type": "Polygon", "coordinates": [ [ [ -79.962747000257238, 36.096595999748232 ], [ -79.958676999606226, 36.095980999905748 ], [ -79.958444999802623, 36.097495999941884 ], [ -79.957754000414724, 36.097410000130026 ], [ -79.956864999761791, 36.098554000205034 ], [ -79.953737000365464, 36.096675999763434 ], [ -79.953887000153287, 36.092193999936761 ], [ -79.951461999840461, 36.091921000149043 ], [ -79.948437000376273, 36.090682000250943 ], [ -79.931326000438844, 36.081010999928779 ], [ -79.93039800032615, 36.082445999679393 ], [ -79.929551000404331, 36.084964999820862 ], [ -79.929829000238684, 36.086621999712328 ], [ -79.931042999683314, 36.08912199985177 ], [ -79.930914999636784, 36.090269999891319 ], [ -79.92047299984219, 36.09732799968166 ], [ -79.914361000091262, 36.100613999888736 ], [ -79.911067999940187, 36.10951300017544 ], [ -79.913971999928833, 36.111863999658055 ], [ -79.913800000399704, 36.114173000083227 ], [ -79.913224999566111, 36.114661999753238 ], [ -79.919707999936108, 36.117337000148311 ], [ -79.923478000113164, 36.118014999644515 ], [ -79.92726500000866, 36.119551000287345 ], [ -79.928405999658352, 36.12025899977511 ], [ -79.927270000031527, 36.122062000330928 ], [ -79.933176999743026, 36.122653999911968 ], [ -79.93797999961474, 36.122137000252692 ], [ -79.940803000310851, 36.121055000131207 ], [ -79.94406299995164, 36.119010000235605 ], [ -79.948225999590775, 36.11171999997655 ], [ -79.95145699981758, 36.108145999944924 ], [ -79.953116000399447, 36.107135000135763 ], [ -79.955401000071888, 36.106954000255314 ], [ -79.956695999707392, 36.105450999725122 ], [ -79.959569999558795, 36.104962000042491 ], [ -79.960926000191975, 36.104175999811339 ], [ -79.96141300026369, 36.103287000137662 ], [ -79.962747000257238, 36.096595999748232 ] ] ] } },
{ "type": "Feature", "properties": { "GEOID": "370810105003", "tract": "105", "bg": "3", "score": 0.509, "cat": "High Vitality", "pop": 660, "pri": 0, "c0": 2.7, "c1": 81.8, "c2": 226800, "c3": 2.0, "c4": 16.3, "c5": 7.7, "c6": 0.0, "c7": 142, "c8": 77.8, "c9": 27 }, "geometry": { "type": "Polygon", "coordinates": [ [ [ -79.825789000437496, 36.082559000219888 ], [ -79.827197999875807, 36.080519999736602 ], [ -79.814596000082204, 36.075222000188425 ], [ -79.814205000269951, 36.075928000319081 ], [ -79.813330999685618, 36.079877999919724 ], [ -79.814382999646867, 36.080275000164896 ], [ -79.821160999569642, 36.085191000032125 ], [ -79.825789000437496, 36.082559000219888 ] ] ] } },
{ "type": "Feature", "properties": { "GEOID": "370810108001", "tract": "108", "bg": "1", "score": 0.264, "cat": "Moderate Vitality", "pop": 1017, "pri": 0, "c0": 9.9, "c1": 48.7, "c2": 317400, "c3": 3.7, "c4": 23.6, "c5": null, "c6": 0.0, "c7": 287, "c8": 57.8, "c9": 151 }, "geometry": { "type": "Polygon", "coordinates": [ [ [ -79.801996999763332, 36.081693000295495 ], [ -79.800326000384217, 36.080547999742734 ], [ -79.797974999691192, 36.080445000008019 ], [ -79.795696999691458, 36.079667999656081 ], [ -79.794796000241263, 36.080078000237059 ], [ -79.789706000314368, 36.079832000290239 ], [ -79.788557000268739, 36.094003000358377 ], [ -79.792199000399279, 36.091407000160963 ], [ -79.795253000175762, 36.090018000150366 ], [ -79.796093000424875, 36.08762199972675 ], [ -79.797886999827654, 36.084731999876951 ], [ -79.798639000213242, 36.084314000094508 ], [ -79.800026999735152, 36.084286999644853 ], [ -79.800758000204354, 36.082857999665315 ], [ -79.801996999763332, 36.081693000295495 ] ] ] } },
{ "type": "Feature", "properties": { "GEOID": "370810172001", "tract": "172", "bg": "1", "score": 0.69, "cat": "High Vitality", "pop": 3412, "pri": 0, "c0": 2.8, "c1": 91.7, "c2": 276400, "c3": 4.2, "c4": 22.6, "c5": 7.6, "c6": 0.0, "c7": 37, "c8": 72.9, "c9": 105 }, "geometry": { "type": "Polygon", "coordinates": [ [ [ -79.711548999792711, 36.056939000046796 ], [ -79.709957000056306, 36.052211000298428 ], [ -79.705698000157724, 36.048213999979652 ], [ -79.701466999848193, 36.04599999979019 ], [ -79.699618000193851, 36.042689999681926 ], [ -79.697639999769734, 36.040744000351332 ], [ -79.696601000227304, 36.037584999684988 ], [ -79.696508000340884, 36.035157000248475 ], [ -79.699789999722995, 36.034705999640998 ], [ -79.701903999691211, 36.033565000049478 ], [ -79.701897000018505, 36.032525999714743 ], [ -79.703426000005734, 36.030405000196851 ], [ -79.70254599957363, 36.029668000321188 ], [ -79.703370999754156, 36.026755999975883 ], [ -79.7068949998839, 36.025739000249672 ], [ -79.708038000081743, 36.025765999724072 ], [ -79.708843000170788, 36.025199999791319 ], [ -79.707699999972959, 36.024600000215862 ], [ -79.707171000068428, 36.020666999793256 ], [ -79.706458000040911, 36.018395000223727 ], [ -79.701702999849758, 36.015005999992049 ], [ -79.700017000402028, 36.014341000038783 ], [ -79.695571999832268, 36.009635999981292 ], [ -79.68642499967315, 36.005328000032605 ], [ -79.681358000210793, 36.002634999721671 ], [ -79.675125999910961, 35.998641000354155 ], [ -79.662907000432014, 35.992653999666345 ], [ -79.662138000327985, 35.991482000213921 ], [ -79.662273000047193, 35.98759299967957 ], [ -79.660749000082859, 35.985956999956855 ], [ -79.658938999888235, 35.985334999725502 ], [ -79.657079000363225, 35.983889000166037 ], [ -79.657464000327693, 35.984978999976448 ], [ -79.658632999566478, 35.986183000245191 ], [ -79.658801999620906, 35.987127999905766 ], [ -79.656969999684975, 35.987511999798819 ], [ -79.656333999650343, 35.98676999989307 ], [ -79.655799999722944, 35.986764999725054 ], [ -79.65324999973663, 35.988444999821304 ], [ -79.653033000001656, 35.990582999852784 ], [ -79.654520000156069, 35.991314000358926 ], [ -79.654167999803562, 35.991996000213632 ], [ -79.650848999713219, 35.991290999745189 ], [ -79.649015000127477, 35.992763000063086 ], [ -79.650035000301671, 35.994587999702709 ], [ -79.652515999792712, 35.99675399969604 ], [ -79.652474999784829, 35.997315000188173 ], [ -79.651507000387497, 35.997347000176241 ], [ -79.650175999868665, 35.99671499982442 ], [ -79.649006999731554, 35.99488500032254 ], [ -79.648168000205658, 35.994933999673748 ], [ -79.647208000305923, 35.995977000239634 ], [ -79.648424000298689, 35.997115000331803 ], [ -79.647666000065314, 35.997675999709692 ], [ -79.64615899981942, 35.997499000305751 ], [ -79.645692999664092, 35.996294999761083 ], [ -79.644887999575047, 35.996455000187396 ], [ -79.643757999796009, 35.997817000231649 ], [ -79.642913000422325, 35.99770700023776 ], [ -79.642386000167633, 35.99681600001135 ], [ -79.641513000306531, 35.997337999772107 ], [ -79.641458999879859, 35.997673000314336 ], [ -79.642385000342713, 35.998135000328851 ], [ -79.642868000216467, 35.998910000278201 ], [ -79.647031999680507, 35.999109999943144 ], [ -79.64961000015424, 36.000882000270579 ], [ -79.652518000340848, 36.006346999967349 ], [ -79.658133999799205, 36.010944000177481 ], [ -79.668141000298945, 36.014851999813686 ], [ -79.664749000413664, 36.018781999782057 ], [ -79.662257999978578, 36.02055000000265 ], [ -79.662092000297235, 36.02362100021535 ], [ -79.660679999587558, 36.026232000200501 ], [ -79.66053099962464, 36.029235000316262 ], [ -79.662540000010893, 36.032534000135357 ], [ -79.662099999794847, 36.034260999722122 ], [ -79.660268999683822, 36.03398499987393 ], [ -79.660991999757101, 36.038046000157706 ], [ -79.66205999961187, 36.040855000070565 ], [ -79.660909999741335, 36.041789000292241 ], [ -79.657168000051684, 36.042468999648449 ], [ -79.655948999685862, 36.043474999959344 ], [ -79.652431000302201, 36.04395200006369 ], [ -79.651915999743082, 36.044385999959303 ], [ -79.652694000067953, 36.044824999759577 ], [ -79.652720999832113, 36.045368999656688 ], [ -79.650195999960147, 36.046335999941071 ], [ -79.648153999961963, 36.045895999694977 ], [ -79.646705000340674, 36.046362000195607 ], [ -79.646548999806754, 36.047097999872143 ], [ -79.648558000192992, 36.049297000186748 ], [ -79.647683999608674, 36.050785999645058 ], [ -79.646722000059114, 36.051489000218702 ], [ -79.643941999919022, 36.050999000303108 ], [ -79.642981000194368, 36.051811999868939 ], [ -79.642551999848976, 36.053953999863076 ], [ -79.643597000137532, 36.05519000027823 ], [ -79.641879000004408, 36.056491000078289 ], [ -79.642431000373463, 36.058613999940633 ], [ -79.68459600011029, 36.05983400014054 ], [ -79.711548999792711, 36.056939000046796 ] ] ] } },
{ "type": "Feature", "properties": { "GEOID": "370810172002", "tract": "172", "bg": "2", "score": 0.572, "cat": "High Vitality", "pop": 1988, "pri": 0, "c0": 8.0, "c1": 79.8, "c2": 267200, "c3": 5.2, "c4": 22.6, "c5": 7.6, "c6": 0.0, "c7": 37, "c8": 72.9, "c9": 105 }, "geometry": { "type": "Polygon", "coordinates": [ [ [ -79.664749000413664, 36.018781999782057 ], [ -79.668141000298945, 36.014851999813686 ], [ -79.658133999799205, 36.010944000177481 ], [ -79.652518000340848, 36.006346999967349 ], [ -79.64981400036875, 36.001086000011441 ], [ -79.647666000065314, 35.999415999691607 ], [ -79.646506999973965, 35.9990369997209 ], [ -79.642868000216467, 35.998910000278201 ], [ -79.643611000381227, 36.000486999998927 ], [ -79.643211000348145, 36.001553000338312 ], [ -79.642161999861656, 36.002387999732818 ], [ -79.640283000070056, 36.001996999681062 ], [ -79.639057999856448, 36.002442000137783 ], [ -79.636408000311008, 36.001479000204839 ], [ -79.635507999787436, 36.001752999840996 ], [ -79.63540700040339, 36.002137999744811 ], [ -79.636257999624874, 36.002879999714118 ], [ -79.639530999684467, 36.004079000216628 ], [ -79.639915999648935, 36.005222000121869 ], [ -79.638898999847797, 36.008486000067983 ], [ -79.637815999924413, 36.009772000028235 ], [ -79.634014999785222, 36.009764000202942 ], [ -79.63380499972294, 36.010858000203413 ], [ -79.632945000280642, 36.01173099974816 ], [ -79.633222000290061, 36.013028000302782 ], [ -79.632910000120518, 36.013446000209989 ], [ -79.629435000394579, 36.012483000251386 ], [ -79.628636000153307, 36.012959999847489 ], [ -79.628161999602085, 36.014290000007357 ], [ -79.625149999658404, 36.015110000187626 ], [ -79.624089000374653, 36.011945999669699 ], [ -79.622074000140614, 36.009669999833328 ], [ -79.619940999905822, 36.011484999781061 ], [ -79.613794999819717, 36.0136839997161 ], [ -79.606311000440414, 36.013898000288783 ], [ -79.601439999898332, 36.013009000320352 ], [ -79.600326000012814, 36.021052000330776 ], [ -79.598822999964852, 36.023114999944781 ], [ -79.598287000387657, 36.026007000300588 ], [ -79.593203000308549, 36.03195599980058 ], [ -79.592666000008109, 36.033168000192198 ], [ -79.592964999758834, 36.034176999649617 ], [ -79.596307000313715, 36.038722000343334 ], [ -79.599372999785771, 36.044064999975667 ], [ -79.59889599975979, 36.050228000190543 ], [ -79.599213999777106, 36.051754999642505 ], [ -79.602834000166325, 36.055629000106912 ], [ -79.605735999606836, 36.056582999741714 ], [ -79.606992999607499, 36.057428000011022 ], [ -79.608630000448059, 36.060167000140083 ], [ -79.634814000026466, 36.057919999848949 ], [ -79.642431000373463, 36.058613999940633 ], [ -79.641879000004408, 36.056491000078289 ], [ -79.643597000137532, 36.05519000027823 ], [ -79.642551999848976, 36.053953999863076 ], [ -79.642981000194368, 36.051811999868939 ], [ -79.643941999919022, 36.050999000303108 ], [ -79.646722000059114, 36.051489000218702 ], [ -79.647683999608674, 36.050785999645058 ], [ -79.648558000192992, 36.049297000186748 ], [ -79.646548999806754, 36.047097999872143 ], [ -79.646705000340674, 36.046362000195607 ], [ -79.648153999961963, 36.045895999694977 ], [ -79.650195999960147, 36.046335999941071 ], [ -79.652720999832113, 36.045368999656688 ], [ -79.652694000067953, 36.044824999759577 ], [ -79.651915999743082, 36.044385999959303 ], [ -79.652431000302201, 36.04395200006369 ], [ -79.655948999685862, 36.043474999959344 ], [ -79.657168000051684, 36.042468999648449 ], [ -79.660909999741335, 36.041789000292241 ], [ -79.66205999961187, 36.040855000070565 ], [ -79.660991999757101, 36.038046000157706 ], [ -79.660268999683822, 36.03398499987393 ], [ -79.662099999794847, 36.034260999722122 ], [ -79.662540000010893, 36.032534000135357 ], [ -79.66053099962464, 36.029235000316262 ], [ -79.660679999587558, 36.026232000200501 ], [ -79.662092000297235, 36.02362100021535 ], [ -79.662191000031427, 36.020654999897232 ], [ -79.664749000413664, 36.018781999782057 ] ] ] } },
{ "type": "Feature", "properties": { "GEOID": "370810162031", "tract": "162.03", "bg": "1", "score": 0.759, "cat": "High Vitality", "pop": 1898, "pri": 0, "c0": 0.0, "c1": 99.1, "c2": 354500, "c3": 0.5, "c4": 20.4, "c5": 10.5, "c6": 0.0, "c7": 78, "c8": 79.8, "c9": 63 }, "geometry": { "type": "Polygon", "coordinates": [ [ [ -80.041438999632874, 36.066182000254067 ], [ -80.042832999900881, 36.023954000100865 ], [ -80.04180500022909, 36.023914000171544 ], [ -80.041632999801635, 36.025215000248885 ], [ -80.040648999612458, 36.026403999923147 ], [ -80.029244000443384, 36.032745000129594 ], [ -80.023349000427444, 36.034944999883528 ], [ -80.019601999816601, 36.036795000352939 ], [ -80.02079600006806, 36.039108000058 ], [ -80.020524999906428, 36.040596999736366 ], [ -80.013398000004187, 36.047253000348924 ], [ -80.012546000059487, 36.048592000131002 ], [ -80.011930000116337, 36.053283000035535 ], [ -80.012311999707762, 36.056913999669938 ], [ -80.011755000214151, 36.059751999712894 ], [ -80.018412999588008, 36.056660999766812 ], [ -80.022675999684552, 36.056344999839077 ], [ -80.024111999785376, 36.057264999876423 ], [ -80.037900000332812, 36.063081000097554 ], [ -80.040078999700057, 36.064642999977686 ], [ -80.041438999632874, 36.066182000254067 ] ] ] } },
{ "type": "Feature", "properties": { "GEOID": "370810162051", "tract": "162.05", "bg": "1", "score": 0.515, "cat": "High Vitality", "pop": 2722, "pri": 0, "c0": 12.0, "c1": 58.1, "c2": 323000, "c3": 2.3, "c4": 22.3, "c5": 8.2, "c6": 0.0, "c7": 42, "c8": 77.0, "c9": 78 }, "geometry": { "type": "Polygon", "coordinates": [ [ [ -79.99604000019454, 36.040550000158767 ], [ -79.990085999729061, 36.03799699999928 ], [ -79.977325999751713, 36.037493000335992 ], [ -79.96828499989779, 36.030343000143716 ], [ -79.964456000169506, 36.034627000082196 ], [ -79.966185000173269, 36.03545599970758 ], [ -79.966585000206365, 36.036043000127577 ], [ -79.96670800023, 36.037395000026912 ], [ -79.966057000126739, 36.039296999702515 ], [ -79.967461000440508, 36.042317999998467 ], [ -79.967289000013054, 36.045381000146158 ], [ -79.97533099960917, 36.047575999949537 ], [ -79.9778189996712, 36.048898000238403 ], [ -79.980122999610245, 36.045617000199627 ], [ -79.985847999746852, 36.045746000237578 ], [ -79.988478999924027, 36.048672000326157 ], [ -79.994349999650524, 36.043035999895338 ], [ -79.99604000019454, 36.040550000158767 ] ] ] } },
{ "type": "Feature", "properties": { "GEOID": "370810163031", "tract": "163.03", "bg": "1", "score": 0.611, "cat": "High Vitality", "pop": 2088, "pri": 0, "c0": 1.4, "c1": 92.3, "c2": 323900, "c3": 2.8, "c4": 20.7, "c5": 10.3, "c6": 0.0, "c7": 36, "c8": 82.9, "c9": 31 }, "geometry": { "type": "Polygon", "coordinates": [ [ [ -80.042832999900881, 36.023954000100865 ], [ -80.042842000121709, 36.017155999743487 ], [ -80.042437999890666, 36.01831499978698 ], [ -80.027495000348125, 36.018254999951026 ], [ -80.022909000211371, 36.020796000013071 ], [ -80.017069000447037, 36.021073999785678 ], [ -80.020406000080726, 36.025328000165317 ], [ -80.018719999734671, 36.034566000019204 ], [ -80.019601999816601, 36.036795000352939 ], [ -80.023349000427444, 36.034944999883528 ], [ -80.028538999913451, 36.033097000180632 ], [ -80.041010000185793, 36.026112999868523 ], [ -80.041632999801635, 36.025215000248885 ], [ -80.04180500022909, 36.023914000171544 ], [ -80.042832999900881, 36.023954000100865 ] ] ] } },
{ "type": "Feature", "properties": { "GEOID": "370810160083", "tract": "160.08", "bg": "3", "score": 0.908, "cat": "High Vitality", "pop": 5489, "pri": 0, "c0": 0.9, "c1": 89.7, "c2": 357700, "c3": 1.1, "c4": 20.5, "c5": 6.9, "c6": 0.0, "c7": 39, "c8": 82.2, "c9": 84 }, "geometry": { "type": "Polygon", "coordinates": [ [ [ -79.943691000405977, 36.138194000239388 ], [ -79.940388000209168, 36.134949000032996 ], [ -79.938773000008212, 36.135351000076483 ], [ -79.931923999940338, 36.135348000121709 ], [ -79.930365999640799, 36.137960000291059 ], [ -79.928733999721402, 36.138696999898912 ], [ -79.926978999778399, 36.13873399968886 ], [ -79.926183999735102, 36.138197999792169 ], [ -79.925925000167311, 36.137309999755587 ], [ -79.924827000175327, 36.137291000030643 ], [ -79.923213999624195, 36.13319000026317 ], [ -79.922533000282044, 36.132658000058321 ], [ -79.923052000140814, 36.131963000060949 ], [ -79.921334000007704, 36.131558999766256 ], [ -79.919286999986639, 36.134191000055118 ], [ -79.919401999614351, 36.135614000262912 ], [ -79.918893999626235, 36.135668999713204 ], [ -79.917722000014408, 36.137053999676212 ], [ -79.912984000440005, 36.140794999940766 ], [ -79.904345000269004, 36.144958999825988 ], [ -79.903367999752504, 36.146596000122095 ], [ -79.90334099998833, 36.147519000332863 ], [ -79.902155000132794, 36.147986000232649 ], [ -79.901626000228276, 36.148937000340105 ], [ -79.901754000274806, 36.149903999974605 ], [ -79.900257999899551, 36.149984999644403 ], [ -79.902677000364605, 36.151469000019993 ], [ -79.904151000100242, 36.15340999985532 ], [ -79.905345000351701, 36.158537000023372 ], [ -79.904152999750053, 36.163003000152102 ], [ -79.915197000142427, 36.155058000236266 ], [ -79.917564999655582, 36.152604999743261 ], [ -79.919836999807544, 36.151407999908365 ], [ -79.923098999996483, 36.150699999969397 ], [ -79.931343000157284, 36.151600999813716 ], [ -79.938864000244806, 36.149184000361856 ], [ -79.940532000149204, 36.14712600021516 ], [ -79.940825000052172, 36.144377000095766 ], [ -79.943691000405977, 36.138194000239388 ] ] ] } },
{ "type": "Feature", "properties": { "GEOID": "370810160061", "tract": "160.06", "bg": "1", "score": 0.331, "cat": "Moderate Vitality", "pop": 1485, "pri": 0, "c0": 1.3, "c1": 78.0, "c2": 305700, "c3": 5.4, "c4": 21.1, "c5": 11.5, "c6": 0.0, "c7": 95, "c8": 74.4, "c9": 32 }, "geometry": { "type": "Polygon", "coordinates": [ [ [ -79.903190000375588, 36.127642000146423 ], [ -79.90416000032107, 36.125601000061927 ], [ -79.900528000236278, 36.124190999661145 ], [ -79.895024999857512, 36.124490000334063 ], [ -79.892627000207156, 36.123449999930997 ], [ -79.891790000331085, 36.122368999673135 ], [ -79.89191300035472, 36.117347999845471 ], [ -79.889956999671924, 36.117040999737632 ], [ -79.886206999586349, 36.118814000116537 ], [ -79.8851820002876, 36.119877000332039 ], [ -79.881315000026163, 36.126134000073861 ], [ -79.880649999679207, 36.127528999860445 ], [ -79.880526999655572, 36.128903000295089 ], [ -79.879666000388355, 36.129979000035782 ], [ -79.877789000246594, 36.13033600013712 ], [ -79.875085000274495, 36.12968200031154 ], [ -79.871609999650218, 36.130294000252178 ], [ -79.869836000338935, 36.131228999713684 ], [ -79.869885999669336, 36.134278999737155 ], [ -79.868761999738055, 36.135146999986929 ], [ -79.865774999908751, 36.136313999953266 ], [ -79.863912000010671, 36.136539999732371 ], [ -79.861683000414743, 36.136221999998 ], [ -79.860751999928993, 36.136666999900427 ], [ -79.863966000437358, 36.140054000269387 ], [ -79.865450000218743, 36.138204000209221 ], [ -79.870696999606139, 36.135472000092449 ], [ -79.871838000154156, 36.133348000136735 ], [ -79.872923999552285, 36.132485999706169 ], [ -79.87996699978892, 36.131188000102739 ], [ -79.88419200025065, 36.132335999977087 ], [ -79.886947000276365, 36.132371000302285 ], [ -79.886441999763008, 36.141024000334632 ], [ -79.891038999770387, 36.141307000243167 ], [ -79.893468000281203, 36.140654000116591 ], [ -79.895561000333018, 36.140605000041184 ], [ -79.896066999773012, 36.132061000091944 ], [ -79.899661000222963, 36.130197999808843 ], [ -79.903190000375588, 36.127642000146423 ] ] ] } },
{ "type": "Feature", "properties": { "GEOID": "370810160112", "tract": "160.11", "bg": "2", "score": -0.054, "cat": "Moderate Vitality", "pop": 2671, "pri": 0, "c0": 7.1, "c1": 13.1, "c2": 170200, "c3": 3.1, "c4": 24.3, "c5": 10.8, "c6": 0.0, "c7": 245, "c8": 65.4, "c9": 97 }, "geometry": { "type": "Polygon", "coordinates": [ [ [ -79.96672499994844, 36.097080999770277 ], [ -79.966305999648782, 36.093160000114558 ], [ -79.965532000420211, 36.091252000281656 ], [ -79.960963999826816, 36.083683000094915 ], [ -79.959683000435021, 36.080736000355621 ], [ -79.938396000439667, 36.073921000074975 ], [ -79.907616999605366, 36.062594000292229 ], [ -79.902585000303105, 36.068697999717841 ], [ -79.899689999636962, 36.07152599974134 ], [ -79.89781099984539, 36.075543000155285 ], [ -79.897606999630881, 36.076695000057086 ], [ -79.898516000375309, 36.076719000193251 ], [ -79.915572000061161, 36.075575000319958 ], [ -79.91475199990353, 36.08565399973687 ], [ -79.914729000337303, 36.097783000160284 ], [ -79.914361000091262, 36.100613999888736 ], [ -79.92047299984219, 36.09732799968166 ], [ -79.930914999636784, 36.090269999891319 ], [ -79.931042999683314, 36.08912199985177 ], [ -79.929829000238684, 36.086621999712328 ], [ -79.929551000404331, 36.084964999820862 ], [ -79.93039800032615, 36.082445999679393 ], [ -79.931326000438844, 36.081010999928779 ], [ -79.948437000376273, 36.090682000250943 ], [ -79.951461999840461, 36.091921000149043 ], [ -79.953887000153287, 36.092193999936761 ], [ -79.953737000365464, 36.096675999763434 ], [ -79.956864999761791, 36.098554000205034 ], [ -79.957754000414724, 36.097410000130026 ], [ -79.958444999802623, 36.097495999941884 ], [ -79.958676999606226, 36.095980999905748 ], [ -79.962747000257238, 36.096595999748232 ], [ -79.961137999904082, 36.103909999832133 ], [ -79.959569999558795, 36.104962000042491 ], [ -79.956695999707392, 36.105450999725122 ], [ -79.955401000071888, 36.106954000255314 ], [ -79.964154999870644, 36.109453000177183 ], [ -79.96672499994844, 36.097080999770277 ] ] ] } },
{ "type": "Feature", "properties": { "GEOID": "370810162041", "tract": "162.04", "bg": "1", "score": 1.031, "cat": "High Vitality", "pop": 4482, "pri": 0, "c0": 0.5, "c1": 87.5, "c2": 418600, "c3": 1.5, "c4": 21.0, "c5": 4.7, "c6": 0.0, "c7": 54, "c8": 82.8, "c9": 102 }, "geometry": { "type": "Polygon", "coordinates": [ [ [ -80.020847999946611, 36.039695999641488 ], [ -80.019601999816601, 36.036795000352939 ], [ -80.017863999592024, 36.037457000340403 ], [ -80.010930999858545, 36.038027999925163 ], [ -80.006190999736006, 36.03896299978112 ], [ -80.002233999961192, 36.038903999932693 ], [ -79.99604000019454, 36.040550000158767 ], [ -79.993812000423503, 36.04357199978066 ], [ -79.988668000069922, 36.048517999859989 ], [ -79.984131000336987, 36.052231999691649 ], [ -79.983570999572024, 36.053561999959427 ], [ -79.983189999805504, 36.057773000077923 ], [ -79.981095999928755, 36.056829999798069 ], [ -79.972780999622856, 36.05671199996489 ], [ -79.962112000047526, 36.052129999992601 ], [ -79.961892999764402, 36.059419000135712 ], [ -79.95878100026161, 36.074115999860858 ], [ -79.958842000360974, 36.076839000038099 ], [ -79.959683000435021, 36.080736000355621 ], [ -79.996294999564341, 36.092257999765707 ], [ -79.996272999823049, 36.091045000106632 ], [ -79.995102000036113, 36.087900999833451 ], [ -79.991596000348011, 36.083397000335871 ], [ -79.992494000323475, 36.079817000073788 ], [ -79.994449000283041, 36.076670000149527 ], [ -79.997595999945943, 36.073758999784651 ], [ -80.000990000379346, 36.072438000170024 ], [ -80.005247999554726, 36.069726999778716 ], [ -80.009144000128458, 36.062089999785975 ], [ -80.011755000214151, 36.059751999712894 ], [ -80.012329000324513, 36.056625999839618 ], [ -80.011930000116337, 36.053283000035535 ], [ -80.012678000303978, 36.048271999990071 ], [ -80.020222999782618, 36.040919000276013 ], [ -80.020847999946611, 36.039695999641488 ] ] ] } },
{ "type": "Feature", "properties": { "GEOID": "370810164061", "tract": "164.06", "bg": "1", "score": 0.215, "cat": "Moderate Vitality", "pop": 2068, "pri": 0, "c0": 2.2, "c1": 51.0, "c2": 236000, "c3": 2.2, "c4": 21.8, "c5": 9.6, "c6": 0.0, "c7": 178, "c8": 68.0, "c9": 53 }, "geometry": { "type": "Polygon", "coordinates": [ [ [ -79.945587999740894, 36.038482999940427 ], [ -79.945207999799308, 36.037847000021543 ], [ -79.926921999876981, 36.045577999808678 ], [ -79.928275999962011, 36.046366000066413 ], [ -79.932682999998605, 36.046729999804512 ], [ -79.93506399993052, 36.047604000061597 ], [ -79.937008000019446, 36.049448000251338 ], [ -79.938432000424683, 36.052349999705449 ], [ -79.940601999571086, 36.053620999717737 ], [ -79.941503999744512, 36.051238999842518 ], [ -79.941850000249218, 36.0471549998393 ], [ -79.945587999740894, 36.038482999940427 ] ] ] } },
{ "type": "Feature", "properties": { "GEOID": "370810165024", "tract": "165.02", "bg": "4", "score": 0.979, "cat": "High Vitality", "pop": 883, "pri": 0, "c0": 0.0, "c1": 78.1, "c2": 590150, "c3": 4.2, "c4": 20.3, "c5": 7.3, "c6": 0.0, "c7": 75, "c8": 76.9, "c9": 111 }, "geometry": { "type": "Polygon", "coordinates": [ [ [ -79.880766000030178, 36.020074000324293 ], [ -79.880382999715536, 36.019251999943755 ], [ -79.880565000188739, 36.015964999681941 ], [ -79.879663999840218, 36.015737000093992 ], [ -79.877148000189109, 36.013574999897166 ], [ -79.874429000148368, 36.013397999850056 ], [ -79.870555000214239, 36.015263000044222 ], [ -79.865497999899304, 36.015489999735465 ], [ -79.86567500034964, 36.020813999824171 ], [ -79.8728120002976, 36.020021000128764 ], [ -79.875491999980269, 36.020740000332196 ], [ -79.878052999837237, 36.022352999712261 ], [ -79.880766000030178, 36.020074000324293 ] ] ] } },
{ "type": "Feature", "properties": { "GEOID": "370810139004", "tract": "139", "bg": "4", "score": -1.452, "cat": "Very Low Vitality", "pop": 1734, "pri": 1, "c0": 31.0, "c1": 22.0, "c2": 100800, "c3": 9.4, "c4": 34.8, "c5": 16.1, "c6": 1.0, "c7": 390, "c8": 51.5, "c9": 16 }, "geometry": { "type": "Polygon", "coordinates": [ [ [ -79.990715999915906, 35.96340899967538 ], [ -79.991671999617694, 35.9591959997584 ], [ -79.987826999995875, 35.958981999827728 ], [ -79.987635000375263, 35.960414999660046 ], [ -79.98563500020984, 35.960255000319755 ], [ -79.985302000123923, 35.960215000070491 ], [ -79.985328999888097, 35.958854999900467 ], [ -79.978597999820991, 35.958556000026945 ], [ -79.977831000265098, 35.966752999842882 ], [ -79.983111000162793, 35.966228999699993 ], [ -79.990715999915906, 35.96340899967538 ] ] ] } },
{ "type": "Feature", "properties": { "GEOID": "370810140001", "tract": "140", "bg": "1", "score": -1.115, "cat": "Low Vitality", "pop": 1098, "pri": 0, "c0": 25.9, "c1": 9.1, "c2": 113500, "c3": 13.3, "c4": 27.8, "c5": 16.5, "c6": 1.0, "c7": 268, "c8": 58.1, "c9": 57 }, "geometry": { "type": "Polygon", "coordinates": [ [ [ -80.02544599977891, 35.958267999873712 ], [ -80.024838000231682, 35.956228000173354 ], [ -80.024890000110219, 35.954275999815792 ], [ -80.022480999690899, 35.954208000340536 ], [ -80.022510999828128, 35.953565999714705 ], [ -80.019453999678603, 35.952888000341559 ], [ -80.017909999622773, 35.952132999970708 ], [ -80.018058999585676, 35.951504000071658 ], [ -80.016036999678974, 35.951483000016388 ], [ -80.015484000383324, 35.951145999924044 ], [ -80.010615000389365, 35.954924000347972 ], [ -80.005728999778668, 35.957700999888893 ], [ -80.009071000333535, 35.961657999953687 ], [ -80.013499000286515, 35.959032000189644 ], [ -80.013048000199817, 35.958552000062305 ], [ -80.014188999849523, 35.958043999998047 ], [ -80.02544599977891, 35.958267999873712 ] ] ] } },
{ "type": "Feature", "properties": { "GEOID": "370810140002", "tract": "140", "bg": "2", "score": -0.707, "cat": "Low Vitality", "pop": 2534, "pri": 0, "c0": 11.6, "c1": 31.4, "c2": 126800, "c3": 4.6, "c4": 27.8, "c5": 16.5, "c6": 1.0, "c7": 268, "c8": 58.1, "c9": 57 }, "geometry": { "type": "Polygon", "coordinates": [ [ [ -80.035259000109903, 35.933197999752196 ], [ -80.035085000032637, 35.931870999788551 ], [ -80.033842000275669, 35.930470999744756 ], [ -80.014639999936222, 35.951691999694468 ], [ -80.015484000383324, 35.951145999924044 ], [ -80.016036999678974, 35.951483000016388 ], [ -80.018058999585676, 35.951504000071658 ], [ -80.017909999622773, 35.952132999970708 ], [ -80.019453999678603, 35.952888000341559 ], [ -80.022510999828128, 35.953565999714705 ], [ -80.022480999690899, 35.954208000340536 ], [ -80.024890000110219, 35.954275999815792 ], [ -80.024838000231682, 35.956228000173354 ], [ -80.026640000030369, 35.956241000258409 ], [ -80.028798000379524, 35.955370000009296 ], [ -80.032356999771082, 35.955207000346817 ], [ -80.033340000135354, 35.952345999662754 ], [ -80.034204999600519, 35.94033399980141 ], [ -80.035259000109903, 35.933197999752196 ] ] ] } },
{ "type": "Feature", "properties": { "GEOID": "370810102003", "tract": "102", "bg": "3", "score": -0.224, "cat": "Moderate Vitality", "pop": 1044, "pri": 0, "c0": 0.0, "c1": 42.7, "c2": 186400, "c3": 4.2, "c4": 25.4, "c5": 10.6, "c6": 1.0, "c7": 223, "c8": 64.5, "c9": 60 }, "geometry": { "type": "Polygon", "coordinates": [ [ [ -79.788553000070792, 36.094048000137825 ], [ -79.787471999797219, 36.093680999991015 ], [ -79.785562999868418, 36.094471999827192 ], [ -79.785433000172077, 36.094896000132501 ], [ -79.78673399965534, 36.09572000027763 ], [ -79.786630999723172, 36.096455999888533 ], [ -79.783863000176964, 36.095542999777933 ], [ -79.78298199991994, 36.097714000089681 ], [ -79.777341000347235, 36.098168000294152 ], [ -79.776445999846516, 36.099453999747936 ], [ -79.774177999892501, 36.100480999788218 ], [ -79.772206000214496, 36.102453000061793 ], [ -79.7693209995941, 36.103259999673391 ], [ -79.768371999565019, 36.104688000204725 ], [ -79.767816999721234, 36.104781000235647 ], [ -79.766611999599135, 36.103962000018946 ], [ -79.764220999621458, 36.105230999742901 ], [ -79.761972999758939, 36.104657999820127 ], [ -79.760955999957787, 36.106457999716604 ], [ -79.764284000268958, 36.108452999989666 ], [ -79.776485000204573, 36.109097000260583 ], [ -79.776209999844951, 36.107223999767662 ], [ -79.776604999855181, 36.106011999721545 ], [ -79.779826000036223, 36.101985999933099 ], [ -79.78793299992968, 36.10272799986943 ], [ -79.788553000070792, 36.094048000137825 ] ] ] } },
{ "type": "Feature", "properties": { "GEOID": "370810106023", "tract": "106.02", "bg": "3", "score": -0.517, "cat": "Low Vitality", "pop": 1519, "pri": 0, "c0": 2.5, "c1": 12.2, "c2": 260445, "c3": 7.5, "c4": 24.6, "c5": 13.3, "c6": 1.0, "c7": 92, "c8": 52.9, "c9": 27 }, "geometry": { "type": "Polygon", "coordinates": [ [ [ -79.825580000200119, 36.067632000120852 ], [ -79.825713000269516, 36.063837000290441 ], [ -79.819039999928719, 36.063729000085225 ], [ -79.818747999850657, 36.069784000057588 ], [ -79.821133999805454, 36.069839999718091 ], [ -79.821221999669007, 36.068642999836619 ], [ -79.823128000123091, 36.068678000227578 ], [ -79.823209000313938, 36.067572000095595 ], [ -79.825580000200119, 36.067632000120852 ] ] ] } },
{ "type": "Feature", "properties": { "GEOID": "370810142001", "tract": "142", "bg": "1", "score": -1.081, "cat": "Low Vitality", "pop": 1114, "pri": 1, "c0": 8.0, "c1": 23.2, "c2": 115100, "c3": 7.3, "c4": 32.3, "c5": 17.8, "c6": 1.0, "c7": 310, "c8": 51.3, "c9": 28 }, "geometry": { "type": "Polygon", "coordinates": [ [ [ -79.987868000003772, 35.948934999878006 ], [ -79.986385000047306, 35.949227000317215 ], [ -79.98412499959089, 35.947434000276523 ], [ -79.980238999961202, 35.946574999907135 ], [ -79.979701999660762, 35.946804000097359 ], [ -79.978844999693194, 35.941312000112525 ], [ -79.975667000068157, 35.942914999725701 ], [ -79.972296000099277, 35.945678999958623 ], [ -79.974646000069058, 35.94954699971855 ], [ -79.975414000348181, 35.95268299972647 ], [ -79.975380999837881, 35.954667000025566 ], [ -79.979818999836624, 35.95308900018339 ], [ -79.986751999570103, 35.953455999845048 ], [ -79.987868000003772, 35.948934999878006 ] ] ] } },
{ "type": "Feature", "properties": { "GEOID": "370810142002", "tract": "142", "bg": "2", "score": -0.993, "cat": "Low Vitality", "pop": 868, "pri": 1, "c0": 0.0, "c1": 66.6, "c2": 106500, "c3": 12.8, "c4": 32.3, "c5": 17.8, "c6": 1.0, "c7": 310, "c8": 51.3, "c9": 28 }, "geometry": { "type": "Polygon", "coordinates": [ [ [ -79.994988000233292, 35.938043000121453 ], [ -79.991655999724145, 35.934955000333154 ], [ -79.978844999693194, 35.941312000112525 ], [ -79.979701999660762, 35.946804000097359 ], [ -79.980238999961202, 35.946574999907135 ], [ -79.98412499959089, 35.947434000276523 ], [ -79.986385000047306, 35.949227000317215 ], [ -79.989534000258331, 35.948435999944458 ], [ -79.989229999586399, 35.945232000152252 ], [ -79.986594000284668, 35.945805999979228 ], [ -79.986747000445547, 35.944825000062082 ], [ -79.988815000383013, 35.942870000111185 ], [ -79.989823999788229, 35.940091999940307 ], [ -79.992437000422058, 35.939925999895642 ], [ -79.994988000233292, 35.938043000121453 ] ] ] } },
{ "type": "Feature", "properties": { "GEOID": "370810142003", "tract": "142", "bg": "3", "score": -0.962, "cat": "Low Vitality", "pop": 893, "pri": 1, "c0": 0.0, "c1": 51.4, "c2": 97000, "c3": 8.8, "c4": 32.3, "c5": 17.8, "c6": 1.0, "c7": 310, "c8": 51.3, "c9": 28 }, "geometry": { "type": "Polygon", "coordinates": [ [ [ -80.000126999665682, 35.946175999917855 ], [ -79.999874999770611, 35.941651000012691 ], [ -79.995098999663057, 35.937929000178556 ], [ -79.992437000422058, 35.939925999895642 ], [ -79.989823999788229, 35.940091999940307 ], [ -79.988815000383013, 35.942870000111185 ], [ -79.986835000309085, 35.944683000146703 ], [ -79.986594000284668, 35.945805999979228 ], [ -79.989229999586399, 35.945232000152252 ], [ -79.989534000258331, 35.948435999944458 ], [ -79.991203999812555, 35.948187999797589 ], [ -79.998830000380366, 35.948536000170527 ], [ -79.998955999878746, 35.946123000245258 ], [ -80.000126999665682, 35.946175999917855 ] ] ] } },
{ "type": "Feature", "properties": { "GEOID": "370810160113", "tract": "160.11", "bg": "3", "score": 0.056, "cat": "Moderate Vitality", "pop": 1459, "pri": 0, "c0": 16.7, "c1": 71.5, "c2": 192400, "c3": 4.5, "c4": 24.3, "c5": 10.8, "c6": 0.0, "c7": 245, "c8": 65.4, "c9": 97 }, "geometry": { "type": "Polygon", "coordinates": [ [ [ -79.90035800035696, 36.070698000034 ], [ -79.899529999803406, 36.067699999852167 ], [ -79.900344000113265, 36.065066000043103 ], [ -79.898159, 36.062807000218598 ], [ -79.894240999684882, 36.060612000336221 ], [ -79.891663999934366, 36.057944999906212 ], [ -79.89014900019086, 36.057026999857626 ], [ -79.88538999980176, 36.05906600012036 ], [ -79.893421000425533, 36.069556000146569 ], [ -79.894213000095775, 36.072806999645792 ], [ -79.893731000046941, 36.076515000254574 ], [ -79.897606999630881, 36.076695000057086 ], [ -79.899378000365743, 36.07207699972188 ], [ -79.90035800035696, 36.070698000034 ] ] ] } },
{ "type": "Feature", "properties": { "GEOID": "370810161011", "tract": "161.01", "bg": "1", "score": 0.693, "cat": "High Vitality", "pop": 2566, "pri": 0, "c0": 5.0, "c1": 86.1, "c2": 367750, "c3": 1.6, "c4": 21.1, "c5": 3.8, "c6": 0.0, "c7": 41, "c8": 70.7, "c9": 46 }, "geometry": { "type": "Polygon", "coordinates": [ [ [ -79.891812999897297, 36.099867000061856 ], [ -79.891374000404454, 36.09469099991442 ], [ -79.888853999657044, 36.089840999875243 ], [ -79.883756000232552, 36.089095000327525 ], [ -79.878898000109245, 36.089316000085972 ], [ -79.871685999818197, 36.092128999762195 ], [ -79.871228000058807, 36.103099999903812 ], [ -79.868456000314623, 36.109425000307404 ], [ -79.868980000196288, 36.113343000290492 ], [ -79.871147999692852, 36.115326999875144 ], [ -79.872372000081555, 36.117481999660384 ], [ -79.87698900018043, 36.116319999724077 ], [ -79.881893000334486, 36.11121099984824 ], [ -79.883548999645001, 36.107675999986732 ], [ -79.887968000275464, 36.10477899997079 ], [ -79.890191000023663, 36.101314999748652 ], [ -79.891812999897297, 36.099867000061856 ] ] ] } },
{ "type": "Feature", "properties": { "GEOID": "370810143001", "tract": "143", "bg": "1", "score": -1.012, "cat": "Low Vitality", "pop": 679, "pri": 1, "c0": 12.0, "c1": 32.5, "c2": 83500, "c3": 8.3, "c4": 33.5, "c5": 11.2, "c6": 1.0, "c7": 311, "c8": 46.2, "c9": 40 }, "geometry": { "type": "Polygon", "coordinates": [ [ [ -80.027262999646226, 35.937836000122495 ], [ -80.02660999989314, 35.937433000069809 ], [ -80.026712000000401, 35.934776999814872 ], [ -80.022378999583651, 35.934574999828179 ], [ -80.022490999736632, 35.930769000272214 ], [ -80.019913999986144, 35.930834999958847 ], [ -80.015562000201129, 35.931503000100626 ], [ -80.015076999779225, 35.933646000103074 ], [ -80.013788999816441, 35.935266999963979 ], [ -80.012767999817328, 35.93549700029282 ], [ -80.012109000216483, 35.93454899979956 ], [ -80.009925999752951, 35.935397000295346 ], [ -80.010057999997443, 35.935678000213834 ], [ -80.006276000124828, 35.936593999654562 ], [ -80.005775999634309, 35.939171000034229 ], [ -80.007492000117594, 35.939015000076999 ], [ -80.008710999585105, 35.941708999888533 ], [ -80.009576999773515, 35.944914999948068 ], [ -80.014075999871608, 35.944382999732213 ], [ -80.014116999879505, 35.943458999648698 ], [ -80.020254999569673, 35.943511999653524 ], [ -80.023758999607949, 35.939611000324561 ], [ -80.024434999825559, 35.940977999644744 ], [ -80.027262999646226, 35.937836000122495 ] ] ] } },
{ "type": "Feature", "properties": { "GEOID": "370810143002", "tract": "143", "bg": "2", "score": -0.898, "cat": "Low Vitality", "pop": 39, "pri": 1, "c0": 0.0, "c1": 0.0, "c2": 103750, "c3": 3.5, "c4": 33.5, "c5": 11.2, "c6": 1.0, "c7": 311, "c8": 46.2, "c9": 40 }, "geometry": { "type": "Polygon", "coordinates": [ [ [ -80.024434999825559, 35.940977999644744 ], [ -80.023852000392679, 35.939543999914456 ], [ -80.020254999569673, 35.943511999653524 ], [ -80.014116999879505, 35.943458999648698 ], [ -80.014075999871608, 35.944382999732213 ], [ -80.003095999951668, 35.945461999846202 ], [ -80.005728999778668, 35.957700999888893 ], [ -80.010615000389365, 35.954924000347972 ], [ -80.013663000318061, 35.952667000131413 ], [ -80.024434999825559, 35.940977999644744 ] ] ] } },
{ "type": "Feature", "properties": { "GEOID": "370810104012", "tract": "104.01", "bg": "2", "score": 0.66, "cat": "High Vitality", "pop": 677, "pri": 0, "c0": 0.0, "c1": 73.3, "c2": 290000, "c3": 1.5, "c4": 18.1, "c5": null, "c6": 0.0, "c7": 128, "c8": 77.1, "c9": 65 }, "geometry": { "type": "Polygon", "coordinates": [ [ [ -79.81680299993684, 36.09600699972389 ], [ -79.811148999945331, 36.088125999970956 ], [ -79.809015999710539, 36.088047000309011 ], [ -79.808032000419672, 36.086804000330865 ], [ -79.806242000316544, 36.085946000051983 ], [ -79.804012999822277, 36.086812999951633 ], [ -79.80224299981063, 36.08675300004046 ], [ -79.801678999746017, 36.093570000018495 ], [ -79.804793999621864, 36.094156000084062 ], [ -79.805055999562668, 36.094498000144583 ], [ -79.808834000135661, 36.094678999686799 ], [ -79.811583000313604, 36.095909999939764 ], [ -79.814238999706816, 36.095600000216102 ], [ -79.815629999601768, 36.094429000093037 ], [ -79.81680299993684, 36.09600699972389 ] ] ] } },
{ "type": "Feature", "properties": { "GEOID": "370810165022", "tract": "165.02", "bg": "2", "score": 0.579, "cat": "High Vitality", "pop": 1868, "pri": 0, "c0": 14.5, "c1": 69.3, "c2": 294400, "c3": 5.2, "c4": 20.3, "c5": 7.3, "c6": 0.0, "c7": 75, "c8": 76.9, "c9": 111 }, "geometry": { "type": "Polygon", "coordinates": [ [ [ -79.894330000271651, 35.989513999811209 ], [ -79.893893000428648, 35.986881000052499 ], [ -79.892838000094358, 35.985610999863042 ], [ -79.892704000200055, 35.983741000121789 ], [ -79.882249999811549, 35.986850999808702 ], [ -79.869372999658339, 35.994190000358671 ], [ -79.859222999941778, 36.001675999925389 ], [ -79.839828000156785, 36.011181000102191 ], [ -79.842106999981468, 36.014016000342401 ], [ -79.843080000299992, 36.013596000147288 ], [ -79.84830900014407, 36.013309000119555 ], [ -79.853661000011783, 36.014100000112862 ], [ -79.856415000212593, 36.015198000245931 ], [ -79.858192999721851, 36.015203999883028 ], [ -79.8603019996672, 36.015810000113483 ], [ -79.870231000349136, 36.015334999959478 ], [ -79.873635999754882, 36.013610000068766 ], [ -79.875861000051202, 36.013395000326106 ], [ -79.876153000129264, 36.011338999656154 ], [ -79.875481999934536, 36.007865999998074 ], [ -79.876295000419475, 36.005864999913861 ], [ -79.87724299972534, 36.00488000002769 ], [ -79.878601999833251, 36.004498000293552 ], [ -79.879707000396252, 36.004737999828976 ], [ -79.881490999753268, 36.005952000183647 ], [ -79.88368799956217, 36.005577000140036 ], [ -79.884438000297934, 36.004674000024281 ], [ -79.884255999824759, 36.002736000320937 ], [ -79.884756000315249, 35.9996359998459 ], [ -79.886410999800873, 35.996465000021566 ], [ -79.889760000028431, 35.994777000028314 ], [ -79.88975599983047, 35.992236000002599 ], [ -79.891256000403686, 35.992536000347279 ], [ -79.892160000226923, 35.990267000104325 ], [ -79.893370000371917, 35.990113999711532 ], [ -79.894330000271651, 35.989513999811209 ] ] ] } },
{ "type": "Feature", "properties": { "GEOID": "370810165023", "tract": "165.02", "bg": "3", "score": 0.828, "cat": "High Vitality", "pop": 3187, "pri": 0, "c0": 2.7, "c1": 68.8, "c2": 403950, "c3": 2.2, "c4": 20.3, "c5": 7.3, "c6": 0.0, "c7": 75, "c8": 76.9, "c9": 111 }, "geometry": { "type": "Polygon", "coordinates": [ [ [ -79.927471999697886, 35.996705000021947 ], [ -79.928605999674886, 35.992375999966264 ], [ -79.927645999775166, 35.990776000111595 ], [ -79.92746800039825, 35.988871999865005 ], [ -79.926545000308423, 35.987209000180691 ], [ -79.926938999595421, 35.986773999881898 ], [ -79.926770000439333, 35.986102999831211 ], [ -79.92379500030556, 35.984947000059165 ], [ -79.924495999739207, 35.981918000089763 ], [ -79.92636500038337, 35.980337999805229 ], [ -79.926701999768952, 35.979191999744202 ], [ -79.92195099977576, 35.975885000224849 ], [ -79.920810999950987, 35.97429700005091 ], [ -79.917764999672102, 35.972804000348624 ], [ -79.913123000357189, 35.975771999954432 ], [ -79.907968999957859, 35.97781399985768 ], [ -79.900543000304907, 35.981769999983385 ], [ -79.892704000200055, 35.983741000121789 ], [ -79.892838000094358, 35.985610999863042 ], [ -79.893893000428648, 35.986881000052499 ], [ -79.894330000271651, 35.989513999811209 ], [ -79.893370000371917, 35.990113999711532 ], [ -79.892160000226923, 35.990267000104325 ], [ -79.891256000403686, 35.992536000347279 ], [ -79.88975599983047, 35.992236000002599 ], [ -79.889760000028431, 35.994777000028314 ], [ -79.886410999800873, 35.996465000021566 ], [ -79.884756000315249, 35.9996359998459 ], [ -79.884255999824759, 36.002736000320937 ], [ -79.884438000297934, 36.004674000024281 ], [ -79.88368799956217, 36.005577000140036 ], [ -79.885192000333362, 36.004810999860709 ], [ -79.890401000085944, 36.004333999645795 ], [ -79.892222999976113, 36.006672000034762 ], [ -79.892141999785267, 36.009246000159187 ], [ -79.894095000094993, 36.00928299985997 ], [ -79.896049000229667, 36.008235999794316 ], [ -79.896484000422859, 36.005020000075596 ], [ -79.899179000174115, 36.005417000053335 ], [ -79.900666000328542, 36.007925999749119 ], [ -79.902140999889085, 36.008108999906788 ], [ -79.898532000268816, 36.012883999824844 ], [ -79.896573000111289, 36.014850000168025 ], [ -79.899543000222195, 36.016661000080695 ], [ -79.911151999605764, 36.005530000016513 ], [ -79.92453900029524, 35.997703000076548 ], [ -79.927471999697886, 35.996705000021947 ] ] ] } },
{ "type": "Feature", "properties": { "GEOID": "370810165031", "tract": "165.03", "bg": "1", "score": null, "cat": null, "pop": 0, "pri": 0, "c0": null, "c1": null, "c2": 202800, "c3": 6.2, "c4": 23.1, "c5": 7.1, "c6": 0.0, "c7": 217, "c8": 63.4, "c9": 52 }, "geometry": { "type": "Polygon", "coordinates": [ [ [ -79.915013999844334, 36.052008000065122 ], [ -79.913684000048747, 36.051132999954575 ], [ -79.902619999564877, 36.055571999739769 ], [ -79.89287400007936, 36.056024999988942 ], [ -79.891233999764069, 36.056561000037249 ], [ -79.907616999605366, 36.062594000292229 ], [ -79.909111000330796, 36.059958000235248 ], [ -79.913437000176543, 36.055724000142874 ], [ -79.913243999832702, 36.055437000349151 ], [ -79.913945999989579, 36.053494999687885 ], [ -79.915013999844334, 36.052008000065122 ] ] ] } },
{ "type": "Feature", "properties": { "GEOID": "370810136022", "tract": "136.02", "bg": "2", "score": -0.535, "cat": "Low Vitality", "pop": 1615, "pri": 0, "c0": 2.0, "c1": 78.6, "c2": 132400, "c3": 11.4, "c4": 27.6, "c5": 15.0, "c6": 1.0, "c7": 232, "c8": 61.0, "c9": 50 }, "geometry": { "type": "Polygon", "coordinates": [ [ [ -80.009194000357184, 35.974112000002911 ], [ -80.011237000180287, 35.973252000060548 ], [ -80.008087000144343, 35.967986999861587 ], [ -80.007236000024548, 35.968294999736166 ], [ -80.001926999814557, 35.968294999736166 ], [ -80.001705999881608, 35.973134000077998 ], [ -80.004598000174695, 35.972398000185621 ], [ -80.004839000199127, 35.973620999773424 ], [ -80.007205999887333, 35.976315000109381 ], [ -80.009194000357184, 35.974112000002911 ] ] ] } },
{ "type": "Feature", "properties": { "GEOID": "370810128031", "tract": "128.03", "bg": "1", "score": -0.216, "cat": "Moderate Vitality", "pop": 2891, "pri": 0, "c0": 5.1, "c1": 50.7, "c2": 191150, "c3": 16.0, "c4": 27.6, "c5": 9.8, "c6": 0.0, "c7": 210, "c8": 70.1, "c9": 76 }, "geometry": { "type": "Polygon", "coordinates": [ [ [ -79.743164999604787, 36.107580000189863 ], [ -79.740657000349586, 36.107151000321643 ], [ -79.737010000196179, 36.107431000144217 ], [ -79.736764000148881, 36.10631499967181 ], [ -79.734659000401479, 36.104021999856762 ], [ -79.731255999747233, 36.10165800003432 ], [ -79.730414999673187, 36.099894999709285 ], [ -79.727769000325708, 36.096571999872936 ], [ -79.72575999993947, 36.097064000206252 ], [ -79.724872000009768, 36.090496999683545 ], [ -79.724974000117001, 36.087164999959903 ], [ -79.725407999586963, 36.086428999728895 ], [ -79.728227999910018, 36.0857099997123 ], [ -79.731557000046124, 36.085896000303755 ], [ -79.740381999989978, 36.08406699993742 ], [ -79.74137500039997, 36.063375999798936 ], [ -79.738093999944468, 36.06267100022648 ], [ -79.73131000017392, 36.060135000242788 ], [ -79.725457999815688, 36.059810999914085 ], [ -79.723310000410578, 36.061789999853787 ], [ -79.723973000209398, 36.06231700032999 ], [ -79.723025999830142, 36.062878000307983 ], [ -79.721151000236517, 36.062999000148992 ], [ -79.72049500011039, 36.063560000347387 ], [ -79.718437000218657, 36.062906000059705 ], [ -79.717104000050014, 36.063830000073182 ], [ -79.717198999586259, 36.065351999665516 ], [ -79.714687999958002, 36.065918999918253 ], [ -79.713680000377678, 36.067924999707948 ], [ -79.711792000365264, 36.067727000188341 ], [ -79.711048000375612, 36.068078999957919 ], [ -79.710235999715565, 36.070107000131436 ], [ -79.709634000016123, 36.070096000355313 ], [ -79.709059000080842, 36.071860000179726 ], [ -79.709919000421479, 36.072184000262844 ], [ -79.709526000061075, 36.072525000255524 ], [ -79.708673000291469, 36.072349000350201 ], [ -79.707631000375983, 36.073113999796981 ], [ -79.708904000270152, 36.074789000222459 ], [ -79.707929000301789, 36.074603000219405 ], [ -79.706547999554274, 36.07514100033579 ], [ -79.702852999720307, 36.077917000343334 ], [ -79.70126900037981, 36.078461000195496 ], [ -79.699957000127569, 36.079498000311091 ], [ -79.696467000333001, 36.080329000180534 ], [ -79.691839000363458, 36.084533999836744 ], [ -79.691230000093014, 36.084353000163041 ], [ -79.690486000103334, 36.085040000319566 ], [ -79.689800999664897, 36.086315000027618 ], [ -79.689757000182297, 36.08762199972675 ], [ -79.688396000424547, 36.08914000001338 ], [ -79.691134999658445, 36.089718000027624 ], [ -79.695041000277939, 36.087850000254811 ], [ -79.699777000202516, 36.087034000318347 ], [ -79.701261999808793, 36.087904000149258 ], [ -79.702175999677763, 36.095929999762873 ], [ -79.70188399959973, 36.098374999854073 ], [ -79.703562000448187, 36.102709999916712 ], [ -79.70563399968529, 36.102053000272882 ], [ -79.713849000432091, 36.102588000048051 ], [ -79.718012000071226, 36.100996000126074 ], [ -79.716261000326142, 36.104783999907042 ], [ -79.715020000219027, 36.108730000005046 ], [ -79.714713999897285, 36.11168599992255 ], [ -79.713717000187614, 36.115175000011995 ], [ -79.7083440004035, 36.120128000156498 ], [ -79.709058000255936, 36.120460000304838 ], [ -79.710947999918176, 36.122888999686992 ], [ -79.712445000118336, 36.122952999908371 ], [ -79.712455999989004, 36.123284999720525 ], [ -79.717017999836301, 36.122915000032656 ], [ -79.718473000203659, 36.121585000051354 ], [ -79.719257000376302, 36.119228000185778 ], [ -79.722572000268684, 36.11903199988523 ], [ -79.722572000268684, 36.118018000261792 ], [ -79.721982000264802, 36.117072999698536 ], [ -79.725596999732844, 36.117043999666514 ], [ -79.727386000011066, 36.115229999996458 ], [ -79.727289999751591, 36.114282999965724 ], [ -79.728406000185259, 36.114325999719604 ], [ -79.729078000204893, 36.113757000176712 ], [ -79.729878000271057, 36.113852999680859 ], [ -79.732228000240852, 36.113078000174788 ], [ -79.732743999726566, 36.111338000358806 ], [ -79.733257999562468, 36.110921999949724 ], [ -79.735273999621398, 36.109868999657998 ], [ -79.736405000123668, 36.110883000002552 ], [ -79.738177999610045, 36.109815000341797 ], [ -79.738695999643909, 36.110248999763428 ], [ -79.740679999915798, 36.109512000103273 ], [ -79.741710000135726, 36.109801000109833 ], [ -79.742874000249969, 36.108965000085341 ], [ -79.743164999604787, 36.107580000189863 ] ] ] } },
{ "type": "Feature", "properties": { "GEOID": "370810145012", "tract": "145.01", "bg": "2", "score": -0.545, "cat": "Low Vitality", "pop": 693, "pri": 0, "c0": 10.4, "c1": 63.6, "c2": 91850, "c3": 4.5, "c4": 28.8, "c5": 9.6, "c6": 1.0, "c7": 298, "c8": 54.8, "c9": 49 }, "geometry": { "type": "Polygon", "coordinates": [ [ [ -80.041581999748004, 35.920469999971004 ], [ -80.026352000150283, 35.919825999653987 ], [ -80.023468000253132, 35.923005000019373 ], [ -80.022740000156986, 35.924652000200304 ], [ -80.023125999946359, 35.934587999839245 ], [ -80.026712000000401, 35.934776999814872 ], [ -80.02660999989314, 35.937433000069809 ], [ -80.027262999646226, 35.937836000122495 ], [ -80.033842000275669, 35.930470999744756 ], [ -80.041581999748004, 35.920469999971004 ] ] ] } },
{ "type": "Feature", "properties": { "GEOID": "370810125081", "tract": "125.08", "bg": "1", "score": 0.845, "cat": "High Vitality", "pop": 558, "pri": 0, "c0": 0.0, "c1": 80.5, "c2": 249750, "c3": 2.7, "c4": 19.3, "c5": 3.3, "c6": 0.0, "c7": 127, "c8": 80.5, "c9": 104 }, "geometry": { "type": "Polygon", "coordinates": [ [ [ -79.846294999734951, 36.117293999866185 ], [ -79.844779999991445, 36.11608899983424 ], [ -79.843980999750187, 36.113238999965581 ], [ -79.841876999827704, 36.113797000165789 ], [ -79.83544700005946, 36.10961600028336 ], [ -79.833291000258441, 36.107403999652732 ], [ -79.83281400023246, 36.1056279996792 ], [ -79.829290000102716, 36.106167000244511 ], [ -79.828327999654832, 36.10767800017782 ], [ -79.827079999875011, 36.108618000160995 ], [ -79.831865000203393, 36.112803000314265 ], [ -79.8364909996248, 36.116247000023947 ], [ -79.83681899968785, 36.116020999866009 ], [ -79.838547999691599, 36.117176000051096 ], [ -79.842926000314208, 36.120644999983853 ], [ -79.84419500001043, 36.118920000219489 ], [ -79.846294999734951, 36.117293999866185 ] ] ] } },
{ "type": "Feature", "properties": { "GEOID": "370810160031", "tract": "160.03", "bg": "1", "score": 1.105, "cat": "High Vitality", "pop": 1998, "pri": 0, "c0": 0.0, "c1": 96.5, "c2": 541650, "c3": 4.9, "c4": 19.8, "c5": 4.3, "c6": 0.0, "c7": 17, "c8": 81.1, "c9": 94 }, "geometry": { "type": "Polygon", "coordinates": [ [ [ -79.954863999771462, 36.152657999842589 ], [ -79.954817999740712, 36.148009000047125 ], [ -79.951579999841215, 36.143512000036004 ], [ -79.950496000092926, 36.143202000313678 ], [ -79.947032000237627, 36.143954999949031 ], [ -79.944432999847507, 36.144041000297207 ], [ -79.943014000363462, 36.143536000075713 ], [ -79.941897000104888, 36.142319000051238 ], [ -79.940753999907045, 36.144606000189562 ], [ -79.940411999600286, 36.147376999947205 ], [ -79.938366000302452, 36.149436999888941 ], [ -79.931343000157284, 36.151600999813716 ], [ -79.922611999924754, 36.150696000328622 ], [ -79.918686000112103, 36.151899000245564 ], [ -79.914611000336521, 36.155509999944748 ], [ -79.904152999750053, 36.163003000152102 ], [ -79.903530000134211, 36.16567300017725 ], [ -79.904254000032395, 36.171243999977534 ], [ -79.902956000023863, 36.174461999722368 ], [ -79.902923000411917, 36.178646999715667 ], [ -79.907306999983973, 36.179791999913732 ], [ -79.908661999893909, 36.178571000240034 ], [ -79.915409999679454, 36.175799000012461 ], [ -79.919841999830425, 36.172210000070081 ], [ -79.927656999645819, 36.170047999733477 ], [ -79.930517999976757, 36.169656000154305 ], [ -79.933986000030018, 36.168364000181363 ], [ -79.936986000278125, 36.168571000315524 ], [ -79.939821999596404, 36.168002000275763 ], [ -79.945294999837955, 36.168569000225723 ], [ -79.945996000169913, 36.164254000280863 ], [ -79.951079000424116, 36.160135999785844 ], [ -79.952352000318299, 36.157508999779246 ], [ -79.954314999775463, 36.154929999883883 ], [ -79.954863999771462, 36.152657999842589 ] ] ] } },
{ "type": "Feature", "properties": { "GEOID": "370810162011", "tract": "162.01", "bg": "1", "score": 0.977, "cat": "High Vitality", "pop": 2320, "pri": 0, "c0": 2.0, "c1": 49.0, "c2": 354400, "c3": 2.4, "c4": 19.3, "c5": 3.8, "c6": 0.0, "c7": 95, "c8": 81.3, "c9": 153 }, "geometry": { "type": "Polygon", "coordinates": [ [ [ -80.040210000119629, 36.105570999983584 ], [ -80.028996999672856, 36.102999000271573 ], [ -80.015820999768906, 36.09839000015868 ], [ -79.959683000435021, 36.080736000355621 ], [ -79.960963999826816, 36.083683000094915 ], [ -79.965532000420211, 36.091252000281656 ], [ -79.966630000412195, 36.094748999778965 ], [ -79.966353000402762, 36.099936999887632 ], [ -79.961803000251038, 36.119717000305613 ], [ -79.961547999982898, 36.123260000120084 ], [ -79.962578000202839, 36.127587999991526 ], [ -79.968090999729043, 36.138887999764307 ], [ -79.971109000418807, 36.13863500030984 ], [ -79.973137000173324, 36.136837000346304 ], [ -79.97548799996801, 36.135455999873209 ], [ -79.979306999650547, 36.134118000285184 ], [ -79.980026000424175, 36.133051000102228 ], [ -79.982804000016117, 36.133861999949175 ], [ -79.984465000247837, 36.134801999908966 ], [ -79.99022100034658, 36.136402999886194 ], [ -79.99247900025486, 36.135858999957968 ], [ -79.994896000171778, 36.13381900001206 ], [ -79.997307000240937, 36.132765999884356 ], [ -79.997869999582321, 36.134092000022754 ], [ -79.998163000383599, 36.137729000234273 ], [ -80.004903999598127, 36.135331999877195 ], [ -80.007390999835266, 36.134749999828742 ], [ -80.009343000320101, 36.134780000325691 ], [ -80.010417999847562, 36.133956000016568 ], [ -80.013976000312496, 36.133977999830805 ], [ -80.017759000010031, 36.130579000014961 ], [ -80.018702000191325, 36.130238999936964 ], [ -80.020647000105143, 36.130311999687393 ], [ -80.023907999570852, 36.128661000135452 ], [ -80.026126000194481, 36.126321999742835 ], [ -80.026224000103767, 36.125698000189182 ], [ -80.025608000160631, 36.125325999797603 ], [ -80.026405999678659, 36.124151999773311 ], [ -80.027588000234545, 36.123124000209891 ], [ -80.030503999918764, 36.1224559996419 ], [ -80.031415000313004, 36.120477999818185 ], [ -80.033072000346735, 36.119100000148563 ], [ -80.035418000118554, 36.11884700003386 ], [ -80.038353999894269, 36.120011000184959 ], [ -80.039735999568379, 36.119587999670451 ], [ -80.040210000119629, 36.105570999983584 ] ] ] } },
{ "type": "Feature", "properties": { "GEOID": "370810163061", "tract": "163.06", "bg": "1", "score": 0.157, "cat": "Moderate Vitality", "pop": 2448, "pri": 0, "c0": 7.9, "c1": 54.9, "c2": 279000, "c3": 3.1, "c4": 23.1, "c5": 17.0, "c6": 0.0, "c7": 107, "c8": 75.4, "c9": 65 }, "geometry": { "type": "Polygon", "coordinates": [ [ [ -79.972992000408368, 36.001039000117956 ], [ -79.972407000427367, 36.000032000030423 ], [ -79.967734000251966, 35.999171999859868 ], [ -79.967320999800108, 35.998100999863155 ], [ -79.963513999813131, 35.99824599975922 ], [ -79.962728999815596, 35.998942999643759 ], [ -79.961626999625636, 35.999189000227041 ], [ -79.961103999568891, 36.000666999972516 ], [ -79.96042200040182, 36.000660999955805 ], [ -79.959158999655074, 35.999436000061358 ], [ -79.95867300030659, 35.997455999901995 ], [ -79.9600759998971, 35.997038000248317 ], [ -79.960294000355304, 35.996411999941181 ], [ -79.957802999920204, 35.99630400028429 ], [ -79.956193999567049, 35.99709900029233 ], [ -79.956248999818641, 35.999132999730392 ], [ -79.955210000276182, 35.999354999986139 ], [ -79.954595000157951, 36.002827000311257 ], [ -79.954758000364578, 36.004082000095011 ], [ -79.956479999797324, 36.006722999908092 ], [ -79.958212999999034, 36.008015999653395 ], [ -79.958912999607762, 36.009778999965505 ], [ -79.95824899998405, 36.013882000021539 ], [ -79.957860999646542, 36.022800000230141 ], [ -79.959131999890886, 36.025649000239525 ], [ -79.963875000386466, 36.030871999732014 ], [ -79.963899999602503, 36.034019999697641 ], [ -79.964456000169506, 36.034627000082196 ], [ -79.972592000375286, 36.024958999652419 ], [ -79.97109199980207, 36.024088999712426 ], [ -79.970042000388972, 36.022466999826747 ], [ -79.969849999870021, 36.019283999747749 ], [ -79.965729999888595, 36.018326000260537 ], [ -79.964112000212921, 36.014327000247143 ], [ -79.963928999914842, 36.012957000306912 ], [ -79.966005000248217, 36.009039000040005 ], [ -79.965268999756162, 36.008819999859327 ], [ -79.965441000183603, 36.00851400027021 ], [ -79.966149000188281, 36.008787000267084 ], [ -79.969871999611343, 36.002119000044708 ], [ -79.970622000347106, 36.001498000059136 ], [ -79.972992000408368, 36.001039000117956 ] ] ] } },
{ "type": "Feature", "properties": { "GEOID": "370810167011", "tract": "167.01", "bg": "1", "score": -0.011, "cat": "Moderate Vitality", "pop": 3262, "pri": 0, "c0": 4.9, "c1": 48.7, "c2": 259700, "c3": 10.2, "c4": 27.7, "c5": 11.8, "c6": 0.0, "c7": 111, "c8": 71.0, "c9": 71 }, "geometry": { "type": "Polygon", "coordinates": [ [ [ -79.836351999707617, 36.008694999987796 ], [ -79.833676000222908, 36.005212999889785 ], [ -79.833121000379123, 36.00137800017567 ], [ -79.831057999566212, 35.996310999963718 ], [ -79.830444000171212, 35.992224000139522 ], [ -79.831356000390358, 35.98612000010769 ], [ -79.827638000091852, 35.985824000115038 ], [ -79.830605999654608, 35.984000000017083 ], [ -79.832045999953351, 35.982642000028626 ], [ -79.833747000368035, 35.97932900022635 ], [ -79.831493999584296, 35.973935000073801 ], [ -79.83133499957566, 35.971218000013408 ], [ -79.829522999731225, 35.96508899964266 ], [ -79.82353200035412, 35.966718999667165 ], [ -79.81302299971405, 35.966343999965403 ], [ -79.812713000092657, 35.969815000112028 ], [ -79.811369000053361, 35.972726999801303 ], [ -79.811848999554073, 35.973223000075031 ], [ -79.811369000053361, 35.97477499977068 ], [ -79.811384999946881, 35.976503000283238 ], [ -79.812569000152607, 35.979543000259575 ], [ -79.811753000192908, 35.985302999952602 ], [ -79.810584999880717, 35.988054999859209 ], [ -79.81026500021359, 35.990263000292643 ], [ -79.808417000384125, 35.991921999834645 ], [ -79.808740000424336, 35.992794000341767 ], [ -79.807463000332177, 35.99485400013883 ], [ -79.807227000330641, 35.996525999782016 ], [ -79.804709000131368, 35.99647699996622 ], [ -79.806361000142232, 36.003389999689226 ], [ -79.805418999785829, 36.008194000065842 ], [ -79.832072999717525, 36.009338999688261 ], [ -79.836351999707617, 36.008694999987796 ] ] ] } },
{ "type": "Feature", "properties": { "GEOID": "370810167012", "tract": "167.01", "bg": "2", "score": 0.257, "cat": "Moderate Vitality", "pop": 1949, "pri": 0, "c0": 2.1, "c1": 75.1, "c2": 222500, "c3": 2.4, "c4": 27.7, "c5": 11.8, "c6": 0.0, "c7": 111, "c8": 71.0, "c9": 71 }, "geometry": { "type": "Polygon", "coordinates": [ [ [ -79.901921999605975, 35.981094999991122 ], [ -79.900226000112497, 35.979025000166629 ], [ -79.898642999698595, 35.97575599994807 ], [ -79.897953000135587, 35.962318000323108 ], [ -79.896226999606583, 35.962352999973888 ], [ -79.88899799959708, 35.963614999827364 ], [ -79.880714999976547, 35.967876999719074 ], [ -79.862384999673296, 35.969791999774827 ], [ -79.85924399985818, 35.971342999665467 ], [ -79.855871000239475, 35.973698999793292 ], [ -79.852799000021335, 35.974239000110025 ], [ -79.841675000161331, 35.978465000013813 ], [ -79.836777999679981, 35.979009000092795 ], [ -79.832454000382356, 35.982177000153264 ], [ -79.830605999654608, 35.984000000017083 ], [ -79.827638000091852, 35.985824000115038 ], [ -79.831356000390358, 35.98612000010769 ], [ -79.830448000369174, 35.992405000182032 ], [ -79.831157000198729, 35.996681000200148 ], [ -79.833193000349155, 36.001635000326623 ], [ -79.833676000222908, 36.005212999889785 ], [ -79.83560500024322, 36.007827999720341 ], [ -79.839828000156785, 36.011181000102191 ], [ -79.859222999941778, 36.001675999925389 ], [ -79.869372999658339, 35.994190000358671 ], [ -79.881027000146091, 35.987391000270826 ], [ -79.890719999928166, 35.984258000305246 ], [ -79.899332000334994, 35.982187999853672 ], [ -79.901921999605975, 35.981094999991122 ] ] ] } },
{ "type": "Feature", "properties": { "GEOID": "370810144092", "tract": "144.09", "bg": "2", "score": -0.173, "cat": "Moderate Vitality", "pop": 2145, "pri": 0, "c0": 9.3, "c1": 67.6, "c2": 178700, "c3": 4.9, "c4": 24.1, "c5": 9.8, "c6": 1.0, "c7": 148, "c8": 73.0, "c9": 21 }, "geometry": { "type": "Polygon", "coordinates": [ [ [ -80.034363999609184, 35.998383999893818 ], [ -80.029980000037114, 35.992805000015736 ], [ -80.027321000270845, 35.993614000242644 ], [ -80.018635000244174, 35.994240000225858 ], [ -80.015214999871489, 35.993818999976135 ], [ -80.012146000026391, 35.992372999642541 ], [ -80.010016999989574, 35.995352999646371 ], [ -80.009399000396598, 35.997828999970594 ], [ -80.010283000128339, 36.00435400022161 ], [ -80.014906999899907, 36.002599999764399 ], [ -80.018682000099844, 35.999875000358522 ], [ -80.023122999573317, 35.99833099964949 ], [ -80.023614999667899, 35.999491000325222 ], [ -80.026886000077681, 35.996343999689948 ], [ -80.02880599987715, 35.997844999862032 ], [ -80.033539000326982, 35.999444000207838 ], [ -80.034363999609184, 35.998383999893818 ] ] ] } },
{ "type": "Feature", "properties": { "GEOID": "370810161021", "tract": "161.02", "bg": "1", "score": -0.491, "cat": "Low Vitality", "pop": 1805, "pri": 0, "c0": 1.3, "c1": 8.0, "c2": 283600, "c3": 12.5, "c4": 24.6, "c5": 10.5, "c6": 1.0, "c7": 202, "c8": 58.5, "c9": 60 }, "geometry": { "type": "Polygon", "coordinates": [ [ [ -79.915526000030411, 36.075764000255333 ], [ -79.914582999849102, 36.075540000093817 ], [ -79.902633999808586, 36.076287000252137 ], [ -79.902858999939497, 36.081298000086512 ], [ -79.904257000405465, 36.081403999993718 ], [ -79.904305000086026, 36.083604999999856 ], [ -79.905475000048042, 36.086221999919623 ], [ -79.905434999865079, 36.088070999883918 ], [ -79.91463999975052, 36.089378000149701 ], [ -79.915526000030411, 36.075764000255333 ] ] ] } },
{ "type": "Feature", "properties": { "GEOID": "370810172003", "tract": "172", "bg": "3", "score": 0.79, "cat": "High Vitality", "pop": 3127, "pri": 0, "c0": 0.0, "c1": 96.2, "c2": 318000, "c3": 2.9, "c4": 22.6, "c5": 7.6, "c6": 0.0, "c7": 37, "c8": 72.9, "c9": 105 }, "geometry": { "type": "Polygon", "coordinates": [ [ [ -79.619446000336495, 36.011722000259148 ], [ -79.622074000140614, 36.009669999833328 ], [ -79.620838000056352, 36.007505999806256 ], [ -79.619998999632131, 36.006602999982675 ], [ -79.613321000166792, 36.003240999923591 ], [ -79.610645999608678, 36.0014359997909 ], [ -79.605598000412897, 35.999824999703009 ], [ -79.602261999705789, 35.995328000069499 ], [ -79.599550000236093, 35.993641999911475 ], [ -79.597104999831743, 35.991195999762233 ], [ -79.591936000262152, 35.987179000061616 ], [ -79.588754000439138, 35.983636999983545 ], [ -79.588078000221529, 35.980301000335992 ], [ -79.588069000000701, 35.976393999958596 ], [ -79.587571000058333, 35.97527899995071 ], [ -79.58207900044853, 35.977353999923373 ], [ -79.574775999920888, 35.98274899998728 ], [ -79.573707000241214, 35.983997000101702 ], [ -79.567971000233939, 35.98783500011109 ], [ -79.564421999989818, 35.988889999696895 ], [ -79.560631999721281, 35.988745000045782 ], [ -79.556253000172092, 35.991508999793872 ], [ -79.550391999593032, 35.985688000197946 ], [ -79.541949999963833, 35.991919000220484 ], [ -79.53988700004922, 35.993970999636659 ], [ -79.539277999778776, 36.063038999833509 ], [ -79.553267999992585, 36.061147999641491 ], [ -79.573128999932877, 36.062712000019246 ], [ -79.59221300027157, 36.060689999998793 ], [ -79.608630000448059, 36.060167000140083 ], [ -79.606992999607499, 36.057428000011022 ], [ -79.605735999606836, 36.056582999741714 ], [ -79.602834000166325, 36.055629000106912 ], [ -79.599342999648528, 36.051996999937337 ], [ -79.59889599975979, 36.050228000190543 ], [ -79.599372999785771, 36.044064999975667 ], [ -79.596307000313715, 36.038722000343334 ], [ -79.592964999758834, 36.034176999649617 ], [ -79.592712999863764, 36.032840999771203 ], [ -79.598287000387657, 36.026007000300588 ], [ -79.598822999964852, 36.023114999944781 ], [ -79.600326000012814, 36.021052000330776 ], [ -79.601439999898332, 36.013009000320352 ], [ -79.606311000440414, 36.013898000288783 ], [ -79.613794999819717, 36.0136839997161 ], [ -79.619446000336495, 36.011722000259148 ] ] ] } },
{ "type": "Feature", "properties": { "GEOID": "370810155001", "tract": "155", "bg": "1", "score": -0.181, "cat": "Moderate Vitality", "pop": 1280, "pri": 0, "c0": 2.8, "c1": 95.0, "c2": 240800, "c3": 12.6, "c4": 26.8, "c5": 15.6, "c6": 0.0, "c7": 226, "c8": 67.4, "c9": 44 }, "geometry": { "type": "Polygon", "coordinates": [ [ [ -79.754604000007362, 36.155342999986878 ], [ -79.757739999799611, 36.145515000211766 ], [ -79.755854000335319, 36.146066999681352 ], [ -79.754153999745569, 36.147704000066554 ], [ -79.747084999569665, 36.146476000178659 ], [ -79.745670000283567, 36.145738000044624 ], [ -79.744818000338881, 36.143754999736416 ], [ -79.745984000102951, 36.138696999898912 ], [ -79.744912999875112, 36.130894999799729 ], [ -79.745206999602999, 36.130324000275955 ], [ -79.744862999646401, 36.12993799977184 ], [ -79.715828999607709, 36.169963999677911 ], [ -79.708481999597453, 36.181550000207352 ], [ -79.709911000025556, 36.181884999639614 ], [ -79.711619000112918, 36.180571999822348 ], [ -79.713531000414761, 36.180389999740683 ], [ -79.7141740001221, 36.18073600001977 ], [ -79.71416099970331, 36.182302000043805 ], [ -79.715510999590393, 36.183570999802654 ], [ -79.71649399995465, 36.18379699970685 ], [ -79.717685999657974, 36.183207999958469 ], [ -79.719022000199658, 36.183470999893586 ], [ -79.719997999992927, 36.184822999894784 ], [ -79.718867000388968, 36.185038000180747 ], [ -79.718777999802199, 36.185692000285684 ], [ -79.719707999564704, 36.186862000107148 ], [ -79.720895000143472, 36.187564999968501 ], [ -79.720366000238954, 36.188362000151329 ], [ -79.720516000026791, 36.189384000150326 ], [ -79.72492399988829, 36.191588000225408 ], [ -79.726001999788792, 36.181813999784353 ], [ -79.7274939999661, 36.178814000059916 ], [ -79.752777999919232, 36.158292000075193 ], [ -79.754604000007362, 36.155342999986878 ] ] ] } },
{ "type": "Feature", "properties": { "GEOID": "370810170001", "tract": "170", "bg": "1", "score": 0.578, "cat": "High Vitality", "pop": 1956, "pri": 0, "c0": 0.0, "c1": 97.1, "c2": 237600, "c3": 3.3, "c4": 20.9, "c5": 10.8, "c6": 0.0, "c7": 25, "c8": 73.7, "c9": 64 }, "geometry": { "type": "Polygon", "coordinates": [ [ [ -79.696392999814847, 35.958004999899586 ], [ -79.693332000365672, 35.954344999822325 ], [ -79.690888999611147, 35.950257000307097 ], [ -79.672069999586355, 35.907365000107831 ], [ -79.670774000125931, 35.905087000282435 ], [ -79.637775999741436, 35.903763999954997 ], [ -79.638092999933846, 35.907316999986747 ], [ -79.63786600015311, 35.910480000183057 ], [ -79.636347000211643, 35.91265899973056 ], [ -79.635759999682506, 35.914629000007103 ], [ -79.633768999737924, 35.915892000001499 ], [ -79.633280999841276, 35.917839000336699 ], [ -79.631680999708962, 35.919605999681558 ], [ -79.629715999703663, 35.920301000037185 ], [ -79.624676999830371, 35.920483999682396 ], [ -79.622489000242311, 35.919699999658711 ], [ -79.617477000133221, 35.918934999951091 ], [ -79.619254999642465, 35.922029 ], [ -79.623918999597024, 35.928031000165085 ], [ -79.624413000239741, 35.930466999813014 ], [ -79.620039999640014, 35.933052999643614 ], [ -79.62095799970696, 35.93379900010568 ], [ -79.621440999580713, 35.935957999765463 ], [ -79.625383000185224, 35.941575999683742 ], [ -79.630703000265882, 35.945871000231477 ], [ -79.631521999700311, 35.947385999747041 ], [ -79.63868700013569, 35.947729000284362 ], [ -79.638220000155442, 35.955179000130009 ], [ -79.636241999731354, 35.958165000162332 ], [ -79.633151999969868, 35.964453999808093 ], [ -79.628718999994007, 35.968536000046448 ], [ -79.625204999909982, 35.970380999976946 ], [ -79.620587999811093, 35.975070000169971 ], [ -79.619801999988638, 35.976432000115501 ], [ -79.621726999810974, 35.976846000142615 ], [ -79.624829999991249, 35.978897999763809 ], [ -79.629577999611385, 35.980657999638588 ], [ -79.635245000021683, 35.982239999804463 ], [ -79.64061100013312, 35.982486999647712 ], [ -79.640170999917075, 35.988026000224878 ], [ -79.639635000339851, 35.989308999792698 ], [ -79.638990000084377, 35.989762999698684 ], [ -79.635171000401854, 35.990388000309352 ], [ -79.633768999737924, 35.989689000132387 ], [ -79.625861999861016, 35.988465000065567 ], [ -79.624737999929749, 35.991649000320955 ], [ -79.624356000338324, 35.995317000020613 ], [ -79.625855000188324, 35.997813000075965 ], [ -79.625118999696269, 36.000894000269916 ], [ -79.626006999625957, 36.003527000303137 ], [ -79.624433000331223, 36.007061000315005 ], [ -79.622074000140614, 36.009669999833328 ], [ -79.624089000374653, 36.011945999669699 ], [ -79.625149999658404, 36.015110000187626 ], [ -79.628161999602085, 36.014290000007357 ], [ -79.628636000153307, 36.012959999847489 ], [ -79.629435000394579, 36.012483000251386 ], [ -79.633012000227794, 36.013412999647784 ], [ -79.632945000280642, 36.01173099974816 ], [ -79.63380499972294, 36.010858000203413 ], [ -79.634014999785222, 36.009764000202942 ], [ -79.636444000296024, 36.009545999746386 ], [ -79.637336000423701, 36.009969000102217 ], [ -79.638398000430698, 36.00928299985997 ], [ -79.63955599979883, 36.006760999991727 ], [ -79.639915999648935, 36.004600999865715 ], [ -79.638975999840682, 36.003815000297763 ], [ -79.636257999624874, 36.002879999714118 ], [ -79.635399999832401, 36.001912000108426 ], [ -79.636408000311008, 36.001479000204839 ], [ -79.639057999856448, 36.002442000137783 ], [ -79.640283000070056, 36.001996999681062 ], [ -79.642366000076137, 36.002284000194564 ], [ -79.643421000410441, 36.001262000090549 ], [ -79.643658000236911, 36.000135000348962 ], [ -79.642385000342713, 35.998135000328851 ], [ -79.641412000024189, 35.997613000028956 ], [ -79.642197000021753, 35.99681600001135 ], [ -79.642913000422325, 35.99770700023776 ], [ -79.643698000419874, 35.997827999931872 ], [ -79.644887999575047, 35.996455000187396 ], [ -79.645692999664092, 35.996294999761083 ], [ -79.64615899981942, 35.997499000305751 ], [ -79.647564999782986, 35.997708000278074 ], [ -79.648424000298689, 35.997115000331803 ], [ -79.647208000305923, 35.995977000239634 ], [ -79.648168000205658, 35.994933999673748 ], [ -79.649190000029662, 35.994889999975911 ], [ -79.650175999868665, 35.99671499982442 ], [ -79.651507000387497, 35.997347000176241 ], [ -79.652474999784829, 35.997315000188173 ], [ -79.652515999792712, 35.99675399969604 ], [ -79.650035000301671, 35.994587999702709 ], [ -79.649015000127477, 35.992763000063086 ], [ -79.650848999713219, 35.991290999745189 ], [ -79.654167999803562, 35.991996000213632 ], [ -79.654520000156069, 35.991314000358926 ], [ -79.653033000001656, 35.990582999852784 ], [ -79.65324999973663, 35.988444999821304 ], [ -79.655799999722944, 35.986764999725054 ], [ -79.656333999650343, 35.98676999989307 ], [ -79.656969999684975, 35.987511999798819 ], [ -79.658835000131177, 35.987089999810884 ], [ -79.658632999566478, 35.986183000245191 ], [ -79.657429999992502, 35.984923999769876 ], [ -79.656998000172365, 35.983170999931659 ], [ -79.659034000322805, 35.981379999739005 ], [ -79.660542000393605, 35.98127100033448 ], [ -79.660961999619872, 35.979930000062211 ], [ -79.660251999965382, 35.979165999859319 ], [ -79.662192999681253, 35.977890999804409 ], [ -79.663808999707115, 35.975880999684051 ], [ -79.663680999660585, 35.975588999642923 ], [ -79.661118999978711, 35.975406999957137 ], [ -79.662005000258603, 35.973155000192534 ], [ -79.666407000272329, 35.972594999830733 ], [ -79.666933999628711, 35.971188000358254 ], [ -79.669726000362658, 35.971953000362447 ], [ -79.670834000400419, 35.971666999645308 ], [ -79.671626000070646, 35.970348000296624 ], [ -79.67165899968262, 35.969403000358454 ], [ -79.6707139998515, 35.968474000045944 ], [ -79.673261000363084, 35.969244000000337 ], [ -79.672679999681719, 35.968453000140308 ], [ -79.673594000449015, 35.966749000293426 ], [ -79.674776999931495, 35.967567999972715 ], [ -79.67520200007894, 35.968990999908939 ], [ -79.676284000177418, 35.968639999726925 ], [ -79.677136000122104, 35.967349000246067 ], [ -79.676310999941592, 35.965891999993538 ], [ -79.67641200022392, 35.965045999752093 ], [ -79.678230999741061, 35.963639000254886 ], [ -79.68015100043884, 35.963337000342598 ], [ -79.681144999775441, 35.960902999790406 ], [ -79.68202400038264, 35.960770999683092 ], [ -79.682489999639643, 35.96135400018877 ], [ -79.682232999721705, 35.963265999966872 ], [ -79.68257699967829, 35.963491000047355 ], [ -79.683895999603223, 35.962969000304057 ], [ -79.685320999833365, 35.961249999636969 ], [ -79.687838000207719, 35.959861000035303 ], [ -79.688674000258914, 35.959637000314856 ], [ -79.690973000175049, 35.960211000189886 ], [ -79.692966999594375, 35.958842000245653 ], [ -79.695508000258187, 35.958556999836304 ], [ -79.696392999814847, 35.958004999899586 ] ] ] } },
{ "type": "Feature", "properties": { "GEOID": "370810125051", "tract": "125.05", "bg": "1", "score": 1.174, "cat": "Very High Vitality", "pop": 1232, "pri": 0, "c0": 1.4, "c1": 98.4, "c2": 407700, "c3": 2.2, "c4": 15.0, "c5": 3.3, "c6": 0.0, "c7": 29, "c8": 89.3, "c9": 71 }, "geometry": { "type": "Polygon", "coordinates": [ [ [ -79.8804379999671, 36.08922400022918 ], [ -79.878826999964133, 36.087013000050682 ], [ -79.87281300012252, 36.082863999955748 ], [ -79.871707999559504, 36.078232000282654 ], [ -79.869603999637022, 36.07830999989983 ], [ -79.868308000176626, 36.07913099975012 ], [ -79.864661000023219, 36.079956000082205 ], [ -79.860587999897461, 36.080288000131674 ], [ -79.86384800043659, 36.085102000126078 ], [ -79.864823000404925, 36.085607999856833 ], [ -79.863080999982387, 36.087898000243477 ], [ -79.863172000218981, 36.091159000207377 ], [ -79.866016999758074, 36.091438999676505 ], [ -79.868914999898948, 36.092354999702053 ], [ -79.87122200021102, 36.092215999838466 ], [ -79.878253999678677, 36.08944900020937 ], [ -79.8804379999671, 36.08922400022918 ] ] ] } },
{ "type": "Feature", "properties": { "GEOID": "370810125114", "tract": "125.11", "bg": "4", "score": 1.239, "cat": "Very High Vitality", "pop": 820, "pri": 0, "c0": 0.0, "c1": 100.0, "c2": 373100, "c3": 1.3, "c4": 16.1, "c5": 4.9, "c6": 0.0, "c7": 23, "c8": 91.3, "c9": 100 }, "geometry": { "type": "Polygon", "coordinates": [ [ [ -79.871291999632916, 36.102625000165077 ], [ -79.871685999818197, 36.092128999762195 ], [ -79.868914999898948, 36.092354999702053 ], [ -79.866016999758074, 36.091438999676505 ], [ -79.858656000402419, 36.090792999946828 ], [ -79.858554000295186, 36.093213999990539 ], [ -79.863584999772542, 36.093748999700551 ], [ -79.864394000059534, 36.094287000196118 ], [ -79.863726000237847, 36.09506099974255 ], [ -79.866188000360609, 36.096519999876115 ], [ -79.866554000058514, 36.096108999876542 ], [ -79.868741999646588, 36.097886999899771 ], [ -79.867417999698773, 36.100180000219247 ], [ -79.867438999615175, 36.102603000274172 ], [ -79.871291999632916, 36.102625000165077 ] ] ] } },
{ "type": "Feature", "properties": { "GEOID": "370810126042", "tract": "126.04", "bg": "2", "score": -0.401, "cat": "Low Vitality", "pop": 798, "pri": 0, "c0": 5.8, "c1": 62.6, "c2": 169050, "c3": 8.2, "c4": 30.3, "c5": 7.8, "c6": 1.0, "c7": 192, "c8": 57.4, "c9": 52 }, "geometry": { "type": "Polygon", "coordinates": [ [ [ -79.82528399992411, 36.047332999725853 ], [ -79.826629999613232, 36.046629999804694 ], [ -79.825813999653548, 36.045928000297621 ], [ -79.825965000164601, 36.040738999974209 ], [ -79.817081999596098, 36.040430999665638 ], [ -79.815694999899108, 36.039952999791524 ], [ -79.815643999845491, 36.040362000115266 ], [ -79.810269000411552, 36.040360999889749 ], [ -79.809959999716739, 36.044043999856477 ], [ -79.808610999654576, 36.044059000357251 ], [ -79.808398000117549, 36.046713000249262 ], [ -79.81111499961014, 36.047392999931489 ], [ -79.811908999828532, 36.045838000113008 ], [ -79.814759000288831, 36.043938999902743 ], [ -79.815401000171249, 36.044812999911777 ], [ -79.81544800002689, 36.046397000329158 ], [ -79.822039000351921, 36.046445000196449 ], [ -79.822312000163407, 36.047040999863725 ], [ -79.82528399992411, 36.047332999725853 ] ] ] } },
{ "type": "Feature", "properties": { "GEOID": "370810108002", "tract": "108", "bg": "2", "score": 0.291, "cat": "Moderate Vitality", "pop": 251, "pri": 0, "c0": 0.0, "c1": 24.8, "c2": 306700, "c3": 2.3, "c4": 23.6, "c5": null, "c6": 0.0, "c7": 287, "c8": 57.8, "c9": 151 }, "geometry": { "type": "Polygon", "coordinates": [ [ [ -79.789796999652637, 36.078682999819918 ], [ -79.790878999751115, 36.064627999768803 ], [ -79.78686099987695, 36.064668000077404 ], [ -79.787923999708852, 36.06655100003271 ], [ -79.789163000166141, 36.066948999912078 ], [ -79.789947000338799, 36.067833000235176 ], [ -79.785419999753273, 36.069765999821115 ], [ -79.784305999867755, 36.07099899996085 ], [ -79.784201000285762, 36.07211100021491 ], [ -79.785704000333723, 36.079400000026261 ], [ -79.786595999563076, 36.079337000349099 ], [ -79.787122999817768, 36.077915000120726 ], [ -79.789796999652637, 36.078682999819918 ] ] ] } },
{ "type": "Feature", "properties": { "GEOID": "370810111021", "tract": "111.02", "bg": "1", "score": -0.771, "cat": "Low Vitality", "pop": 1507, "pri": 0, "c0": 6.1, "c1": 60.5, "c2": 160500, "c3": 11.5, "c4": 30.9, "c5": 13.3, "c6": 1.0, "c7": 271, "c8": 63.9, "c9": 10 }, "geometry": { "type": "Polygon", "coordinates": [ [ [ -79.762190000392224, 36.05278900012371 ], [ -79.761787999811006, 36.046630999950573 ], [ -79.750146999742057, 36.047309000066598 ], [ -79.738602999757475, 36.05093300011994 ], [ -79.735635000194733, 36.052305000028781 ], [ -79.741737999724805, 36.054023999899769 ], [ -79.750305999750722, 36.058116000084844 ], [ -79.750514000163179, 36.057730999885408 ], [ -79.761931999751042, 36.058147000077469 ], [ -79.762190000392224, 36.05278900012371 ] ] ] } },
{ "type": "Feature", "properties": { "GEOID": "370810125031", "tract": "125.03", "bg": "1", "score": 0.599, "cat": "High Vitality", "pop": 1432, "pri": 0, "c0": 6.7, "c1": 66.3, "c2": 246800, "c3": 2.6, "c4": 18.9, "c5": 4.3, "c6": 0.0, "c7": 103, "c8": 80.9, "c9": 56 }, "geometry": { "type": "Polygon", "coordinates": [ [ [ -79.836257999996292, 36.116324999651368 ], [ -79.829388000012003, 36.110893999877952 ], [ -79.827079999875011, 36.108618000160995 ], [ -79.825888000171688, 36.108957000177533 ], [ -79.820363000051614, 36.109060000288814 ], [ -79.819947000125012, 36.109128999829856 ], [ -79.820990999690324, 36.11252500011512 ], [ -79.817614999698563, 36.112728000185207 ], [ -79.818222000319196, 36.115983000263633 ], [ -79.81708599979406, 36.11628800018201 ], [ -79.81741600040526, 36.117478999748293 ], [ -79.817223999886323, 36.118773999780373 ], [ -79.817830999608631, 36.119195999651801 ], [ -79.821326000324405, 36.118837999727951 ], [ -79.821871999947334, 36.119684000028336 ], [ -79.82287200003006, 36.119568000064895 ], [ -79.829779999649162, 36.117016000326039 ], [ -79.836257999996292, 36.116324999651368 ] ] ] } },
{ "type": "Feature", "properties": { "GEOID": "370810125032", "tract": "125.03", "bg": "2", "score": 0.535, "cat": "High Vitality", "pop": 912, "pri": 0, "c0": 9.5, "c1": 62.4, "c2": 312500, "c3": 5.9, "c4": 18.9, "c5": 4.3, "c6": 0.0, "c7": 103, "c8": 80.9, "c9": 56 }, "geometry": { "type": "Polygon", "coordinates": [ [ [ -79.821871999947334, 36.119684000028336 ], [ -79.821326000324405, 36.118837999727951 ], [ -79.817830999608631, 36.119195999651801 ], [ -79.817223999886323, 36.118773999780373 ], [ -79.81741600040526, 36.117478999748293 ], [ -79.81708599979406, 36.11628800018201 ], [ -79.818222000319196, 36.115983000263633 ], [ -79.817614999698563, 36.112728000185207 ], [ -79.820990999690324, 36.11252500011512 ], [ -79.819947000125012, 36.109128999829856 ], [ -79.816876999556683, 36.109890000349729 ], [ -79.812515999550854, 36.109849999822188 ], [ -79.812734000009044, 36.121894000362261 ], [ -79.810810000011614, 36.123019999778116 ], [ -79.811891000285186, 36.124781999998852 ], [ -79.814775000182351, 36.123842999642463 ], [ -79.816295999773644, 36.121185999654365 ], [ -79.817083000319329, 36.120526000193308 ], [ -79.821871999947334, 36.119684000028336 ] ] ] } },
{ "type": "Feature", "properties": { "GEOID": "370810125041", "tract": "125.04", "bg": "1", "score": -0.127, "cat": "Moderate Vitality", "pop": 1197, "pri": 0, "c0": 9.6, "c1": 61.3, "c2": 307200, "c3": 7.0, "c4": 24.5, "c5": 8.5, "c6": 1.0, "c7": 124, "c8": 67.1, "c9": 32 }, "geometry": { "type": "Polygon", "coordinates": [ [ [ -79.871587000084006, 36.078263000335248 ], [ -79.870679000062808, 36.074068999967906 ], [ -79.866211999751755, 36.07395600029556 ], [ -79.865552000325991, 36.075457000283642 ], [ -79.863397000349877, 36.076243000239273 ], [ -79.861557000018038, 36.078135000343622 ], [ -79.860264000032373, 36.077909999927016 ], [ -79.859749000371565, 36.076860000119161 ], [ -79.856139999852985, 36.07624099997409 ], [ -79.852646999685362, 36.074885000145571 ], [ -79.850033999949858, 36.076490000289809 ], [ -79.847546999712733, 36.076507999713449 ], [ -79.84731599973405, 36.077978999958617 ], [ -79.848017999890928, 36.078184000200523 ], [ -79.849084999920777, 36.079544000135975 ], [ -79.851819000030105, 36.081332999927852 ], [ -79.85215499959078, 36.083121999670205 ], [ -79.853041999695577, 36.083352999945575 ], [ -79.853307999834357, 36.082475999832319 ], [ -79.854256999863452, 36.081899999687927 ], [ -79.854242999619743, 36.081285000286719 ], [ -79.856274999572193, 36.080391999788851 ], [ -79.858514999937114, 36.079896000019943 ], [ -79.860587999897461, 36.080288000131674 ], [ -79.86365599991764, 36.080130000221722 ], [ -79.868308000176626, 36.07913099975012 ], [ -79.869603999637022, 36.07830999989983 ], [ -79.871587000084006, 36.078263000335248 ] ] ] } },
{ "type": "Feature", "properties": { "GEOID": "370810125052", "tract": "125.05", "bg": "2", "score": 1.256, "cat": "Very High Vitality", "pop": 1365, "pri": 0, "c0": 0.0, "c1": 97.9, "c2": 503200, "c3": 2.2, "c4": 15.0, "c5": 3.3, "c6": 0.0, "c7": 29, "c8": 89.3, "c9": 71 }, "geometry": { "type": "Polygon", "coordinates": [ [ [ -79.864779000024001, 36.085673999991968 ], [ -79.86384800043659, 36.085102000126078 ], [ -79.861926999913891, 36.081831999891492 ], [ -79.860500000033909, 36.080239999852601 ], [ -79.858514999937114, 36.079896000019943 ], [ -79.856128000157426, 36.080447999882409 ], [ -79.854242999619743, 36.081285000286719 ], [ -79.854256999863452, 36.081899999687927 ], [ -79.853307999834357, 36.082475999832319 ], [ -79.853252999582764, 36.08333699999551 ], [ -79.852882999686926, 36.083345000333921 ], [ -79.85215499959078, 36.083121999670205 ], [ -79.851819000030105, 36.081332999927852 ], [ -79.849084999920777, 36.079544000135975 ], [ -79.848017999890928, 36.078184000200523 ], [ -79.84731599973405, 36.077978999958617 ], [ -79.84706200018914, 36.082842000340506 ], [ -79.845458999683771, 36.087473000307547 ], [ -79.853306000184531, 36.090379000263518 ], [ -79.863172000218981, 36.091159000207377 ], [ -79.863080999982387, 36.087898000243477 ], [ -79.864779000024001, 36.085673999991968 ] ] ] } },
{ "type": "Feature", "properties": { "GEOID": "370810125053", "tract": "125.05", "bg": "3", "score": 1.283, "cat": "Very High Vitality", "pop": 1321, "pri": 0, "c0": 0.0, "c1": 98.0, "c2": 518250, "c3": 1.5, "c4": 15.0, "c5": 3.3, "c6": 0.0, "c7": 29, "c8": 89.3, "c9": 71 }, "geometry": { "type": "Polygon", "coordinates": [ [ [ -79.84706200018914, 36.082842000340506 ], [ -79.84777199984363, 36.072664999898947 ], [ -79.844328000079798, 36.075074000287117 ], [ -79.832100000380038, 36.074599000331574 ], [ -79.830111999910187, 36.077296000293593 ], [ -79.829998000107366, 36.080587000227339 ], [ -79.829531000127147, 36.082116999840714 ], [ -79.837443999851828, 36.085317000118366 ], [ -79.845458999683771, 36.087473000307547 ], [ -79.84706200018914, 36.082842000340506 ] ] ] } },
{ "type": "Feature", "properties": { "GEOID": "370810144113", "tract": "144.11", "bg": "3", "score": -1.012, "cat": "Low Vitality", "pop": 1269, "pri": 0, "c0": 37.7, "c1": 12.3, "c2": 167400, "c3": 11.6, "c4": 28.4, "c5": 13.0, "c6": 1.0, "c7": 186, "c8": 64.2, "c9": 31 }, "geometry": { "type": "Polygon", "coordinates": [ [ [ -79.985934999785499, 35.986443000303588 ], [ -79.98464400034797, 35.985250999839678 ], [ -79.985455000284787, 35.981960000000647 ], [ -79.983797000426136, 35.981690000183576 ], [ -79.980808999873588, 35.982343000095007 ], [ -79.980181000234879, 35.980435999828408 ], [ -79.973979999897196, 35.982674999657725 ], [ -79.974887000093474, 35.985227999639008 ], [ -79.977406999942573, 35.987331000159685 ], [ -79.977597999738279, 35.985805000119342 ], [ -79.981803999933419, 35.985855999676637 ], [ -79.981940000375857, 35.986222999694874 ], [ -79.982858000442818, 35.98615500010952 ], [ -79.985488999721667, 35.986972000164911 ], [ -79.985934999785499, 35.986443000303588 ] ] ] } },
{ "type": "Feature", "properties": { "GEOID": "370810154012", "tract": "154.01", "bg": "2", "score": 0.42, "cat": "High Vitality", "pop": 2540, "pri": 0, "c0": 0.0, "c1": 70.2, "c2": 272800, "c3": 2.8, "c4": 23.9, "c5": 8.5, "c6": 0.0, "c7": 48, "c8": 75.5, "c9": 34 }, "geometry": { "type": "Polygon", "coordinates": [ [ [ -79.715253999672427, 36.17078300018624 ], [ -79.72936600008498, 36.151310000105333 ], [ -79.725185000004203, 36.151314999979824 ], [ -79.717371999838619, 36.153000999975063 ], [ -79.710859000229718, 36.152628999902198 ], [ -79.705585000179809, 36.153393999667784 ], [ -79.708760000330102, 36.162030999674059 ], [ -79.711143999736763, 36.164713999944595 ], [ -79.71230299982814, 36.166915999954824 ], [ -79.711874000381044, 36.16922099995417 ], [ -79.709360000379718, 36.171410000138081 ], [ -79.707495999758436, 36.170956999988761 ], [ -79.703184999981332, 36.171252000063205 ], [ -79.699579999660713, 36.173321999868698 ], [ -79.694305999610791, 36.175002000352379 ], [ -79.693417999681088, 36.175817999835367 ], [ -79.693004000302608, 36.176852000347388 ], [ -79.693648999659757, 36.181066999766031 ], [ -79.694977999630439, 36.181184000047196 ], [ -79.695405000326019, 36.180886999884713 ], [ -79.694409000441269, 36.179700000204512 ], [ -79.694246000234642, 36.1789359996435 ], [ -79.694457000121844, 36.177083999674942 ], [ -79.694930999774769, 36.175600999713708 ], [ -79.695336999655638, 36.175425000156139 ], [ -79.702061999874971, 36.178320000303223 ], [ -79.703802999574293, 36.17619299993882 ], [ -79.704683999831303, 36.176034000131537 ], [ -79.705592999677407, 36.178808999763888 ], [ -79.708481999597453, 36.181550000207352 ], [ -79.715253999672427, 36.17078300018624 ] ] ] } },
{ "type": "Feature", "properties": { "GEOID": "370810154022", "tract": "154.02", "bg": "2", "score": 0.216, "cat": "Moderate Vitality", "pop": 1121, "pri": 0, "c0": 0.0, "c1": 98.4, "c2": 274000, "c3": 0.9, "c4": 26.9, "c5": 10.3, "c6": 1.0, "c7": 174, "c8": 64.2, "c9": 88 }, "geometry": { "type": "Polygon", "coordinates": [ [ [ -79.711778999946475, 36.142350000209902 ], [ -79.711421999571115, 36.140602999963413 ], [ -79.709917999698234, 36.137434999969827 ], [ -79.708243000121172, 36.130194999657029 ], [ -79.707516999674837, 36.12305900022826 ], [ -79.7083440004035, 36.120128000156498 ], [ -79.704594000317925, 36.118256999969205 ], [ -79.703835000259645, 36.118218999997538 ], [ -79.702711000328392, 36.119010000235605 ], [ -79.704107000246211, 36.11987800027223 ], [ -79.703923000123211, 36.120208000154527 ], [ -79.702122000149416, 36.120076999725164 ], [ -79.700455999894857, 36.120896000255648 ], [ -79.698966000265685, 36.121104000078105 ], [ -79.697285999767416, 36.122357000045191 ], [ -79.695186999867815, 36.122841000030995 ], [ -79.694861000352887, 36.122660000066261 ], [ -79.694996999897, 36.121587999806607 ], [ -79.694482000236206, 36.121203999726845 ], [ -79.691685000377689, 36.121385000145864 ], [ -79.688670999885844, 36.120142999935588 ], [ -79.685432999986375, 36.123363000338138 ], [ -79.685378999559688, 36.123891000137128 ], [ -79.686177999800947, 36.124917999939171 ], [ -79.685212000053426, 36.126583999858255 ], [ -79.683984000365086, 36.125131999955052 ], [ -79.682318000110513, 36.124198000308752 ], [ -79.681565999724938, 36.124351999885938 ], [ -79.68105000023921, 36.125398999763803 ], [ -79.67950000033558, 36.124878999686963 ], [ -79.67887799964636, 36.126268000131027 ], [ -79.67577299981626, 36.125616000246531 ], [ -79.671255000349873, 36.122137000252692 ], [ -79.669401999599245, 36.119516000050687 ], [ -79.669252999636328, 36.120602999993032 ], [ -79.668433000377007, 36.121569999822157 ], [ -79.666854000161067, 36.122052999667908 ], [ -79.665608000031071, 36.123740000054184 ], [ -79.662254999605537, 36.125183999877606 ], [ -79.662202999727015, 36.127985000101702 ], [ -79.661746999617421, 36.128115999670058 ], [ -79.662779000385498, 36.133038000158102 ], [ -79.668660999982635, 36.138855000291791 ], [ -79.670923000088848, 36.143050999661249 ], [ -79.674232000133458, 36.14747200009576 ], [ -79.67449400007429, 36.148804000117835 ], [ -79.673365000120143, 36.155705000327167 ], [ -79.680114999555514, 36.151992999737949 ], [ -79.681494999579812, 36.151639999842132 ], [ -79.686450999612404, 36.152249999920095 ], [ -79.690121000230349, 36.15363899968844 ], [ -79.697341999843914, 36.154747999725814 ], [ -79.710484000310998, 36.152672999932598 ], [ -79.711127999843228, 36.145395999680453 ], [ -79.711778999946475, 36.142350000209902 ] ] ] } },
{ "type": "Feature", "properties": { "GEOID": "370810159021", "tract": "159.02", "bg": "1", "score": 1.248, "cat": "Very High Vitality", "pop": 1735, "pri": 0, "c0": 3.1, "c1": 98.4, "c2": 568000, "c3": 0.4, "c4": 18.6, "c5": 3.4, "c6": 0.0, "c7": 36, "c8": 82.2, "c9": 95 }, "geometry": { "type": "Polygon", "coordinates": [ [ [ -80.036907999747712, 36.204508999714825 ], [ -80.037701000141197, 36.176049000099773 ], [ -80.036398000109784, 36.176646000274893 ], [ -80.034742999725864, 36.176396999862085 ], [ -80.031349000190772, 36.17776199991718 ], [ -80.029466000201225, 36.177466999696492 ], [ -80.027235000057132, 36.179004000196691 ], [ -80.023850999669449, 36.180468000138198 ], [ -80.020653999777849, 36.183368000288887 ], [ -80.019657999893099, 36.183389000162947 ], [ -80.017784000124379, 36.182390999992165 ], [ -80.014629000065568, 36.181793000213105 ], [ -80.011588999634483, 36.183324999942172 ], [ -80.010566999810479, 36.183320999790659 ], [ -80.006603000362972, 36.184592999964131 ], [ -80.005927000145363, 36.186289000206969 ], [ -80.004969999720359, 36.18656700007724 ], [ -80.004523999656541, 36.187468000219539 ], [ -79.99989999988496, 36.1898540001066 ], [ -79.99525099999903, 36.191283000147969 ], [ -79.994112999824054, 36.192348999959655 ], [ -79.99093500019903, 36.193966999787577 ], [ -79.985554000018993, 36.197573999704588 ], [ -79.985319999667254, 36.198198999759242 ], [ -79.986139, 36.202162000119621 ], [ -79.989802999871827, 36.212725999798543 ], [ -79.999582999692564, 36.210156000149929 ], [ -80.002257000425757, 36.207884000106141 ], [ -80.003957000117182, 36.207847999878346 ], [ -80.010720999796249, 36.209728999938719 ], [ -80.012182000011407, 36.20979099983726 ], [ -80.013961000243881, 36.209491000152447 ], [ -80.018785000032011, 36.207562000177994 ], [ -80.020805000288888, 36.207536000351055 ], [ -80.022841000439328, 36.208372000272213 ], [ -80.026552000166831, 36.208077999639457 ], [ -80.026573999908138, 36.207150999673104 ], [ -80.027322999920671, 36.206605000076685 ], [ -80.030984000317787, 36.206347000264458 ], [ -80.036907999747712, 36.204508999714825 ] ] ] } },
{ "type": "Feature", "properties": { "GEOID": "370810116023", "tract": "116.02", "bg": "3", "score": -0.388, "cat": "Low Vitality", "pop": 384, "pri": 0, "c0": 0.0, "c1": 44.7, "c2": 163400, "c3": 4.0, "c4": 29.1, "c5": 13.2, "c6": 1.0, "c7": 257, "c8": 58.8, "c9": 78 }, "geometry": { "type": "Polygon", "coordinates": [ [ [ -79.863831999644731, 36.049760999953293 ], [ -79.868318000222374, 36.048634000116508 ], [ -79.860495999835948, 36.048923000256352 ], [ -79.856590999939684, 36.048221000133445 ], [ -79.855215000113347, 36.048900999863321 ], [ -79.854235999947051, 36.050012000042614 ], [ -79.853804999951819, 36.053399999866301 ], [ -79.850803999878806, 36.05367900010171 ], [ -79.848756999857713, 36.0547200003017 ], [ -79.848806000261519, 36.05389999989594 ], [ -79.843753999969451, 36.053391000053132 ], [ -79.843083999599628, 36.056999000192583 ], [ -79.856534000038295, 36.054456000097467 ], [ -79.858890999680753, 36.053395000292994 ], [ -79.863831999644731, 36.049760999953293 ] ] ] } },
{ "type": "Feature", "properties": { "GEOID": "370810119041", "tract": "119.04", "bg": "1", "score": -0.515, "cat": "Low Vitality", "pop": 2786, "pri": 0, "c0": 4.6, "c1": 53.8, "c2": 212100, "c3": 11.6, "c4": 30.2, "c5": 7.2, "c6": 1.0, "c7": 264, "c8": 63.5, "c9": 33 }, "geometry": { "type": "Polygon", "coordinates": [ [ [ -79.776706000137509, 36.135104000028413 ], [ -79.774823000147961, 36.131560000283201 ], [ -79.774711999819885, 36.128969000341066 ], [ -79.77332099992492, 36.126112000237512 ], [ -79.768605999916758, 36.129318999767271 ], [ -79.762009999568846, 36.134755000033273 ], [ -79.760498000198396, 36.137120000122351 ], [ -79.757739999799611, 36.145515000211766 ], [ -79.760766999811921, 36.14432299984955 ], [ -79.76678200037675, 36.144022000025956 ], [ -79.769190999897759, 36.1431310002353 ], [ -79.773522999591293, 36.140634999750496 ], [ -79.776215999692738, 36.140244000052483 ], [ -79.776706000137509, 36.135104000028413 ] ] ] } },
{ "type": "Feature", "properties": { "GEOID": "370810143004", "tract": "143", "bg": "4", "score": -0.871, "cat": "Low Vitality", "pop": 1025, "pri": 1, "c0": 8.8, "c1": 39.5, "c2": 80050, "c3": 4.4, "c4": 33.5, "c5": 11.2, "c6": 1.0, "c7": 311, "c8": 46.2, "c9": 40 }, "geometry": { "type": "Polygon", "coordinates": [ [ [ -80.015569999698727, 35.931688000308043 ], [ -80.013224999751827, 35.932034000312598 ], [ -80.007096000282473, 35.934733000041774 ], [ -80.004722999848155, 35.93498000012049 ], [ -80.002751999995084, 35.931480000245095 ], [ -80.001339000358797, 35.930222999957913 ], [ -79.991655999724145, 35.934955000333154 ], [ -79.999874999770611, 35.941651000012691 ], [ -80.001679999942354, 35.941039000107715 ], [ -80.001062000349378, 35.940024999937968 ], [ -80.004340000431839, 35.937838000265671 ], [ -80.005979999848819, 35.937887000119872 ], [ -80.006276000124828, 35.936593999654562 ], [ -80.010057999997443, 35.935678000213834 ], [ -80.009925999752951, 35.935397000295346 ], [ -80.012109000216483, 35.93454899979956 ], [ -80.012824999718745, 35.935516000030738 ], [ -80.014259000169716, 35.935021000161946 ], [ -80.015354999613592, 35.932976999751318 ], [ -80.015569999698727, 35.931688000308043 ] ] ] } },
{ "type": "Feature", "properties": { "GEOID": "370810119051", "tract": "119.05", "bg": "1", "score": -0.819, "cat": "Low Vitality", "pop": 1493, "pri": 0, "c0": 14.9, "c1": 34.1, "c2": 215000, "c3": 13.8, "c4": 28.8, "c5": 14.8, "c6": 1.0, "c7": 203, "c8": 61.8, "c9": 38 }, "geometry": { "type": "Polygon", "coordinates": [ [ [ -79.759282000205616, 36.125224999722477 ], [ -79.759830000376709, 36.11976700030354 ], [ -79.755137000109841, 36.119532999835883 ], [ -79.755077999660287, 36.118518000194065 ], [ -79.753201000416851, 36.118432000174089 ], [ -79.744862999646401, 36.12993799977184 ], [ -79.745513999749647, 36.130354000288222 ], [ -79.753664000199123, 36.130652999977656 ], [ -79.755500000333015, 36.130014999772129 ], [ -79.75743699985091, 36.128223000107873 ], [ -79.759282000205616, 36.125224999722477 ] ] ] } },
{ "type": "Feature", "properties": { "GEOID": "370810166001", "tract": "166", "bg": "1", "score": 0.348, "cat": "Moderate Vitality", "pop": 2193, "pri": 0, "c0": 2.1, "c1": 80.6, "c2": 210700, "c3": 2.7, "c4": 24.4, "c5": 6.4, "c6": 0.0, "c7": 63, "c8": 68.3, "c9": 32 }, "geometry": { "type": "Polygon", "coordinates": [ [ [ -79.960362000127361, 35.918057999809655 ], [ -79.962302000018312, 35.917264999671353 ], [ -79.854632999607077, 35.912945999833646 ], [ -79.855358000228492, 35.914627000004394 ], [ -79.85634700044055, 35.915399999840247 ], [ -79.858955000153188, 35.916167999852348 ], [ -79.860362999766579, 35.915847999904649 ], [ -79.860922999633218, 35.916232000123053 ], [ -79.864129999570579, 35.922581999823208 ], [ -79.866947000418918, 35.925985999941112 ], [ -79.868876000439201, 35.927240000048933 ], [ -79.868458999789368, 35.931620999728537 ], [ -79.868895999632386, 35.932124000216966 ], [ -79.871402999960992, 35.932934999970925 ], [ -79.870807999934229, 35.933908000307177 ], [ -79.870065999594388, 35.933864000050399 ], [ -79.86943999960549, 35.933975999796274 ], [ -79.869333000373672, 35.934096999726528 ], [ -79.871115999905825, 35.93465199975077 ], [ -79.875021999626981, 35.933872000297278 ], [ -79.878017999677141, 35.935364999920267 ], [ -79.879037000026415, 35.936303999992163 ], [ -79.879986999880401, 35.93890500031371 ], [ -79.882135000183837, 35.940101000327118 ], [ -79.883843000271199, 35.942901000349423 ], [ -79.88598800020155, 35.944564999654126 ], [ -79.887693999740776, 35.946580999672904 ], [ -79.89240499955099, 35.94899899980765 ], [ -79.893936999911247, 35.950403000036609 ], [ -79.895983000107421, 35.954150000185741 ], [ -79.896194999819528, 35.955557999884881 ], [ -79.892831000421666, 35.962836000259458 ], [ -79.897953000135587, 35.962318000323108 ], [ -79.898642999698595, 35.97575599994807 ], [ -79.900226000112497, 35.979025000166629 ], [ -79.901921999605975, 35.981094999991122 ], [ -79.907968999957859, 35.97781399985768 ], [ -79.913123000357189, 35.975771999954432 ], [ -79.922755000039885, 35.969598000140998 ], [ -79.929963999957891, 35.966313000201175 ], [ -79.934606000171129, 35.961397999681829 ], [ -79.936445999604658, 35.960121000277503 ], [ -79.950907999821567, 35.95408199987488 ], [ -79.954946999612147, 35.951656999682584 ], [ -79.953176999600501, 35.949454000244295 ], [ -79.953132000292968, 35.948728999979913 ], [ -79.95506299996309, 35.946347999708308 ], [ -79.957535000131614, 35.94451700029083 ], [ -79.958587999917768, 35.942416000320328 ], [ -79.959644000076963, 35.941666000360854 ], [ -79.955949000242981, 35.939967000280895 ], [ -79.952109999570652, 35.94082699978653 ], [ -79.947556999944183, 35.939991999937654 ], [ -79.947760000333759, 35.938851000069761 ], [ -79.946941999825938, 35.934506000013293 ], [ -79.949788000088276, 35.931898000117229 ], [ -79.95035100032797, 35.930412000185669 ], [ -79.953306000370247, 35.927125000323201 ], [ -79.953801999764465, 35.926272000210353 ], [ -79.953872000084687, 35.925046000020316 ], [ -79.962049000298336, 35.923787000245675 ], [ -79.962292999797484, 35.922482000221827 ], [ -79.961474000363069, 35.922499999912041 ], [ -79.961061999736103, 35.920642999972557 ], [ -79.961233000338638, 35.919526000201266 ], [ -79.960362000127361, 35.918057999809655 ] ] ] } },
{ "type": "Feature", "properties": { "GEOID": "370810136012", "tract": "136.01", "bg": "2", "score": null, "cat": null, "pop": 3265, "pri": 0, "c0": null, "c1": null, "c2": 0, "c3": 0.7, "c4": 25.0, "c5": 10.3, "c6": 1.0, "c7": 106, "c8": 48.5, "c9": 5 }, "geometry": { "type": "Polygon", "coordinates": [ [ [ -80.001582999857959, 35.977408000019786 ], [ -80.001926999814557, 35.968294999736166 ], [ -79.995174000006131, 35.968597999998252 ], [ -79.995242999603107, 35.970335000352641 ], [ -79.996856000154224, 35.972651999894687 ], [ -79.997309999715668, 35.975248999657936 ], [ -79.998616999945028, 35.978427999666465 ], [ -80.001582999857959, 35.977408000019786 ] ] ] } },
{ "type": "Feature", "properties": { "GEOID": "370810128032", "tract": "128.03", "bg": "2", "score": 0.231, "cat": "Moderate Vitality", "pop": 3318, "pri": 0, "c0": 9.0, "c1": 94.0, "c2": 289800, "c3": 4.9, "c4": 27.6, "c5": 9.8, "c6": 0.0, "c7": 210, "c8": 70.1, "c9": 76 }, "geometry": { "type": "Polygon", "coordinates": [ [ [ -79.734922000167202, 36.051879000120607 ], [ -79.730824999752016, 36.049642999689716 ], [ -79.727427000018949, 36.046093000247851 ], [ -79.727163000428291, 36.043821999810099 ], [ -79.726553000332942, 36.042744000075665 ], [ -79.720900000166338, 36.038408000086925 ], [ -79.714147000357926, 36.037910000235847 ], [ -79.705266000337588, 36.034352999940893 ], [ -79.701431999688111, 36.035087999709198 ], [ -79.69770900026505, 36.035021999989546 ], [ -79.696526999709135, 36.035465999679566 ], [ -79.696728000448914, 36.038302000356175 ], [ -79.697824999717668, 36.041018000048687 ], [ -79.699618000193851, 36.042689999681926 ], [ -79.701554999711746, 36.046082000019823 ], [ -79.705698000157724, 36.048213999979652 ], [ -79.707792000034445, 36.050518999755298 ], [ -79.709787000176988, 36.052002999677093 ], [ -79.710597000288899, 36.053457999686927 ], [ -79.711548999792711, 36.056939000046796 ], [ -79.734922000167202, 36.051879000120607 ] ] ] } },
{ "type": "Feature", "properties": { "GEOID": "370810138003", "tract": "138", "bg": "3", "score": -0.928, "cat": "Low Vitality", "pop": 582, "pri": 1, "c0": 0.0, "c1": 46.9, "c2": 145700, "c3": 6.9, "c4": 32.8, "c5": 17.9, "c6": 1.0, "c7": 303, "c8": 48.9, "c9": 27 }, "geometry": { "type": "Polygon", "coordinates": [ [ [ -79.987862999980891, 35.974514000191171 ], [ -79.985545999623056, 35.97244800004988 ], [ -79.985928000112793, 35.970842000215818 ], [ -79.979588999682861, 35.970790000025481 ], [ -79.979180000327261, 35.975161999689462 ], [ -79.979669999873707, 35.978658000110208 ], [ -79.980270999748257, 35.979091000255188 ], [ -79.981217000302593, 35.977701000168032 ], [ -79.987862999980891, 35.974514000191171 ] ] ] } },
{ "type": "Feature", "properties": { "GEOID": "370810128051", "tract": "128.05", "bg": "1", "score": -0.563, "cat": "Low Vitality", "pop": 3089, "pri": 0, "c0": 3.3, "c1": 35.8, "c2": 187700, "c3": 5.2, "c4": 29.2, "c5": 13.5, "c6": 1.0, "c7": 252, "c8": 62.9, "c9": 33 }, "geometry": { "type": "Polygon", "coordinates": [ [ [ -79.782154000264683, 36.038678999907987 ], [ -79.780221999871344, 36.036049999910688 ], [ -79.779858999648198, 36.029851999757078 ], [ -79.776598000182474, 36.022474000089723 ], [ -79.776366000378886, 36.021181999662836 ], [ -79.776034999942766, 36.021549999962581 ], [ -79.776105000262973, 36.020274000069264 ], [ -79.763435999623908, 36.019701999898949 ], [ -79.763994999665655, 36.021189999782379 ], [ -79.760555000099814, 36.022850000118986 ], [ -79.761386999953018, 36.024600999915016 ], [ -79.755077999660287, 36.026609999806382 ], [ -79.749905999717626, 36.027763999814248 ], [ -79.749385000209045, 36.028355999877213 ], [ -79.749271000406225, 36.030351999685735 ], [ -79.748530999716209, 36.031772999802214 ], [ -79.76104600036949, 36.036349999888145 ], [ -79.763464000111313, 36.036892999955796 ], [ -79.762157999706872, 36.040357999939445 ], [ -79.761787999811006, 36.046630999950573 ], [ -79.769211999814146, 36.046357000175263 ], [ -79.769819000434794, 36.046967999728949 ], [ -79.77620800019514, 36.043757999785186 ], [ -79.779708999860347, 36.040047999860789 ], [ -79.782154000264683, 36.038678999907987 ] ] ] } },
{ "type": "Feature", "properties": { "GEOID": "370810151001", "tract": "151", "bg": "1", "score": 0.34, "cat": "Moderate Vitality", "pop": 1528, "pri": 0, "c0": 0.0, "c1": 71.3, "c2": 265850, "c3": 1.0, "c4": 24.8, "c5": 18.2, "c6": 0.0, "c7": 48, "c8": 71.7, "c9": 86 }, "geometry": { "type": "Polygon", "coordinates": [ [ [ -79.654484999995972, 36.222613000174675 ], [ -79.654111999727078, 36.221326000246826 ], [ -79.652160999965474, 36.219161000121552 ], [ -79.643325000150966, 36.220009999792673 ], [ -79.633876999692959, 36.219780999707297 ], [ -79.632710000103984, 36.217030000298521 ], [ -79.629333000287318, 36.215578000310003 ], [ -79.629105999608285, 36.214836000031859 ], [ -79.6296560003275, 36.212974999949871 ], [ -79.632689000187597, 36.20477300018301 ], [ -79.632342999682876, 36.203901999961715 ], [ -79.629402999709214, 36.201292999819323 ], [ -79.629651000304648, 36.196640000044781 ], [ -79.618059999566086, 36.200331999899404 ], [ -79.6131739998537, 36.203537000201187 ], [ -79.607266000317281, 36.212388999970557 ], [ -79.602943999771185, 36.205613999933348 ], [ -79.594903999824894, 36.198421999780784 ], [ -79.598386999946769, 36.194866000195717 ], [ -79.599716999742341, 36.190195000337646 ], [ -79.600608000045113, 36.188857999955012 ], [ -79.605343999969676, 36.185539999704098 ], [ -79.609710999823307, 36.184181000108524 ], [ -79.611962000058881, 36.181779999647063 ], [ -79.616369999920394, 36.179405000030009 ], [ -79.61771399995969, 36.17781499968671 ], [ -79.616155999660151, 36.175045000191595 ], [ -79.614486000105941, 36.173280999778733 ], [ -79.610402999934436, 36.171377999854911 ], [ -79.606452000007422, 36.170721999872235 ], [ -79.604693999691335, 36.173344000244192 ], [ -79.602258000406152, 36.174617999915988 ], [ -79.601089000269042, 36.174444000265758 ], [ -79.597109000029704, 36.177346999866501 ], [ -79.595822999716731, 36.176316999870181 ], [ -79.595414000361131, 36.173614999781144 ], [ -79.591017000370286, 36.172734999666098 ], [ -79.588450999592126, 36.171486000033056 ], [ -79.586005000261196, 36.171407000112104 ], [ -79.584887000177702, 36.170466000069737 ], [ -79.581988000211936, 36.169173999671315 ], [ -79.579314000377053, 36.16895700000579 ], [ -79.578430999571893, 36.169190000264507 ], [ -79.577714000244725, 36.169960000294601 ], [ -79.577725999940284, 36.171627000263264 ], [ -79.578344000431571, 36.172479999907935 ], [ -79.580630999753851, 36.173640999995165 ], [ -79.580859000257803, 36.174405999948988 ], [ -79.579976000350953, 36.175400999724346 ], [ -79.578922999666489, 36.175812000120786 ], [ -79.578144000415037, 36.175680999711538 ], [ -79.577494999961601, 36.17440000012629 ], [ -79.576469999764541, 36.174477999961063 ], [ -79.576033999746457, 36.175871000194761 ], [ -79.576607000031899, 36.178345999681149 ], [ -79.575893000179448, 36.179475999893299 ], [ -79.571338999829777, 36.180082999764345 ], [ -79.569217000363935, 36.178651000105852 ], [ -79.565680999640293, 36.181641999919279 ], [ -79.564288999920436, 36.181288000230964 ], [ -79.562445000288946, 36.179899000196222 ], [ -79.560666000056472, 36.179907000123414 ], [ -79.558571000354817, 36.182304999652665 ], [ -79.552185000069215, 36.18323499974715 ], [ -79.551584000194666, 36.184769999791001 ], [ -79.549517000082105, 36.186656000254892 ], [ -79.544410000436784, 36.184261999890509 ], [ -79.54178299955926, 36.182110000185617 ], [ -79.538003000234767, 36.181946999838487 ], [ -79.535104000268987, 36.182412000128139 ], [ -79.532410000342622, 36.241462999657138 ], [ -79.64683400021211, 36.244805999763514 ], [ -79.647290000321703, 36.242870000302432 ], [ -79.647353000070879, 36.239073999758304 ], [ -79.651897000374831, 36.23426100001678 ], [ -79.653908000410894, 36.229313999839654 ], [ -79.654484999995972, 36.222613000174675 ] ] ] } },
{ "type": "Feature", "properties": { "GEOID": "370810110001", "tract": "110", "bg": "1", "score": -1.365, "cat": "Very Low Vitality", "pop": 933, "pri": 0, "c0": 4.4, "c1": 26.6, "c2": 101300, "c3": 16.7, "c4": 33.4, "c5": 17.6, "c6": 1.0, "c7": 314, "c8": 38.9, "c9": 39 }, "geometry": { "type": "Polygon", "coordinates": [ [ [ -79.767533999864014, 36.082657999885384 ], [ -79.766368999924893, 36.072509000280384 ], [ -79.757658999608765, 36.074844000162486 ], [ -79.757721000431346, 36.077935000166413 ], [ -79.756609000195638, 36.087508000303693 ], [ -79.758001999740429, 36.087227999898204 ], [ -79.766512999864929, 36.087673000179322 ], [ -79.767533999864014, 36.082657999885384 ] ] ] } },
{ "type": "Feature", "properties": { "GEOID": "370810142004", "tract": "142", "bg": "4", "score": -1.296, "cat": "Very Low Vitality", "pop": 1675, "pri": 1, "c0": 13.9, "c1": 2.5, "c2": 87200, "c3": 10.4, "c4": 32.3, "c5": 17.8, "c6": 1.0, "c7": 310, "c8": 51.3, "c9": 28 }, "geometry": { "type": "Polygon", "coordinates": [ [ [ -80.004890000252743, 35.953784999851948 ], [ -80.002899000308162, 35.944629000214341 ], [ -80.002326999847625, 35.943691000134464 ], [ -79.999874999770611, 35.941651000012691 ], [ -80.000126999665682, 35.946175999917855 ], [ -79.998955999878746, 35.946123000245258 ], [ -79.998830000380366, 35.948536000170527 ], [ -79.991203999812555, 35.948187999797589 ], [ -79.987846000262451, 35.948850999800868 ], [ -79.986751999570103, 35.953455999845048 ], [ -79.998777999603519, 35.954199999970641 ], [ -80.004890000252743, 35.953784999851948 ] ] ] } },
{ "type": "Feature", "properties": { "GEOID": "370810163051", "tract": "163.05", "bg": "1", "score": 0.85, "cat": "High Vitality", "pop": 1234, "pri": 0, "c0": 0.0, "c1": 90.4, "c2": 384900, "c3": 1.4, "c4": 19.9, "c5": 4.7, "c6": 0.0, "c7": 78, "c8": 82.1, "c9": 47 }, "geometry": { "type": "Polygon", "coordinates": [ [ [ -80.000411000246118, 36.039446000313092 ], [ -79.999771000013524, 36.037859000204577 ], [ -79.99978899955687, 36.035340999938207 ], [ -79.998512000363064, 36.034332999713016 ], [ -79.996185999784402, 36.030850999726837 ], [ -79.994054000272826, 36.030831999682697 ], [ -79.993019999854937, 36.031299000318732 ], [ -79.991029999735275, 36.031088000083344 ], [ -79.988990000285199, 36.031698000096874 ], [ -79.973746000443782, 36.030411999754527 ], [ -79.969724000371656, 36.031179999649488 ], [ -79.976630000340933, 36.037067000180734 ], [ -79.977926999626249, 36.037684000017222 ], [ -79.990085999729061, 36.03799699999928 ], [ -79.995999000186657, 36.040551999878659 ], [ -80.000411000246118, 36.039446000313092 ] ] ] } },
{ "type": "Feature", "properties": { "GEOID": "370810163052", "tract": "163.05", "bg": "2", "score": 0.767, "cat": "High Vitality", "pop": 2378, "pri": 0, "c0": 1.8, "c1": 70.3, "c2": 394200, "c3": 1.6, "c4": 19.9, "c5": 4.7, "c6": 0.0, "c7": 78, "c8": 82.1, "c9": 47 }, "geometry": { "type": "Polygon", "coordinates": [ [ [ -79.996185999784402, 36.030850999726837 ], [ -79.994397000404504, 36.029344000269838 ], [ -79.994819000178893, 36.028422000096995 ], [ -79.992982000220096, 36.023414000068065 ], [ -79.993316000130946, 36.016416999847159 ], [ -79.990259999806341, 36.016736000295488 ], [ -79.989160000164503, 36.016235999695141 ], [ -79.987360000015642, 36.014336000165379 ], [ -79.986860000423448, 36.012036000071113 ], [ -79.985661999974013, 36.011238999772907 ], [ -79.984999000175208, 36.009874999977065 ], [ -79.976776999755728, 36.01866899992347 ], [ -79.971358999765755, 36.026733999927856 ], [ -79.96828499989779, 36.030343000143716 ], [ -79.969724000371656, 36.031179999649488 ], [ -79.973746000443782, 36.030411999754527 ], [ -79.988990000285199, 36.031698000096874 ], [ -79.991029999735275, 36.031088000083344 ], [ -79.993019999854937, 36.031299000318732 ], [ -79.994054000272826, 36.030831999682697 ], [ -79.996185999784402, 36.030850999726837 ] ] ] } },
{ "type": "Feature", "properties": { "GEOID": "370810164051", "tract": "164.05", "bg": "1", "score": -0.451, "cat": "Low Vitality", "pop": 1437, "pri": 0, "c0": 7.2, "c1": 62.2, "c2": 142900, "c3": 4.1, "c4": 24.6, "c5": 15.6, "c6": 1.0, "c7": 226, "c8": 63.9, "c9": 28 }, "geometry": { "type": "Polygon", "coordinates": [ [ [ -79.960773000031111, 36.064518000086075 ], [ -79.954423999555402, 36.066063999922257 ], [ -79.952465000296201, 36.067328999888304 ], [ -79.941790999799679, 36.063412000287386 ], [ -79.936099000173328, 36.064072000271828 ], [ -79.940601999571086, 36.053620999717737 ], [ -79.938432000424683, 36.052349999705449 ], [ -79.937008000019446, 36.049448000251338 ], [ -79.93506399993052, 36.047604000061597 ], [ -79.932682999998605, 36.046729999804512 ], [ -79.928275999962011, 36.046366000066413 ], [ -79.926660999761054, 36.045553000181137 ], [ -79.913684000048747, 36.051132999954575 ], [ -79.915013999844334, 36.052008000065122 ], [ -79.913945999989579, 36.053494999687885 ], [ -79.913243999832702, 36.055437000349151 ], [ -79.913437000176543, 36.055724000142874 ], [ -79.909111000330796, 36.059958000235248 ], [ -79.907616999605366, 36.062594000292229 ], [ -79.938396000439667, 36.073921000074975 ], [ -79.959683000435021, 36.080736000355621 ], [ -79.958842000360974, 36.076839000038099 ], [ -79.95878100026161, 36.074115999860858 ], [ -79.960773000031111, 36.064518000086075 ] ] ] } },
{ "type": "Feature", "properties": { "GEOID": "370810164071", "tract": "164.07", "bg": "1", "score": 0.836, "cat": "High Vitality", "pop": 2002, "pri": 0, "c0": 1.0, "c1": 78.7, "c2": 318000, "c3": 1.2, "c4": 21.6, "c5": 4.2, "c6": 0.0, "c7": 40, "c8": 79.5, "c9": 79 }, "geometry": { "type": "Polygon", "coordinates": [ [ [ -79.963735999570986, 36.030792999960113 ], [ -79.959012000240278, 36.025484000317213 ], [ -79.957860999646542, 36.022800000230141 ], [ -79.957791000224645, 36.021033999847468 ], [ -79.953540999648581, 36.016276999693744 ], [ -79.951332999969011, 36.014585999985954 ], [ -79.948799999701123, 36.01364799973922 ], [ -79.943990000156717, 36.009562000167101 ], [ -79.942502000177385, 36.009329999926166 ], [ -79.941271000115989, 36.009757000264329 ], [ -79.940539999646802, 36.012464000137641 ], [ -79.938481999755069, 36.013317000311694 ], [ -79.938972000199854, 36.014560999966925 ], [ -79.941184000077357, 36.015773999654435 ], [ -79.941534999706633, 36.016616000353515 ], [ -79.939769999717868, 36.020878000330242 ], [ -79.939407000393018, 36.024547999858257 ], [ -79.937639999856117, 36.024790000224648 ], [ -79.937582000129794, 36.026967999859714 ], [ -79.938110000209406, 36.027927999663611 ], [ -79.93822800021016, 36.03110199980312 ], [ -79.937649000076945, 36.032831999787085 ], [ -79.935391000168678, 36.034715000137432 ], [ -79.935485999704909, 36.035360000347524 ], [ -79.937011000392488, 36.037089999789245 ], [ -79.936366000137028, 36.039164999998526 ], [ -79.936494000183544, 36.039695999641488 ], [ -79.937516999832468, 36.040437999785055 ], [ -79.937516999832468, 36.04121799964998 ], [ -79.944549000198464, 36.038267999781887 ], [ -79.947637000310124, 36.035456999995397 ], [ -79.949343999674255, 36.034438000126514 ], [ -79.963735999570986, 36.030792999960113 ] ] ] } },
{ "type": "Feature", "properties": { "GEOID": "370810164072", "tract": "164.07", "bg": "2", "score": 0.926, "cat": "High Vitality", "pop": 2761, "pri": 0, "c0": 0.0, "c1": 65.6, "c2": 472950, "c3": 0.7, "c4": 21.6, "c5": 4.2, "c6": 0.0, "c7": 40, "c8": 79.5, "c9": 79 }, "geometry": { "type": "Polygon", "coordinates": [ [ [ -79.937649000076945, 36.032831999787085 ], [ -79.93785199956821, 36.032174000017804 ], [ -79.932550999754127, 36.034079999878209 ], [ -79.930569000030374, 36.033244999856151 ], [ -79.928147999915495, 36.032890999825732 ], [ -79.92541999965394, 36.033354000072563 ], [ -79.923926999651727, 36.032221999837958 ], [ -79.922209000416942, 36.032054999943988 ], [ -79.920458999598452, 36.036401000170208 ], [ -79.918404000079789, 36.044334999764253 ], [ -79.917891999893712, 36.04940100014683 ], [ -79.937516999832468, 36.04121799964998 ], [ -79.937516999832468, 36.040437999785055 ], [ -79.936494000183544, 36.039695999641488 ], [ -79.936366000137028, 36.039164999998526 ], [ -79.937011000392488, 36.037089999789245 ], [ -79.935485999704909, 36.035360000347524 ], [ -79.935391000168678, 36.034715000137432 ], [ -79.937649000076945, 36.032831999787085 ] ] ] } },
{ "type": "Feature", "properties": { "GEOID": "370810160081", "tract": "160.08", "bg": "1", "score": 0.808, "cat": "High Vitality", "pop": 1663, "pri": 0, "c0": 0.0, "c1": 82.0, "c2": 348100, "c3": 4.3, "c4": 20.5, "c5": 6.9, "c6": 0.0, "c7": 39, "c8": 82.2, "c9": 84 }, "geometry": { "type": "Polygon", "coordinates": [ [ [ -79.931923999940338, 36.135348000121709 ], [ -79.940388000209168, 36.134949000032996 ], [ -79.937238999998129, 36.13067899992835 ], [ -79.934828999753876, 36.128843999701374 ], [ -79.932169000162702, 36.124746000039288 ], [ -79.928936000286086, 36.122214999834064 ], [ -79.927270000031527, 36.122062000330928 ], [ -79.926382999926716, 36.124333999809586 ], [ -79.925939000411034, 36.126911000298605 ], [ -79.923562999603661, 36.128482000190893 ], [ -79.921347000426493, 36.131438000246689 ], [ -79.923052000140814, 36.131963000060949 ], [ -79.922533000282044, 36.132658000058321 ], [ -79.923213999624195, 36.13319000026317 ], [ -79.924827000175327, 36.137291000030643 ], [ -79.925925000167311, 36.137309999755587 ], [ -79.926183999735102, 36.138197999792169 ], [ -79.927240999719203, 36.138788999854143 ], [ -79.928972000271102, 36.138631999755077 ], [ -79.930507000106104, 36.137858000076619 ], [ -79.931923999940338, 36.135348000121709 ] ] ] } },
{ "type": "Feature", "properties": { "GEOID": "370810160092", "tract": "160.09", "bg": "2", "score": 0.973, "cat": "High Vitality", "pop": 1519, "pri": 0, "c0": 0.0, "c1": 90.3, "c2": 370200, "c3": 2.4, "c4": 18.7, "c5": 5.3, "c6": 0.0, "c7": 21, "c8": 86.6, "c9": 66 }, "geometry": { "type": "Polygon", "coordinates": [ [ [ -79.913824999615741, 36.14019600012778 ], [ -79.912533000353307, 36.138550999969276 ], [ -79.9102100001477, 36.136730999770101 ], [ -79.909584000158816, 36.135626000040737 ], [ -79.909451999914339, 36.133003000130358 ], [ -79.910554000104284, 36.131596000019861 ], [ -79.910564000150046, 36.129150000270307 ], [ -79.907880000269415, 36.126316999726619 ], [ -79.90416000032107, 36.125601000061927 ], [ -79.903190000375588, 36.127642000146423 ], [ -79.899288999778975, 36.130460000046376 ], [ -79.896066999773012, 36.132061000091944 ], [ -79.894897999635901, 36.146079000036664 ], [ -79.897065000205899, 36.148043000328251 ], [ -79.900257999899551, 36.149984999644403 ], [ -79.901442000105263, 36.150139999674714 ], [ -79.901815000374171, 36.149760999995252 ], [ -79.901611999984567, 36.149003000219452 ], [ -79.901971999834686, 36.148276999943015 ], [ -79.90334099998833, 36.147519000332863 ], [ -79.903367999752504, 36.146596000122095 ], [ -79.904345000269004, 36.144958999825988 ], [ -79.913824999615741, 36.14019600012778 ] ] ] } },
{ "type": "Feature", "properties": { "GEOID": "370810160101", "tract": "160.10", "bg": "1", "score": 0.114, "cat": "Moderate Vitality", "pop": 988, "pri": 0, "c0": 9.1, "c1": 44.8, "c2": 259300, "c3": 4.0, "c4": 20.0, "c5": 14.3, "c6": 0.0, "c7": 18, "c8": 73.2, "c9": 19 }, "geometry": { "type": "Polygon", "coordinates": [ [ [ -79.913991000195409, 36.101450999687657 ], [ -79.910409000339342, 36.101911000362449 ], [ -79.908573000205465, 36.101204999849912 ], [ -79.90600499977748, 36.099497000361644 ], [ -79.903069999826684, 36.098668999785573 ], [ -79.897970999678961, 36.099475000320702 ], [ -79.892658000169305, 36.099283999640036 ], [ -79.891812999897297, 36.099867000061856 ], [ -79.891853999905166, 36.102014999718904 ], [ -79.892330999931147, 36.102740999752015 ], [ -79.896968999946424, 36.103397000024657 ], [ -79.903085999720204, 36.107325999874149 ], [ -79.907672999681864, 36.109526999732985 ], [ -79.910134999804626, 36.112178999991166 ], [ -79.913991000195409, 36.101450999687657 ] ] ] } },
{ "type": "Feature", "properties": { "GEOID": "370810127072", "tract": "127.07", "bg": "2", "score": -1.179, "cat": "Very Low Vitality", "pop": 1304, "pri": 0, "c0": 18.6, "c1": 28.1, "c2": 147000, "c3": 17.5, "c4": 32.7, "c5": 10.0, "c6": 1.0, "c7": 340, "c8": 54.1, "c9": 31 }, "geometry": { "type": "Polygon", "coordinates": [ [ [ -79.757721000431346, 36.077935000166413 ], [ -79.757658999608765, 36.074844000162486 ], [ -79.754593000136708, 36.075933999686278 ], [ -79.745310000433463, 36.072392999637351 ], [ -79.740997999933114, 36.072075000076843 ], [ -79.740381999989978, 36.08406699993742 ], [ -79.742854999983393, 36.083940000353984 ], [ -79.745031999700799, 36.082362999898479 ], [ -79.749677000287079, 36.079990000072982 ], [ -79.750243000001532, 36.081285000286719 ], [ -79.75032900021526, 36.085074000289737 ], [ -79.756819000257934, 36.085102999782983 ], [ -79.757721000431346, 36.077935000166413 ] ] ] } },
{ "type": "Feature", "properties": { "GEOID": "370810144073", "tract": "144.07", "bg": "3", "score": 0.401, "cat": "High Vitality", "pop": 1707, "pri": 0, "c0": 0.0, "c1": 80.9, "c2": 339800, "c3": 9.4, "c4": 21.2, "c5": 7.8, "c6": 0.0, "c7": 125, "c8": 73.2, "c9": 54 }, "geometry": { "type": "Polygon", "coordinates": [ [ [ -80.04533600003154, 35.961950999664907 ], [ -80.037746000347042, 35.96184399986911 ], [ -80.036578999859756, 35.963954000008926 ], [ -80.035449999905623, 35.964771999865484 ], [ -80.033510000014658, 35.965378999815044 ], [ -80.033766999932595, 35.974693999818037 ], [ -80.039364000022701, 35.974102000243391 ], [ -80.04494199984623, 35.972673999768084 ], [ -80.04533600003154, 35.961950999664907 ] ] ] } },
{ "type": "Feature", "properties": { "GEOID": "370810144091", "tract": "144.09", "bg": "1", "score": -0.05, "cat": "Moderate Vitality", "pop": 729, "pri": 0, "c0": 2.2, "c1": 63.3, "c2": 218800, "c3": 2.9, "c4": 24.1, "c5": 9.8, "c6": 1.0, "c7": 148, "c8": 73.0, "c9": 21 }, "geometry": { "type": "Polygon", "coordinates": [ [ [ -80.036056999627945, 36.001727000123317 ], [ -80.035865000007306, 36.000429999691455 ], [ -80.034546000082386, 35.998304000224408 ], [ -80.033539000326982, 35.999444000207838 ], [ -80.02880599987715, 35.997844999862032 ], [ -80.026886000077681, 35.996343999689948 ], [ -80.023614999667899, 35.999491000325222 ], [ -80.023122999573317, 35.99833099964949 ], [ -80.018682000099844, 35.999875000358522 ], [ -80.014906999899907, 36.002599999764399 ], [ -80.010283000128339, 36.00435400022161 ], [ -80.010089999784498, 36.009532999720143 ], [ -80.017418000426488, 36.009405999742015 ], [ -80.025655999841192, 36.007285999808296 ], [ -80.028482999836953, 36.007007000166652 ], [ -80.031975000179656, 36.007824000072539 ], [ -80.034234999737748, 36.00985500007517 ], [ -80.036056999627945, 36.001727000123317 ] ] ] } },
{ "type": "Feature", "properties": { "GEOID": "370810144101", "tract": "144.10", "bg": "1", "score": -0.207, "cat": "Moderate Vitality", "pop": 1063, "pri": 0, "c0": 6.8, "c1": 51.8, "c2": 218000, "c3": 2.8, "c4": 24.5, "c5": 13.5, "c6": 1.0, "c7": 136, "c8": 63.6, "c9": 51 }, "geometry": { "type": "Polygon", "coordinates": [ [ [ -80.012146000026391, 35.992372999642541 ], [ -80.011885999735398, 35.992243000042983 ], [ -80.009904000011659, 35.994512000140155 ], [ -80.007974999991347, 35.995572000165296 ], [ -80.007212999560025, 35.996983999776766 ], [ -80.00536800010363, 35.99843500004048 ], [ -80.005004999880484, 35.999195999650425 ], [ -80.002457000442277, 35.999267999705019 ], [ -79.999940999892829, 36.001141999847995 ], [ -79.99624100003598, 36.005284000320074 ], [ -80.004666999771658, 36.008531999979681 ], [ -80.010089999784498, 36.009532999720143 ], [ -80.010289999801032, 36.004269000282868 ], [ -80.009433999658384, 35.997457999988875 ], [ -80.010201999937493, 35.994987000020444 ], [ -80.012146000026391, 35.992372999642541 ] ] ] } },
{ "type": "Feature", "properties": { "GEOID": "370810144102", "tract": "144.10", "bg": "2", "score": -0.229, "cat": "Moderate Vitality", "pop": 1011, "pri": 0, "c0": 4.2, "c1": 51.3, "c2": 240300, "c3": 5.4, "c4": 24.5, "c5": 13.5, "c6": 1.0, "c7": 136, "c8": 63.6, "c9": 51 }, "geometry": { "type": "Polygon", "coordinates": [ [ [ -80.014260999819541, 35.98813099982786 ], [ -80.014130000298294, 35.984869000251869 ], [ -80.013515000180064, 35.983947000284466 ], [ -80.009350999817684, 35.983889000166037 ], [ -80.006778000265157, 35.984800000022574 ], [ -79.997072000064293, 35.994106999811429 ], [ -79.991701999754909, 36.002119000044708 ], [ -79.99624100003598, 36.005284000320074 ], [ -79.999940999892829, 36.001141999847995 ], [ -80.002457000442277, 35.999267999705019 ], [ -80.005004999880484, 35.999195999650425 ], [ -80.00536800010363, 35.99843500004048 ], [ -80.007212999560025, 35.996983999776766 ], [ -80.007974999991347, 35.995572000165296 ], [ -80.009904000011659, 35.994512000140155 ], [ -80.013013999864611, 35.991154999803101 ], [ -80.014260999819541, 35.98813099982786 ] ] ] } },
{ "type": "Feature", "properties": { "GEOID": "370810144103", "tract": "144.10", "bg": "3", "score": -0.479, "cat": "Low Vitality", "pop": 1485, "pri": 0, "c0": 8.2, "c1": 18.7, "c2": 133300, "c3": 6.2, "c4": 24.5, "c5": 13.5, "c6": 1.0, "c7": 136, "c8": 63.6, "c9": 51 }, "geometry": { "type": "Polygon", "coordinates": [ [ [ -80.021653000035641, 35.994163000242807 ], [ -80.029980000037114, 35.992805000015736 ], [ -80.026655999923904, 35.988699000221111 ], [ -80.023017999991325, 35.982696000141409 ], [ -80.013515000180064, 35.983947000284466 ], [ -80.014130000298294, 35.984869000251869 ], [ -80.014260999819541, 35.98813099982786 ], [ -80.013013999864611, 35.991154999803101 ], [ -80.011885999735398, 35.992243000042983 ], [ -80.014656999654662, 35.993614000242644 ], [ -80.016886000148943, 35.994190999716757 ], [ -80.021653000035641, 35.994163000242807 ] ] ] } },
{ "type": "Feature", "properties": { "GEOID": "370810144112", "tract": "144.11", "bg": "2", "score": -0.548, "cat": "Low Vitality", "pop": 1556, "pri": 0, "c0": 5.3, "c1": 73.2, "c2": 216100, "c3": 14.4, "c4": 28.4, "c5": 13.0, "c6": 1.0, "c7": 186, "c8": 64.2, "c9": 31 }, "geometry": { "type": "Polygon", "coordinates": [ [ [ -79.994072999641091, 35.993720999858013 ], [ -79.994844000293256, 35.985756000185823 ], [ -79.991767999877155, 35.985599999912893 ], [ -79.990999999598031, 35.985128000079122 ], [ -79.990999999598031, 35.98313000016347 ], [ -79.991411000400092, 35.981961000240588 ], [ -79.991252000391441, 35.979548999701848 ], [ -79.990669000060251, 35.97967299970432 ], [ -79.988765999979222, 35.98275799987529 ], [ -79.987664999614168, 35.983352999886321 ], [ -79.986876000316983, 35.986081000066577 ], [ -79.986750999745183, 35.988124000149419 ], [ -79.985486000246922, 35.98904099998272 ], [ -79.983403000240841, 35.989337000262765 ], [ -79.982254000195212, 35.99090499982168 ], [ -79.985512000186205, 35.993815000344497 ], [ -79.991701999754909, 36.002119000044708 ], [ -79.994374999764872, 35.998122999909626 ], [ -79.992538999630995, 35.998070000216678 ], [ -79.992866999694058, 35.996087999799975 ], [ -79.994072999641091, 35.993720999858013 ] ] ] } },
{ "type": "Feature", "properties": { "GEOID": "370810144121", "tract": "144.12", "bg": "1", "score": 0.325, "cat": "Moderate Vitality", "pop": 1412, "pri": 0, "c0": 3.7, "c1": 79.7, "c2": 318300, "c3": 3.3, "c4": 23.0, "c5": 11.8, "c6": 0.0, "c7": 116, "c8": 77.9, "c9": 26 }, "geometry": { "type": "Polygon", "coordinates": [ [ [ -79.984999000175208, 36.009874999977065 ], [ -79.991701999754909, 36.002119000044708 ], [ -79.985512000186205, 35.993815000344497 ], [ -79.983780999634305, 35.9919970003263 ], [ -79.977406999942573, 35.987331000159685 ], [ -79.977083999902391, 35.993037000181808 ], [ -79.975164999927813, 35.995761000313415 ], [ -79.974913000032743, 35.997864999903364 ], [ -79.973183000204074, 36.001025000144224 ], [ -79.973368000152007, 36.001248000156451 ], [ -79.974524999695234, 36.001915000069239 ], [ -79.977466000392113, 36.002061000205138 ], [ -79.978062000243767, 36.004204000139623 ], [ -79.980514000320809, 36.005363000232407 ], [ -79.984999000175208, 36.009874999977065 ] ] ] } },
{ "type": "Feature", "properties": { "GEOID": "370810125083", "tract": "125.08", "bg": "3", "score": 0.779, "cat": "High Vitality", "pop": 1356, "pri": 0, "c0": 1.5, "c1": 72.6, "c2": 265150, "c3": 4.3, "c4": 19.3, "c5": 3.3, "c6": 0.0, "c7": 127, "c8": 80.5, "c9": 104 }, "geometry": { "type": "Polygon", "coordinates": [ [ [ -79.83210500040289, 36.099230000305887 ], [ -79.831346000344624, 36.096306999794976 ], [ -79.827812000169118, 36.09068099993906 ], [ -79.82638500028915, 36.089106999955938 ], [ -79.823743000241322, 36.087188999804098 ], [ -79.820157000187294, 36.088515000134855 ], [ -79.814875999566368, 36.088614000285396 ], [ -79.811148999945331, 36.088125999970956 ], [ -79.814585000211551, 36.092563000344363 ], [ -79.820449000265356, 36.10133400019722 ], [ -79.827079999875011, 36.108618000160995 ], [ -79.828500999907206, 36.107475000118917 ], [ -79.831043000395908, 36.103221999703209 ], [ -79.831943000021184, 36.101070999844339 ], [ -79.83210500040289, 36.099230000305887 ] ] ] } },
{ "type": "Feature", "properties": { "GEOID": "370810154021", "tract": "154.02", "bg": "1", "score": -0.186, "cat": "Moderate Vitality", "pop": 976, "pri": 0, "c0": 0.0, "c1": 74.7, "c2": 188250, "c3": 12.1, "c4": 26.9, "c5": 10.3, "c6": 1.0, "c7": 174, "c8": 64.2, "c9": 88 }, "geometry": { "type": "Polygon", "coordinates": [ [ [ -79.715020000219027, 36.108730000005046 ], [ -79.718012000071226, 36.100996000126074 ], [ -79.713849000432091, 36.102588000048051 ], [ -79.70563399968529, 36.102053000272882 ], [ -79.703562000448187, 36.102709999916712 ], [ -79.70188399959973, 36.098374999854073 ], [ -79.702175999677763, 36.095929999762873 ], [ -79.701261999808793, 36.087904000149258 ], [ -79.699777000202516, 36.087034000318347 ], [ -79.695041000277939, 36.087850000254811 ], [ -79.691134999658445, 36.089718000027624 ], [ -79.688396000424547, 36.08914000001338 ], [ -79.685977999784399, 36.090771999957504 ], [ -79.686464000031208, 36.09140799973774 ], [ -79.68768300039703, 36.091458000335436 ], [ -79.687208999845794, 36.092347999845359 ], [ -79.687413999885194, 36.092681000115022 ], [ -79.68703800014157, 36.092821000166772 ], [ -79.687570000419115, 36.092898999828215 ], [ -79.687685000046855, 36.093866999868219 ], [ -79.686842000322983, 36.096069000316355 ], [ -79.685927999555702, 36.09632400024865 ], [ -79.684555000102392, 36.095163999926207 ], [ -79.683728000272055, 36.095105000112369 ], [ -79.682315999562377, 36.097008000335443 ], [ -79.683507000339119, 36.097978999777922 ], [ -79.683334999911665, 36.099463000097785 ], [ -79.681924999750137, 36.099808000149906 ], [ -79.680488999649327, 36.100776000007194 ], [ -79.682091000329791, 36.101252999666315 ], [ -79.681744000000165, 36.102953999811568 ], [ -79.68108000037644, 36.103064000164764 ], [ -79.679353999847422, 36.102216999931883 ], [ -79.677911999898825, 36.100623000105664 ], [ -79.676490000041738, 36.099924999735272 ], [ -79.675447000301332, 36.100287999722198 ], [ -79.674952999658615, 36.101073999657388 ], [ -79.673456000356751, 36.100766000350049 ], [ -79.671965999829268, 36.102072999984109 ], [ -79.671052999785189, 36.102018000221683 ], [ -79.670191999619689, 36.102694000277914 ], [ -79.670144999764005, 36.103275999922779 ], [ -79.671037999716603, 36.104369999899454 ], [ -79.671471000259942, 36.107079000185237 ], [ -79.670908999845153, 36.108404000131571 ], [ -79.670812999585706, 36.111293999645163 ], [ -79.672105999571357, 36.111986999675807 ], [ -79.670799000240322, 36.114371000196222 ], [ -79.669165999597695, 36.115101999973142 ], [ -79.670066999946201, 36.117141000207134 ], [ -79.669401999599245, 36.119516000050687 ], [ -79.671255000349873, 36.122137000252692 ], [ -79.675557999731083, 36.125519000017952 ], [ -79.67887799964636, 36.126268000131027 ], [ -79.67950000033558, 36.124878999686963 ], [ -79.68105000023921, 36.125398999763803 ], [ -79.681565999724938, 36.124351999885938 ], [ -79.682318000110513, 36.124198000308752 ], [ -79.683984000365086, 36.125131999955052 ], [ -79.684996000143371, 36.126588999857482 ], [ -79.685402000024212, 36.126489999668195 ], [ -79.686177999800947, 36.124917999939171 ], [ -79.685378999559688, 36.123891000137128 ], [ -79.685514000177221, 36.123214999658387 ], [ -79.688758999749396, 36.120109999837318 ], [ -79.691685000377689, 36.121385000145864 ], [ -79.694482000236206, 36.121203999726845 ], [ -79.694996999897, 36.121587999806607 ], [ -79.695051000323673, 36.122841000030995 ], [ -79.696053999881116, 36.122384999657918 ], [ -79.697089999948844, 36.122434000226058 ], [ -79.698966000265685, 36.121104000078105 ], [ -79.700455999894857, 36.120896000255648 ], [ -79.702122000149416, 36.120076999725164 ], [ -79.704031999903151, 36.120153000028601 ], [ -79.704107000246211, 36.11987800027223 ], [ -79.702711000328392, 36.119010000235605 ], [ -79.70396400013108, 36.118175000236555 ], [ -79.7083440004035, 36.120128000156498 ], [ -79.713717000187614, 36.115175000011995 ], [ -79.714713999897285, 36.11168599992255 ], [ -79.715020000219027, 36.108730000005046 ] ] ] } },
{ "type": "Feature", "properties": { "GEOID": "370810167022", "tract": "167.02", "bg": "2", "score": 0.642, "cat": "High Vitality", "pop": 1556, "pri": 0, "c0": 2.1, "c1": 81.7, "c2": 248950, "c3": 2.0, "c4": 22.4, "c5": 3.4, "c6": 0.0, "c7": 34, "c8": 72.3, "c9": 57 }, "geometry": { "type": "Polygon", "coordinates": [ [ [ -79.896204999865262, 35.955339000300157 ], [ -79.895761000349566, 35.953689999807175 ], [ -79.893608000023278, 35.949975999864051 ], [ -79.887693999740776, 35.946580999672904 ], [ -79.88598800020155, 35.944564999654126 ], [ -79.883843000271199, 35.942901000349423 ], [ -79.882135000183837, 35.940101000327118 ], [ -79.879986999880401, 35.93890500031371 ], [ -79.879037000026415, 35.936303999992163 ], [ -79.878211000020997, 35.935500999970017 ], [ -79.875021999626981, 35.933872000297278 ], [ -79.871115999905825, 35.93465199975077 ], [ -79.869333000373672, 35.934096999726528 ], [ -79.870807999934229, 35.933908000307177 ], [ -79.871402999960992, 35.932934999970925 ], [ -79.868895999632386, 35.932124000216966 ], [ -79.868458999789368, 35.931620999728537 ], [ -79.868876000439201, 35.927240000048933 ], [ -79.866947000418918, 35.925985999941112 ], [ -79.864129999570579, 35.922581999823208 ], [ -79.862325000297147, 35.919488000310601 ], [ -79.861274999985724, 35.916776000333442 ], [ -79.860362999766579, 35.915847999904649 ], [ -79.858955000153188, 35.916167999852348 ], [ -79.85634700044055, 35.915399999840247 ], [ -79.855358000228492, 35.914627000004394 ], [ -79.854632999607077, 35.912945999833646 ], [ -79.809371000436101, 35.910975999847174 ], [ -79.808715000309974, 35.913504000306581 ], [ -79.81002699966389, 35.920394999915807 ], [ -79.813455000432498, 35.930603999723509 ], [ -79.81820600042569, 35.935152000276013 ], [ -79.822627999632573, 35.93859199970673 ], [ -79.826499999916877, 35.945765999685506 ], [ -79.827657000358414, 35.945981999721894 ], [ -79.839170000380861, 35.951447000012493 ], [ -79.84472999976272, 35.953501999848832 ], [ -79.85051299962565, 35.954768000220874 ], [ -79.854557000337422, 35.957319999859386 ], [ -79.861070999771215, 35.958832000006332 ], [ -79.862193000052656, 35.959755999904623 ], [ -79.867925999686889, 35.967918999831241 ], [ -79.869800000353919, 35.968793000315017 ], [ -79.871832000306384, 35.968938999953508 ], [ -79.880714999976547, 35.967876999719074 ], [ -79.888786999709893, 35.963700999689465 ], [ -79.892831000421666, 35.962836000259458 ], [ -79.89589900044183, 35.956708999713996 ], [ -79.896204999865262, 35.955339000300157 ] ] ] } },
{ "type": "Feature", "properties": { "GEOID": "370810160091", "tract": "160.09", "bg": "1", "score": 0.991, "cat": "High Vitality", "pop": 2114, "pri": 0, "c0": 0.0, "c1": 88.3, "c2": 358700, "c3": 0.9, "c4": 18.7, "c5": 5.3, "c6": 0.0, "c7": 21, "c8": 86.6, "c9": 66 }, "geometry": { "type": "Polygon", "coordinates": [ [ [ -79.928376000419448, 36.120328000361553 ], [ -79.924482000393837, 36.118353999737039 ], [ -79.919707999936108, 36.117337000148311 ], [ -79.913224999566111, 36.114661999753238 ], [ -79.913800000399704, 36.114173000083227 ], [ -79.913971999928833, 36.111863999658055 ], [ -79.911067999940187, 36.10951300017544 ], [ -79.908101000202365, 36.116933000045471 ], [ -79.902420000446654, 36.115458000246818 ], [ -79.895685000181587, 36.116742999702304 ], [ -79.891920000027412, 36.116333000260013 ], [ -79.891790000331085, 36.122368999673135 ], [ -79.892627000207156, 36.123449999930997 ], [ -79.895024999857512, 36.124490000334063 ], [ -79.900528000236278, 36.124190999661145 ], [ -79.905097999581187, 36.125893999811233 ], [ -79.907701999994188, 36.126249999768426 ], [ -79.9102100001477, 36.128754999902341 ], [ -79.910688999823492, 36.129454000009872 ], [ -79.910684999625545, 36.130726999870511 ], [ -79.910360999760428, 36.131980000052856 ], [ -79.909451999914339, 36.133003000130358 ], [ -79.909584000158816, 36.135626000040737 ], [ -79.9102100001477, 36.136730999770101 ], [ -79.912533000353307, 36.138550999969276 ], [ -79.91385200027824, 36.140176999650755 ], [ -79.917722000014408, 36.137053999676212 ], [ -79.918893999626235, 36.135668999713204 ], [ -79.919401999614351, 36.135614000262912 ], [ -79.919213000366781, 36.134378000259076 ], [ -79.919625999920328, 36.133591999885887 ], [ -79.923541999687259, 36.128504000088576 ], [ -79.925939000411034, 36.126911000298605 ], [ -79.926382999926716, 36.124333999809586 ], [ -79.928376000419448, 36.120328000361553 ] ] ] } },
{ "type": "Feature", "properties": { "GEOID": "370810164091", "tract": "164.09", "bg": "1", "score": 0.587, "cat": "High Vitality", "pop": 2303, "pri": 0, "c0": 0.4, "c1": 82.7, "c2": 361400, "c3": 4.1, "c4": 18.1, "c5": 15.2, "c6": 0.0, "c7": 44, "c8": 82.7, "c9": 55 }, "geometry": { "type": "Polygon", "coordinates": [ [ [ -79.95892400037674, 36.010442000136344 ], [ -79.95835699993907, 36.008224000185585 ], [ -79.95615299955918, 36.006336000001994 ], [ -79.954576999716295, 36.003419000215644 ], [ -79.955305999637332, 35.998833999792865 ], [ -79.955211999926007, 35.996903000090263 ], [ -79.958078000279826, 35.990633999955769 ], [ -79.952126000362483, 35.993092999919199 ], [ -79.93856299994593, 35.99247800000137 ], [ -79.938876999765284, 35.991849000227617 ], [ -79.930695000427093, 35.99578000009172 ], [ -79.92453900029524, 35.997703000076548 ], [ -79.91371099981292, 36.004006000233858 ], [ -79.919662999730264, 36.007248999896952 ], [ -79.918764999754828, 36.007848000136534 ], [ -79.916109000361601, 36.007832000094638 ], [ -79.915213000035976, 36.008552000217271 ], [ -79.91401299993673, 36.010984000150408 ], [ -79.912749000263375, 36.011176000028385 ], [ -79.913277000342973, 36.014135999883294 ], [ -79.912437999918737, 36.016532000358076 ], [ -79.9126530000039, 36.018141000282299 ], [ -79.912083999916419, 36.018500000083364 ], [ -79.917245999813346, 36.018258999796231 ], [ -79.921047999777443, 36.019271999641163 ], [ -79.923068000034334, 36.020321999874383 ], [ -79.926777999936945, 36.020758000156135 ], [ -79.927352999872213, 36.017452999647382 ], [ -79.927545000391135, 36.012630000288382 ], [ -79.930138000035157, 36.010567000144427 ], [ -79.933492000285611, 36.006682000026807 ], [ -79.938464000211738, 36.010114999857883 ], [ -79.939818000296768, 36.010231999880062 ], [ -79.942733000156053, 36.0093140001851 ], [ -79.944355999854622, 36.009768999639675 ], [ -79.948799999701123, 36.01364799973922 ], [ -79.951332999969011, 36.014585999985954 ], [ -79.953000999873396, 36.015783999945064 ], [ -79.957791000224645, 36.021033999847468 ], [ -79.95824899998405, 36.013882000021539 ], [ -79.95892400037674, 36.010442000136344 ] ] ] } },
{ "type": "Feature", "properties": { "GEOID": "370810104032", "tract": "104.03", "bg": "2", "score": 0.464, "cat": "High Vitality", "pop": 474, "pri": 0, "c0": 4.9, "c1": 70.0, "c2": 306850, "c3": 2.4, "c4": 18.7, "c5": 5.2, "c6": 0.0, "c7": 197, "c8": 76.6, "c9": 30 }, "geometry": { "type": "Polygon", "coordinates": [ [ [ -79.819395999580877, 36.099884999940066 ], [ -79.815629999601768, 36.094429000093037 ], [ -79.814740000022255, 36.095382000010588 ], [ -79.814898000205986, 36.095909999939764 ], [ -79.814104999812514, 36.097414999809438 ], [ -79.815263000078971, 36.102395000077117 ], [ -79.813647000053123, 36.102346000069232 ], [ -79.810271000061377, 36.103501000317173 ], [ -79.808692999670342, 36.103327999803433 ], [ -79.808655000035515, 36.10474800021386 ], [ -79.819087999609295, 36.105101999988065 ], [ -79.819208999983132, 36.103357999970171 ], [ -79.81831400038071, 36.100079999928873 ], [ -79.819395999580877, 36.099884999940066 ] ] ] } },
{ "type": "Feature", "properties": { "GEOID": "370810104041", "tract": "104.04", "bg": "1", "score": 1.176, "cat": "Very High Vitality", "pop": 979, "pri": 0, "c0": 0.0, "c1": 93.7, "c2": 771800, "c3": 6.0, "c4": 14.6, "c5": 5.7, "c6": 0.0, "c7": 48, "c8": 85.7, "c9": 44 }, "geometry": { "type": "Polygon", "coordinates": [ [ [ -79.801257999796562, 36.105969999887726 ], [ -79.800945999627004, 36.102672999839776 ], [ -79.801169000108089, 36.099544000296575 ], [ -79.793529000194866, 36.099687999798697 ], [ -79.79319899958368, 36.099805000288534 ], [ -79.793047000146004, 36.102903999995952 ], [ -79.78793299992968, 36.10272799986943 ], [ -79.788947000256073, 36.105875000301715 ], [ -79.791062000049223, 36.10948200010948 ], [ -79.793143000405479, 36.108535999798114 ], [ -79.796553999659025, 36.107918000239209 ], [ -79.799471000066461, 36.106416000121257 ], [ -79.801257999796562, 36.105969999887726 ] ] ] } },
{ "type": "Feature", "properties": { "GEOID": "370810105001", "tract": "105", "bg": "1", "score": 0.329, "cat": "Moderate Vitality", "pop": 774, "pri": 0, "c0": 8.0, "c1": 26.7, "c2": 304150, "c3": 2.0, "c4": 16.3, "c5": 7.7, "c6": 0.0, "c7": 142, "c8": 77.8, "c9": 27 }, "geometry": { "type": "Polygon", "coordinates": [ [ [ -79.823743000241322, 36.087188999804098 ], [ -79.814382999646867, 36.080275000164896 ], [ -79.812797999583154, 36.079743999850841 ], [ -79.80926900032884, 36.079244999704201 ], [ -79.80641999969346, 36.080717000009017 ], [ -79.802760000019589, 36.081968000151512 ], [ -79.811148999945331, 36.088125999970956 ], [ -79.814875999566368, 36.088614000285396 ], [ -79.820157000187294, 36.088515000134855 ], [ -79.823743000241322, 36.087188999804098 ] ] ] } },
{ "type": "Feature", "properties": { "GEOID": "370810106011", "tract": "106.01", "bg": "1", "score": 0.131, "cat": "Moderate Vitality", "pop": 1180, "pri": 0, "c0": 0.0, "c1": 54.2, "c2": 291300, "c3": 0.1, "c4": 19.6, "c5": 13.2, "c6": 1.0, "c7": 142, "c8": 73.9, "c9": 38 }, "geometry": { "type": "Polygon", "coordinates": [ [ [ -79.84777199984363, 36.072664999898947 ], [ -79.848013999692952, 36.069150000057391 ], [ -79.830167000161765, 36.068797000133223 ], [ -79.830131000176763, 36.071175999816582 ], [ -79.83174399982957, 36.071253999897372 ], [ -79.831649000293339, 36.074136000146687 ], [ -79.830742000097047, 36.074165999839828 ], [ -79.830681999822573, 36.07454299970297 ], [ -79.844092000078263, 36.07508699966165 ], [ -79.845246000146759, 36.074713000321204 ], [ -79.84777199984363, 36.072664999898947 ] ] ] } },
{ "type": "Feature", "properties": { "GEOID": "370810106012", "tract": "106.01", "bg": "2", "score": -0.017, "cat": "Moderate Vitality", "pop": 1440, "pri": 0, "c0": 2.7, "c1": 77.2, "c2": 303600, "c3": 9.5, "c4": 19.6, "c5": 13.2, "c6": 1.0, "c7": 142, "c8": 73.9, "c9": 38 }, "geometry": { "type": "Polygon", "coordinates": [ [ [ -79.848238999823863, 36.065149999836933 ], [ -79.847631000276635, 36.063945000347395 ], [ -79.843394000119346, 36.060862999951972 ], [ -79.842891000154111, 36.05974399987916 ], [ -79.829958999749309, 36.061182999736062 ], [ -79.830234000108916, 36.061409000033962 ], [ -79.830167000161765, 36.068797000133223 ], [ -79.848013999692952, 36.069150000057391 ], [ -79.848238999823863, 36.065149999836933 ] ] ] } },
{ "type": "Feature", "properties": { "GEOID": "370810107011", "tract": "107.01", "bg": "1", "score": -0.136, "cat": "Moderate Vitality", "pop": 1055, "pri": 0, "c0": 18.4, "c1": 54.0, "c2": 343200, "c3": 2.0, "c4": 20.2, "c5": 13.0, "c6": 0.0, "c7": 250, "c8": 53.0, "c9": 33 }, "geometry": { "type": "Polygon", "coordinates": [ [ [ -79.808153999720105, 36.079759000081161 ], [ -79.807151999987553, 36.078993999930596 ], [ -79.808000999559212, 36.077021000070445 ], [ -79.802373000405282, 36.076630999900246 ], [ -79.802640000368982, 36.073132999802453 ], [ -79.796151000151212, 36.072785000121094 ], [ -79.795879000164632, 36.07982099969616 ], [ -79.797974999691192, 36.080445000008019 ], [ -79.800326000384217, 36.080547999742734 ], [ -79.80296400023407, 36.082006999931764 ], [ -79.808153999720105, 36.079759000081161 ] ] ] } },
{ "type": "Feature", "properties": { "GEOID": "370810160102", "tract": "160.10", "bg": "2", "score": 0.268, "cat": "Moderate Vitality", "pop": 1254, "pri": 0, "c0": 0.0, "c1": 57.4, "c2": 311750, "c3": 4.4, "c4": 20.0, "c5": 14.3, "c6": 0.0, "c7": 18, "c8": 73.2, "c9": 19 }, "geometry": { "type": "Polygon", "coordinates": [ [ [ -79.910134999804626, 36.112178999991166 ], [ -79.907672999681864, 36.109526999732985 ], [ -79.903085999720204, 36.107325999874149 ], [ -79.896968999946424, 36.103397000024657 ], [ -79.892628000032062, 36.102823999789386 ], [ -79.891997999845231, 36.102401999764695 ], [ -79.893955000352918, 36.106168999748235 ], [ -79.894269999997192, 36.107982999691181 ], [ -79.893987000139973, 36.10958799974599 ], [ -79.892082000409133, 36.114091999728153 ], [ -79.891920000027412, 36.116333000260013 ], [ -79.895685000181587, 36.116742999702304 ], [ -79.902420000446654, 36.115458000246818 ], [ -79.908101000202365, 36.116933000045471 ], [ -79.910134999804626, 36.112178999991166 ] ] ] } },
{ "type": "Feature", "properties": { "GEOID": "370810125111", "tract": "125.11", "bg": "1", "score": 1.332, "cat": "Very High Vitality", "pop": 1872, "pri": 0, "c0": 0.0, "c1": 98.6, "c2": 507550, "c3": 1.5, "c4": 16.1, "c5": 4.9, "c6": 0.0, "c7": 23, "c8": 91.3, "c9": 100 }, "geometry": { "type": "Polygon", "coordinates": [ [ [ -79.863573999901874, 36.098630999772361 ], [ -79.866188000360609, 36.096519999876115 ], [ -79.863726000237847, 36.09506099974255 ], [ -79.864394000059534, 36.094287000196118 ], [ -79.863584999772542, 36.093748999700551 ], [ -79.858554000295186, 36.093213999990539 ], [ -79.858656000402419, 36.090792999946828 ], [ -79.853019999954284, 36.090317999854072 ], [ -79.847326999604704, 36.087915999959428 ], [ -79.84094899971501, 36.086371000258147 ], [ -79.840854000178766, 36.091499999941867 ], [ -79.843256999852002, 36.092669999867056 ], [ -79.844421999791152, 36.09353799991878 ], [ -79.844867999854984, 36.094601999876353 ], [ -79.846657999958111, 36.095406000249305 ], [ -79.847037000074792, 36.096945000251679 ], [ -79.848263999938212, 36.099198000333494 ], [ -79.850356000165135, 36.09822500027996 ], [ -79.852982000319443, 36.099661000275042 ], [ -79.855338999961901, 36.101731999675259 ], [ -79.856122000309639, 36.100897000330292 ], [ -79.85812499994978, 36.102214000162483 ], [ -79.86018799986438, 36.099846000319701 ], [ -79.863573999901874, 36.098630999772361 ] ] ] } },
{ "type": "Feature", "properties": { "GEOID": "370810125112", "tract": "125.11", "bg": "2", "score": 1.306, "cat": "Very High Vitality", "pop": 1498, "pri": 0, "c0": 0.0, "c1": 97.9, "c2": 467600, "c3": 1.2, "c4": 16.1, "c5": 4.9, "c6": 0.0, "c7": 23, "c8": 91.3, "c9": 100 }, "geometry": { "type": "Polygon", "coordinates": [ [ [ -79.868766999760936, 36.108403000045286 ], [ -79.871291999632916, 36.102625000165077 ], [ -79.867438999615175, 36.102603000274172 ], [ -79.867451000209059, 36.100071999842072 ], [ -79.868822000012528, 36.098108000340829 ], [ -79.866554000058514, 36.096108999876542 ], [ -79.865507000120147, 36.097492999992234 ], [ -79.864506000212529, 36.098118000336243 ], [ -79.86018799986438, 36.099846000319701 ], [ -79.858638999785668, 36.101480999845371 ], [ -79.856828999591073, 36.104320999671764 ], [ -79.852727999876237, 36.106641000231662 ], [ -79.85546399963539, 36.107251999696246 ], [ -79.856523000167641, 36.108020000170285 ], [ -79.858554000295186, 36.108644000152012 ], [ -79.86052099995031, 36.108655999698307 ], [ -79.862282999566048, 36.108131000051472 ], [ -79.868766999760936, 36.108403000045286 ] ] ] } },
{ "type": "Feature", "properties": { "GEOID": "370810125113", "tract": "125.11", "bg": "3", "score": 1.314, "cat": "Very High Vitality", "pop": 942, "pri": 0, "c0": 0.0, "c1": 95.9, "c2": 452800, "c3": 0.0, "c4": 16.1, "c5": 4.9, "c6": 0.0, "c7": 23, "c8": 91.3, "c9": 100 }, "geometry": { "type": "Polygon", "coordinates": [ [ [ -79.856647000016196, 36.104481999994086 ], [ -79.85812499994978, 36.102214000162483 ], [ -79.856122000309639, 36.100897000330292 ], [ -79.855338999961901, 36.101731999675259 ], [ -79.852982000319443, 36.099661000275042 ], [ -79.850356000165135, 36.09822500027996 ], [ -79.848263999938212, 36.099198000333494 ], [ -79.847037000074792, 36.096945000251679 ], [ -79.846657999958111, 36.095406000249305 ], [ -79.844867999854984, 36.094601999876353 ], [ -79.844421999791152, 36.09353799991878 ], [ -79.843256999852002, 36.092669999867056 ], [ -79.840854000178766, 36.091499999941867 ], [ -79.840609999781293, 36.100162999874037 ], [ -79.842857999643826, 36.101321000081832 ], [ -79.845919999816232, 36.104522000352048 ], [ -79.84933199979298, 36.105906999732014 ], [ -79.852727999876237, 36.106641000231662 ], [ -79.856647000016196, 36.104481999994086 ] ] ] } },
{ "type": "Feature", "properties": { "GEOID": "370810126044", "tract": "126.04", "bg": "4", "score": -1.414, "cat": "Very Low Vitality", "pop": 480, "pri": 0, "c0": 75.5, "c1": 0.0, "c2": 153200, "c3": 16.2, "c4": 30.3, "c5": 7.8, "c6": 1.0, "c7": 192, "c8": 57.4, "c9": 52 }, "geometry": { "type": "Polygon", "coordinates": [ [ [ -79.81363500035755, 36.032878000018023 ], [ -79.81097300021824, 36.03209300016416 ], [ -79.808964999656908, 36.031994999673834 ], [ -79.791410000203754, 36.035935999837513 ], [ -79.791580000083073, 36.043994999798628 ], [ -79.800418000445717, 36.044893999757093 ], [ -79.799615000006511, 36.046391000162117 ], [ -79.806325999982135, 36.046615999939824 ], [ -79.805991000246394, 36.045472000287468 ], [ -79.803837000095172, 36.043202999748175 ], [ -79.803215000304249, 36.04153800013448 ], [ -79.803288999924092, 36.039159000006741 ], [ -79.801955999755464, 36.03697800030578 ], [ -79.80471699962898, 36.035534000327289 ], [ -79.811091000219022, 36.034806999825889 ], [ -79.812255000333252, 36.033366999801707 ], [ -79.81363500035755, 36.032878000018023 ] ] ] } },
{ "type": "Feature", "properties": { "GEOID": "370810126172", "tract": "126.17", "bg": "2", "score": -0.655, "cat": "Low Vitality", "pop": 1071, "pri": 0, "c0": 2.2, "c1": 61.7, "c2": 190700, "c3": 18.8, "c4": 28.5, "c5": 10.9, "c6": 1.0, "c7": 171, "c8": 64.2, "c9": 20 }, "geometry": { "type": "Polygon", "coordinates": [ [ [ -79.870056000446965, 36.03275499971938 ], [ -79.8707340003144, 36.031504999751952 ], [ -79.868288000085144, 36.030662999776752 ], [ -79.867633999608842, 36.032345000242458 ], [ -79.865155999592545, 36.034862000109456 ], [ -79.861551000170238, 36.037023000026579 ], [ -79.861546999972276, 36.038745000194915 ], [ -79.862670000078637, 36.042947000229184 ], [ -79.862520000290829, 36.04409100025385 ], [ -79.859665999632568, 36.04667499982029 ], [ -79.856590999939684, 36.048221000133445 ], [ -79.860028999855729, 36.048886000285094 ], [ -79.864071999844256, 36.048818000272924 ], [ -79.865827999612193, 36.045687999818746 ], [ -79.866718000090046, 36.040163000020648 ], [ -79.869779000437532, 36.035853999937771 ], [ -79.870231000349136, 36.033925000347431 ], [ -79.870056000446965, 36.03275499971938 ] ] ] } },
{ "type": "Feature", "properties": { "GEOID": "370810125102", "tract": "125.10", "bg": "2", "score": 1.05, "cat": "High Vitality", "pop": 1850, "pri": 0, "c0": 2.5, "c1": 85.8, "c2": 421600, "c3": 0.6, "c4": 16.6, "c5": 7.1, "c6": 0.0, "c7": 42, "c8": 88.6, "c9": 78 }, "geometry": { "type": "Polygon", "coordinates": [ [ [ -79.872372000081555, 36.117481999660384 ], [ -79.871806000367116, 36.116478000174688 ], [ -79.866440000255693, 36.118178000122093 ], [ -79.859925999923576, 36.118243999751805 ], [ -79.857329000081577, 36.117149000006947 ], [ -79.8537120000654, 36.114333999806192 ], [ -79.850820999597232, 36.113290999782386 ], [ -79.849957999781878, 36.115394999718646 ], [ -79.847541999689852, 36.116361999828996 ], [ -79.84419500001043, 36.118920000219489 ], [ -79.842926000314208, 36.120644999983853 ], [ -79.854132000189978, 36.129985000355809 ], [ -79.857867000206923, 36.128893999690916 ], [ -79.868786000027512, 36.119319999743453 ], [ -79.872372000081555, 36.117481999660384 ] ] ] } },
{ "type": "Feature", "properties": { "GEOID": "370810163032", "tract": "163.03", "bg": "2", "score": 0.554, "cat": "High Vitality", "pop": 1226, "pri": 0, "c0": 2.8, "c1": 72.1, "c2": 292150, "c3": 0.6, "c4": 20.7, "c5": 10.3, "c6": 0.0, "c7": 36, "c8": 82.9, "c9": 31 }, "geometry": { "type": "Polygon", "coordinates": [ [ [ -80.042791000068092, 36.017294000204963 ], [ -80.037995999693962, 36.014458000328013 ], [ -80.033429999648718, 36.008874000219187 ], [ -80.031975000179656, 36.007824000072539 ], [ -80.030108000083644, 36.007169999694327 ], [ -80.026522999854521, 36.007122999793779 ], [ -80.020739000166671, 36.008798999790081 ], [ -80.016480000268075, 36.009517000020224 ], [ -80.010089999784498, 36.009532999720143 ], [ -80.017069000447037, 36.021073999785678 ], [ -80.022909000211371, 36.020796000013071 ], [ -80.027495000348125, 36.018254999951026 ], [ -80.042437999890666, 36.01831499978698 ], [ -80.042791000068092, 36.017294000204963 ] ] ] } },
{ "type": "Feature", "properties": { "GEOID": "370810163041", "tract": "163.04", "bg": "1", "score": 0.613, "cat": "High Vitality", "pop": 1660, "pri": 0, "c0": 6.5, "c1": 93.0, "c2": 396100, "c3": 2.5, "c4": 19.4, "c5": 14.8, "c6": 0.0, "c7": 34, "c8": 86.4, "c9": 39 }, "geometry": { "type": "Polygon", "coordinates": [ [ [ -80.01285300020615, 36.024035000331487 ], [ -80.017069000447037, 36.021073999785678 ], [ -80.010089999784498, 36.009532999720143 ], [ -80.004666999771658, 36.008531999979681 ], [ -79.997615000212505, 36.005954000055077 ], [ -79.994496999963602, 36.00428199972373 ], [ -79.991701999754909, 36.002119000044708 ], [ -79.990164000445176, 36.004419000241256 ], [ -79.984999000175208, 36.009874999977065 ], [ -79.985661999974013, 36.011238999772907 ], [ -79.986860000423448, 36.012036000071113 ], [ -79.987360000015642, 36.014336000165379 ], [ -79.989160000164503, 36.016235999695141 ], [ -79.990259999806341, 36.016736000295488 ], [ -79.993316000130946, 36.016416999847159 ], [ -79.992982000220096, 36.023414000068065 ], [ -79.994819000178893, 36.028422000096995 ], [ -79.994397000404504, 36.029344000269838 ], [ -79.995806999667735, 36.030214000298585 ], [ -79.998512000363064, 36.034332999713016 ], [ -79.99978899955687, 36.035340999938207 ], [ -79.999771000013524, 36.037859000204577 ], [ -80.000411000246118, 36.039446000313092 ], [ -80.001407000130868, 36.039118999807592 ], [ -80.001315000069368, 36.038531999796447 ], [ -80.002076999602366, 36.037005000286634 ], [ -80.002915000201696, 36.03153699966493 ], [ -80.000905999815444, 36.027405999745575 ], [ -80.002458000267197, 36.026620999848483 ], [ -80.00541699960911, 36.027631000009087 ], [ -80.008314999749985, 36.027446999744605 ], [ -80.009703999995111, 36.025608999717683 ], [ -80.01285300020615, 36.024035000331487 ] ] ] } },
{ "type": "Feature", "properties": { "GEOID": "370810167021", "tract": "167.02", "bg": "1", "score": 0.579, "cat": "High Vitality", "pop": 1545, "pri": 0, "c0": 2.5, "c1": 74.0, "c2": 247600, "c3": 3.4, "c4": 22.4, "c5": 3.4, "c6": 0.0, "c7": 34, "c8": 72.3, "c9": 57 }, "geometry": { "type": "Polygon", "coordinates": [ [ [ -79.869800000353919, 35.968793000315017 ], [ -79.867348000276891, 35.967481999959915 ], [ -79.862193000052656, 35.959755999904623 ], [ -79.861070999771215, 35.958832000006332 ], [ -79.854557000337422, 35.957319999859386 ], [ -79.85051299962565, 35.954768000220874 ], [ -79.84472999976272, 35.953501999848832 ], [ -79.839170000380861, 35.951447000012493 ], [ -79.827657000358414, 35.945981999721894 ], [ -79.826499999916877, 35.945765999685506 ], [ -79.822627999632573, 35.93859199970673 ], [ -79.814145999820397, 35.931469000027199 ], [ -79.81302299971405, 35.929566999845271 ], [ -79.81283199991833, 35.931353999905788 ], [ -79.811123000006077, 35.936968000141384 ], [ -79.813072999942761, 35.952790000298343 ], [ -79.80890799975549, 35.965860000335006 ], [ -79.823149000039493, 35.966745000016694 ], [ -79.829522999731225, 35.96508899964266 ], [ -79.83133499957566, 35.971218000013408 ], [ -79.831493999584296, 35.973935000073801 ], [ -79.833738999972098, 35.978900000321197 ], [ -79.832454000382356, 35.982177000153264 ], [ -79.836777999679981, 35.979009000092795 ], [ -79.841675000161331, 35.978465000013813 ], [ -79.852799000021335, 35.974239000110025 ], [ -79.855871000239475, 35.973698999793292 ], [ -79.85924399985818, 35.971342999665467 ], [ -79.862384999673296, 35.969791999774827 ], [ -79.869800000353919, 35.968793000315017 ] ] ] } },
{ "type": "Feature", "properties": { "GEOID": "370810125042", "tract": "125.04", "bg": "2", "score": 0.193, "cat": "Moderate Vitality", "pop": 2222, "pri": 0, "c0": 1.1, "c1": 29.0, "c2": 769350, "c3": 6.5, "c4": 24.5, "c5": 8.5, "c6": 1.0, "c7": 124, "c8": 67.1, "c9": 32 }, "geometry": { "type": "Polygon", "coordinates": [ [ [ -79.870679000062808, 36.074068999967906 ], [ -79.868582999637923, 36.069739000184853 ], [ -79.865871000168198, 36.070422999974447 ], [ -79.860120000092337, 36.070146999832474 ], [ -79.855468999658243, 36.068931999838753 ], [ -79.851629000059319, 36.069682999726311 ], [ -79.84777199984363, 36.072664999898947 ], [ -79.847546999712733, 36.076507999713449 ], [ -79.850033999949858, 36.076490000289809 ], [ -79.852646999685362, 36.074885000145571 ], [ -79.856139999852985, 36.07624099997409 ], [ -79.859749000371565, 36.076860000119161 ], [ -79.860264000032373, 36.077909999927016 ], [ -79.861428000146603, 36.078150999900195 ], [ -79.863397000349877, 36.076243000239273 ], [ -79.865552000325991, 36.075457000283642 ], [ -79.866211999751755, 36.07395600029556 ], [ -79.870679000062808, 36.074068999967906 ] ] ] } },
{ "type": "Feature", "properties": { "GEOID": "370810125101", "tract": "125.10", "bg": "1", "score": 1.189, "cat": "Very High Vitality", "pop": 1692, "pri": 0, "c0": 0.0, "c1": 98.9, "c2": 498000, "c3": 0.0, "c4": 16.6, "c5": 7.1, "c6": 0.0, "c7": 42, "c8": 88.6, "c9": 78 }, "geometry": { "type": "Polygon", "coordinates": [ [ [ -79.871806000367116, 36.116478000174688 ], [ -79.871147999692852, 36.115326999875144 ], [ -79.868980000196288, 36.113343000290492 ], [ -79.868443999720753, 36.109672999946838 ], [ -79.868766999760936, 36.108403000045286 ], [ -79.862282999566048, 36.108131000051472 ], [ -79.86052099995031, 36.108655999698307 ], [ -79.858554000295186, 36.108644000152012 ], [ -79.856523000167641, 36.108020000170285 ], [ -79.85546399963539, 36.107251999696246 ], [ -79.852727999876237, 36.106641000231662 ], [ -79.851967000168102, 36.10759899984901 ], [ -79.850820999597232, 36.113290999782386 ], [ -79.854127999992002, 36.114565999786628 ], [ -79.858294999829099, 36.117693999691213 ], [ -79.860399999576487, 36.118329000017795 ], [ -79.865189000102816, 36.118334999777005 ], [ -79.869000000287755, 36.11762099981712 ], [ -79.871806000367116, 36.116478000174688 ] ] ] } },
{ "type": "Feature", "properties": { "GEOID": "370810127071", "tract": "127.07", "bg": "1", "score": -1.191, "cat": "Very Low Vitality", "pop": 1400, "pri": 0, "c0": 11.9, "c1": 31.7, "c2": 131850, "c3": 20.6, "c4": 32.7, "c5": 10.0, "c6": 1.0, "c7": 340, "c8": 54.1, "c9": 31 }, "geometry": { "type": "Polygon", "coordinates": [ [ [ -79.756609000195638, 36.087508000303693 ], [ -79.756819000257934, 36.085102999782983 ], [ -79.75032900021526, 36.085074000289737 ], [ -79.750243000001532, 36.081285000286719 ], [ -79.749677000287079, 36.079990000072982 ], [ -79.745031999700799, 36.082362999898479 ], [ -79.742854999983393, 36.083940000353984 ], [ -79.739465999572843, 36.084167000276743 ], [ -79.731557000046124, 36.085896000303755 ], [ -79.727467000201912, 36.085818000226404 ], [ -79.725407999586963, 36.086428999728895 ], [ -79.724974000117001, 36.087164999959903 ], [ -79.724994000208497, 36.087450999804176 ], [ -79.733122000018341, 36.087814999684987 ], [ -79.755302999791198, 36.087673000179322 ], [ -79.756609000195638, 36.087508000303693 ] ] ] } },
{ "type": "Feature", "properties": { "GEOID": "370810136011", "tract": "136.01", "bg": "1", "score": -0.542, "cat": "Low Vitality", "pop": 1669, "pri": 0, "c0": 4.5, "c1": 49.5, "c2": 140950, "c3": 7.1, "c4": 25.0, "c5": 10.3, "c6": 1.0, "c7": 106, "c8": 48.5, "c9": 5 }, "geometry": { "type": "Polygon", "coordinates": [ [ [ -79.998616999945028, 35.978427999666465 ], [ -79.997309999715668, 35.975248999657936 ], [ -79.996856000154224, 35.972651999894687 ], [ -79.995242999603107, 35.970335000352641 ], [ -79.995174000006131, 35.968597999998252 ], [ -79.992962000128614, 35.969082000293795 ], [ -79.991160000329927, 35.971972000058159 ], [ -79.985861999990576, 35.975693000209645 ], [ -79.981217000302593, 35.977701000168032 ], [ -79.97996299977666, 35.979737999709869 ], [ -79.980181000234879, 35.980435999828408 ], [ -79.984031999704456, 35.979592999959522 ], [ -79.988110999678014, 35.980151999841894 ], [ -79.992624000019816, 35.979313999760691 ], [ -79.995914999622755, 35.979250999954473 ], [ -79.998616999945028, 35.978427999666465 ] ] ] } },
{ "type": "Feature", "properties": { "GEOID": "370810136021", "tract": "136.02", "bg": "1", "score": -0.496, "cat": "Low Vitality", "pop": 694, "pri": 0, "c0": 0.0, "c1": 68.8, "c2": 141300, "c3": 9.2, "c4": 27.6, "c5": 15.0, "c6": 1.0, "c7": 232, "c8": 61.0, "c9": 50 }, "geometry": { "type": "Polygon", "coordinates": [ [ [ -80.008200999947164, 35.984141000270611 ], [ -80.008002999580441, 35.976968999726921 ], [ -80.007103999780085, 35.977112000060664 ], [ -80.007205999887333, 35.976315000109381 ], [ -80.004839000199127, 35.973620999773424 ], [ -80.004598000174695, 35.972398000185621 ], [ -80.001705999881608, 35.973134000077998 ], [ -80.001582999857959, 35.977408000019786 ], [ -79.996061000110942, 35.97921399997562 ], [ -79.996799000252821, 35.981073000284013 ], [ -79.997724999817365, 35.98216399997672 ], [ -80.00277100026166, 35.984176999908335 ], [ -80.00497599956816, 35.986398000047281 ], [ -80.006778000265157, 35.984800000022574 ], [ -80.008200999947164, 35.984141000270611 ] ] ] } },
{ "type": "Feature", "properties": { "GEOID": "370810136023", "tract": "136.02", "bg": "3", "score": -0.527, "cat": "Low Vitality", "pop": 1106, "pri": 0, "c0": 0.0, "c1": 60.6, "c2": 152800, "c3": 9.7, "c4": 27.6, "c5": 15.0, "c6": 1.0, "c7": 232, "c8": 61.0, "c9": 50 }, "geometry": { "type": "Polygon", "coordinates": [ [ [ -80.013859000136634, 35.977704999889617 ], [ -80.019528000196757, 35.976685000349711 ], [ -80.01455799992047, 35.968138999845962 ], [ -80.012490999807909, 35.965639000066965 ], [ -80.008087000144343, 35.967986999861587 ], [ -80.011237000180287, 35.973252000060548 ], [ -80.009194000357184, 35.974112000002911 ], [ -80.007205999887333, 35.976315000109381 ], [ -80.007103999780085, 35.977112000060664 ], [ -80.008002999580441, 35.976968999726921 ], [ -80.008035000265821, 35.978440999731539 ], [ -80.009309999809815, 35.978488000004887 ], [ -80.009437000031426, 35.977531000182225 ], [ -80.013859000136634, 35.977704999889617 ] ] ] } },
{ "type": "Feature", "properties": { "GEOID": "370810136024", "tract": "136.02", "bg": "4", "score": -0.77, "cat": "Low Vitality", "pop": 873, "pri": 0, "c0": 22.9, "c1": 36.6, "c2": 136300, "c3": 7.5, "c4": 27.6, "c5": 15.0, "c6": 1.0, "c7": 232, "c8": 61.0, "c9": 50 }, "geometry": { "type": "Polygon", "coordinates": [ [ [ -80.023017999991325, 35.982696000141409 ], [ -80.019528000196757, 35.976685000349711 ], [ -80.014196000420526, 35.977679999809055 ], [ -80.009437000031426, 35.977531000182225 ], [ -80.009309999809815, 35.978488000004887 ], [ -80.008035000265821, 35.978440999731539 ], [ -80.008200999947164, 35.984141000270611 ], [ -80.013778999770693, 35.983934999887481 ], [ -80.023017999991325, 35.982696000141409 ] ] ] } },
{ "type": "Feature", "properties": { "GEOID": "370810137001", "tract": "137", "bg": "1", "score": 0.458, "cat": "High Vitality", "pop": 687, "pri": 0, "c0": 0.0, "c1": 55.8, "c2": 359800, "c3": 6.6, "c4": 19.1, "c5": 11.0, "c6": 0.0, "c7": 132, "c8": 70.6, "c9": 96 }, "geometry": { "type": "Polygon", "coordinates": [ [ [ -80.027929999642993, 35.972225999683886 ], [ -80.0287599998464, 35.969765999701657 ], [ -80.02798200041984, 35.9695699999371 ], [ -80.026836999673876, 35.969974000047202 ], [ -80.026086999836423, 35.969567000200328 ], [ -80.026446999686527, 35.968593999815255 ], [ -80.027471000058682, 35.968243999736053 ], [ -80.027849000350457, 35.967190999813759 ], [ -80.027224000186479, 35.966828000264272 ], [ -80.025855000032834, 35.967188999686634 ], [ -80.026065000095102, 35.964469999923878 ], [ -80.024008000028289, 35.96552100033837 ], [ -80.015271999772892, 35.965079000194393 ], [ -80.012490999807909, 35.965639000066965 ], [ -80.01455799992047, 35.968138999845962 ], [ -80.016666000040914, 35.971737999736966 ], [ -80.017609000222194, 35.971298999897733 ], [ -80.018666000206323, 35.971863999660599 ], [ -80.027929999642993, 35.972225999683886 ] ] ] } },
{ "type": "Feature", "properties": { "GEOID": "370810137002", "tract": "137", "bg": "2", "score": 0.393, "cat": "High Vitality", "pop": 847, "pri": 0, "c0": 0.0, "c1": 75.4, "c2": 212100, "c3": 7.6, "c4": 19.1, "c5": 11.0, "c6": 0.0, "c7": 132, "c8": 70.6, "c9": 96 }, "geometry": { "type": "Polygon", "coordinates": [ [ [ -80.033766999932595, 35.974693999818037 ], [ -80.033622999992559, 35.969046999990425 ], [ -80.030462999910881, 35.969295000081488 ], [ -80.03001500019721, 35.970278999730731 ], [ -80.0287599998464, 35.969765999701657 ], [ -80.027929999642993, 35.972225999683886 ], [ -80.018666000206323, 35.971863999660599 ], [ -80.017609000222194, 35.971298999897733 ], [ -80.016666000040914, 35.971737999736966 ], [ -80.019528000196757, 35.976685000349711 ], [ -80.0214599996918, 35.975830999813439 ], [ -80.023079999915609, 35.975773999864117 ], [ -80.0232120001601, 35.974875000091146 ], [ -80.027117999881256, 35.974151000143422 ], [ -80.032980000285235, 35.976414999932764 ], [ -80.033766999932595, 35.974693999818037 ] ] ] } },
{ "type": "Feature", "properties": { "GEOID": "370810137004", "tract": "137", "bg": "4", "score": 0.72, "cat": "High Vitality", "pop": 495, "pri": 0, "c0": 0.0, "c1": 100.0, "c2": 408450, "c3": 3.6, "c4": 19.1, "c5": 11.0, "c6": 0.0, "c7": 132, "c8": 70.6, "c9": 96 }, "geometry": { "type": "Polygon", "coordinates": [ [ [ -80.033622999992559, 35.969046999990425 ], [ -80.033479999877443, 35.959212000212439 ], [ -80.032356999771082, 35.955207000346817 ], [ -80.028798000379524, 35.955370000009296 ], [ -80.026640000030369, 35.956241000258409 ], [ -80.024838000231682, 35.956228000173354 ], [ -80.025619000031284, 35.958921999933374 ], [ -80.025342999846757, 35.963931999886853 ], [ -80.019291000370302, 35.963759999845081 ], [ -80.019236999943615, 35.965288000251675 ], [ -80.024008000028289, 35.96552100033837 ], [ -80.026141000263095, 35.964508999738115 ], [ -80.025855000032834, 35.967188999686634 ], [ -80.027224000186479, 35.966828000264272 ], [ -80.027849000350457, 35.967190999813759 ], [ -80.027364999753459, 35.968372000244088 ], [ -80.026446999686527, 35.968593999815255 ], [ -80.026086999836423, 35.969567000200328 ], [ -80.026628000334824, 35.969950000091224 ], [ -80.028103999720273, 35.969565000133372 ], [ -80.03001500019721, 35.970278999730731 ], [ -80.030462999910881, 35.969295000081488 ], [ -80.033622999992559, 35.969046999990425 ] ] ] } },
{ "type": "Feature", "properties": { "GEOID": "370810103001", "tract": "103", "bg": "1", "score": -0.437, "cat": "Low Vitality", "pop": 1857, "pri": 0, "c0": 5.0, "c1": 59.4, "c2": 183050, "c3": 6.3, "c4": 29.5, "c5": 10.1, "c6": 1.0, "c7": 291, "c8": 63.4, "c9": 46 }, "geometry": { "type": "Polygon", "coordinates": [ [ [ -79.776936000291286, 36.096048999802797 ], [ -79.777338999799099, 36.090920000073645 ], [ -79.773722999607827, 36.09073199985869 ], [ -79.772935999960467, 36.090278999841189 ], [ -79.765044000152159, 36.100033999781573 ], [ -79.764624000027595, 36.099868999725935 ], [ -79.761972999758939, 36.104657999820127 ], [ -79.764220999621458, 36.105230999742901 ], [ -79.766611999599135, 36.103962000018946 ], [ -79.767816999721234, 36.104781000235647 ], [ -79.768330999557136, 36.104699000221949 ], [ -79.7693209995941, 36.103259999673391 ], [ -79.772361999850105, 36.102343000304742 ], [ -79.773871999570744, 36.100722999705006 ], [ -79.775126999921568, 36.099999999750025 ], [ -79.775013999943667, 36.099027999671733 ], [ -79.775603999947549, 36.097859999757269 ], [ -79.777251999760452, 36.096927999932362 ], [ -79.776936000291286, 36.096048999802797 ] ] ] } }
]
}
